datetime,temperature,rain,wind,humidity,pressure
2025-09-29 00:00:00,7.6,0.0,7.4,91,1024.1
2025-09-29 01:00:00,7.1,0.0,9.3,91,1024.4
2025-09-29 02:00:00,6.7,0.0,9.3,93,1024.4
2025-09-29 03:00:00,6.4,0.0,9.3,93,1024.5
2025-09-29 04:00:00,6.1,0.0,9.3,92,1024.5
2025-09-29 05:00:00,5.9,0.0,7.4,94,1024.4
2025-09-29 06:00:00,5.5,0.0,7.4,94,1024.4
2025-09-29 07:00:00,5.4,0.0,7.4,95,1024.7
2025-09-29 08:00:00,6.1,0.0,5.5,94,1024.8
2025-09-29 09:00:00,7.4,0.0,5.5,92,1024.9
2025-09-29 10:00:00,9.2,0.0,5.5,88,1024.9
2025-09-29 11:00:00,11.8,0.0,7.4,78,1025.0
2025-09-29 12:00:00,13.2,0.0,7.4,73,1024.8
2025-09-29 13:00:00,13.9,0.0,7.4,69,1024.6
2025-09-29 14:00:00,14.4,0.0,7.4,67,1024.4
2025-09-29 15:00:00,14.4,0.0,9.3,67,1024.1
2025-09-29 16:00:00,14.3,0.0,7.4,67,1023.8
2025-09-29 17:00:00,14.2,0.0,5.5,67,1023.6
2025-09-29 18:00:00,13.4,0.0,5.5,71,1023.7
2025-09-29 19:00:00,12.5,0.0,5.5,76,1023.8
2025-09-29 20:00:00,11.8,0.0,5.5,80,1023.9
2025-09-29 21:00:00,11.6,0.0,5.5,80,1023.9
2025-09-29 22:00:00,10.9,0.0,7.4,84,1023.9
2025-09-29 23:00:00,10.2,0.0,7.4,87,1023.9
2025-09-30 00:00:00,9.7,0.0,7.4,89,1023.8
2025-09-30 01:00:00,9.4,0.0,7.4,89,1023.7
2025-09-30 02:00:00,9.4,0.0,7.4,88,1023.6
2025-09-30 03:00:00,9.4,0.0,7.4,87,1023.2
2025-09-30 04:00:00,9.4,0.0,7.4,87,1022.9
2025-09-30 05:00:00,9.3,0.0,7.4,87,1022.9
2025-09-30 06:00:00,9.4,0.0,5.5,87,1023.0
2025-09-30 07:00:00,9.5,0.0,5.5,89,1023.1
2025-09-30 08:00:00,10.0,0.0,5.5,90,1023.4
2025-09-30 09:00:00,11.0,0.0,5.5,89,1023.6
2025-09-30 10:00:00,12.4,0.0,7.4,85,1023.8
2025-09-30 11:00:00,13.9,0.0,9.3,81,1024.2
2025-09-30 12:00:00,14.9,0.0,11.1,77,1024.0
2025-09-30 13:00:00,15.6,0.0,11.1,74,1024.0
2025-09-30 14:00:00,16.1,0.0,13.0,71,1024.2
2025-09-30 15:00:00,16.3,0.0,13.0,70,1024.1
2025-09-30 16:00:00,16.4,0.0,13.0,71,1024.0
2025-09-30 17:00:00,16.3,0.0,13.0,70,1023.9
2025-09-30 18:00:00,15.4,0.0,11.1,74,1024.1
2025-09-30 19:00:00,14.4,0.0,9.3,78,1024.1
2025-09-30 20:00:00,14.1,0.0,7.4,80,1024.3
2025-09-30 21:00:00,14.0,0.0,7.4,79,1024.5
2025-09-30 22:00:00,13.7,0.0,7.4,81,1024.4
2025-09-30 23:00:00,13.1,0.0,7.4,82,1024.1
2025-10-01 00:00:00,13.0,0.0,7.4,82,1023.9
2025-10-01 01:00:00,13.0,0.0,9.3,82,1023.6
2025-10-01 02:00:00,12.9,0.0,9.3,84,1023.4
2025-10-01 03:00:00,13.0,0.0,9.3,84,1023.0
2025-10-01 04:00:00,13.0,0.7,9.3,84,1022.6
2025-10-01 05:00:00,13.2,0.3,11.1,85,1022.0
2025-10-01 06:00:00,13.2,0.3,9.3,87,1022.0
2025-10-01 07:00:00,13.4,0.4,11.1,88,1021.9
2025-10-01 08:00:00,13.6,0.7,11.1,90,1022.2
2025-10-01 09:00:00,13.5,0.7,11.1,92,1022.3
2025-10-01 10:00:00,13.6,0.7,13.0,94,1022.3
2025-10-01 11:00:00,13.7,0.7,13.0,96,1022.3
2025-10-01 12:00:00,13.9,0.7,13.0,96,1022.3
2025-10-01 13:00:00,14.3,0.7,14.8,94,1022.3
2025-10-01 14:00:00,14.6,0.4,16.7,93,1022.2
2025-10-01 15:00:00,15.0,0.4,16.7,91,1022.0
2025-10-01 16:00:00,15.5,0.4,16.7,89,1021.8
2025-10-01 17:00:00,15.3,0.4,18.5,88,1021.7
2025-10-01 18:00:00,15.1,0.4,16.7,89,1021.7
2025-10-01 19:00:00,14.5,0.3,14.8,92,1021.8
2025-10-01 20:00:00,14.5,0.7,13.0,91,1021.8
2025-10-01 21:00:00,14.5,0.0,13.0,91,1021.7
2025-10-01 22:00:00,14.5,0.0,13.0,90,1021.4
2025-10-01 23:00:00,14.7,0.0,13.0,88,1021.2
2025-10-02 00:00:00,14.5,0.0,11.1,88,1021.1
2025-10-02 01:00:00,14.4,0.0,11.1,87,1021.0
2025-10-02 02:00:00,14.4,0.0,11.1,85,1020.9
2025-10-02 03:00:00,14.3,0.0,11.1,84,1020.6
2025-10-02 04:00:00,14.2,0.0,11.1,84,1020.3
2025-10-02 05:00:00,14.1,0.0,13.0,85,1020.1
2025-10-02 06:00:00,14.0,0.0,11.1,84,1019.9
2025-10-02 07:00:00,13.9,0.0,11.1,84,1019.6
2025-10-02 08:00:00,14.0,0.0,11.1,84,1019.4
2025-10-02 09:00:00,14.1,0.0,11.1,86,1019.2
2025-10-02 10:00:00,14.5,0.0,11.1,85,1019.0
2025-10-02 11:00:00,15.0,0.0,13.0,86,1018.4
2025-10-02 12:00:00,15.6,0.0,14.8,83,1017.4
2025-10-02 13:00:00,16.0,0.0,16.7,80,1016.7
2025-10-02 14:00:00,16.5,0.0,18.5,78,1016.0
2025-10-02 15:00:00,16.8,0.0,18.5,76,1015.1
2025-10-02 16:00:00,17.0,0.0,18.5,74,1014.1
2025-10-02 17:00:00,16.8,0.0,18.5,74,1013.1
2025-10-02 18:00:00,16.5,0.0,18.5,74,1012.2
2025-10-02 19:00:00,15.0,0.0,18.5,81,1011.1
2025-10-02 20:00:00,15.0,0.3,16.7,79,1010.1
2025-10-02 21:00:00,14.9,0.6,18.5,79,1009.0
2025-10-02 22:00:00,14.9,0.9,18.5,79,1008.0
2025-10-02 23:00:00,14.4,0.7,20.4,84,1007.0
2025-10-03 00:00:00,14.6,0.8,22.2,84,1006.0
2025-10-03 01:00:00,14.6,0.8,24.1,86,1005.1
2025-10-03 02:00:00,14.6,0.4,25.9,86,1004.7
2025-10-03 03:00:00,14.8,0.3,24.1,86,1004.2
2025-10-03 04:00:00,14.8,0.3,22.2,86,1003.8
2025-10-03 05:00:00,14.5,0.5,20.4,84,1003.4
2025-10-03 06:00:00,14.6,0.0,18.5,83,1003.4
2025-10-03 07:00:00,14.5,0.0,16.7,82,1003.3
2025-10-03 08:00:00,14.6,0.0,13.0,83,1003.1
2025-10-03 09:00:00,14.8,0.0,14.8,83,1002.9
2025-10-03 10:00:00,15.3,0.0,14.8,80,1002.8
2025-10-03 11:00:00,15.3,0.1,14.8,81,1002.2
2025-10-03 12:00:00,15.3,0.1,16.7,80,1000.6
2025-10-03 13:00:00,14.8,0.2,20.4,84,999.2
2025-10-03 14:00:00,14.3,1.2,24.1,89,995.9
2025-10-03 15:00:00,14.4,1.4,27.8,91,992.3
2025-10-03 16:00:00,14.9,1.5,31.5,90,988.9
2025-10-03 17:00:00,15.8,1.4,35.2,89,986.2
2025-10-03 18:00:00,17.1,1.4,38.9,84,983.8
2025-10-03 19:00:00,16.8,1.3,40.8,81,981.6
2025-10-03 20:00:00,16.7,0.7,44.5,76,981.5
2025-10-03 21:00:00,16.3,0.6,46.3,71,982.0
2025-10-03 22:00:00,15.4,0.4,46.3,67,982.7
2025-10-03 23:00:00,14.6,0.3,46.3,67,981.9
2025-10-04 00:00:00,14.2,0.4,44.5,65,982.5
2025-10-04 01:00:00,13.8,0.4,42.6,64,983.1
2025-10-04 02:00:00,13.4,0.0,40.8,65,982.9
2025-10-04 03:00:00,13.1,0.0,40.8,66,982.5
2025-10-04 04:00:00,12.9,0.0,40.8,65,982.2
2025-10-04 05:00:00,12.6,0.0,37.0,64,982.1
2025-10-04 06:00:00,12.7,0.0,37.0,64,981.7
2025-10-04 07:00:00,12.8,0.0,35.2,65,981.3
2025-10-04 08:00:00,12.7,0.8,33.3,67,981.5
2025-10-04 09:00:00,12.6,0.0,31.5,69,982.4
2025-10-04 10:00:00,12.3,0.0,29.6,71,983.4
2025-10-04 11:00:00,12.6,0.0,27.8,71,984.0
2025-10-04 12:00:00,12.9,0.0,31.5,69,985.2
2025-10-04 13:00:00,13.0,0.0,31.5,67,986.4
2025-10-04 14:00:00,13.1,0.0,33.3,66,987.7
2025-10-04 15:00:00,13.0,0.0,33.3,66,988.8
2025-10-04 16:00:00,13.1,0.0,33.3,65,989.9
2025-10-04 17:00:00,12.9,0.0,33.3,65,990.8
2025-10-04 18:00:00,12.5,0.0,31.5,65,991.9
2025-10-04 19:00:00,12.2,0.0,31.5,67,992.7
2025-10-04 20:00:00,11.8,0.0,31.5,67,993.8
2025-10-04 21:00:00,11.6,0.0,29.6,68,994.7
2025-10-04 22:00:00,11.2,0.0,29.6,68,995.6
2025-10-04 23:00:00,10.9,0.0,29.6,68,996.3
2025-10-05 00:00:00,11.1,0.0,29.6,66,997.2
2025-10-05 01:00:00,11.2,0.0,29.6,65,998.0
2025-10-05 02:00:00,11.2,0.0,29.6,66,998.5
2025-10-05 03:00:00,11.3,0.0,29.6,65,999.6
2025-10-05 04:00:00,11.3,0.0,27.8,63,1000.7
2025-10-05 05:00:00,11.1,0.0,27.8,63,1001.6
2025-10-05 06:00:00,11.0,0.0,25.9,64,1002.3
2025-10-05 07:00:00,10.8,0.0,25.9,65,1003.4
2025-10-05 08:00:00,10.7,0.0,24.1,68,1004.8
2025-10-05 09:00:00,10.8,0.0,24.1,70,1006.0
2025-10-05 10:00:00,12.0,0.0,25.9,65,1007.2
2025-10-05 11:00:00,13.1,0.0,27.8,59,1008.3
2025-10-05 12:00:00,14.0,0.0,29.6,57,1009.2
2025-10-05 13:00:00,14.2,0.0,29.6,56,1009.9
2025-10-05 14:00:00,14.2,0.0,29.6,58,1010.8
2025-10-05 15:00:00,14.0,0.0,27.8,61,1011.7
2025-10-05 16:00:00,14.2,0.0,25.9,63,1012.6
2025-10-05 17:00:00,14.0,0.0,24.1,66,1012.9
2025-10-05 18:00:00,13.8,0.0,22.2,69,1013.7
2025-10-05 19:00:00,13.4,0.0,20.4,73,1014.3
2025-10-05 20:00:00,13.3,0.0,20.4,74,1014.7
2025-10-05 21:00:00,13.4,0.0,18.5,75,1015.1
2025-10-05 22:00:00,13.3,0.0,18.5,76,1015.3
2025-10-05 23:00:00,13.0,0.0,18.5,78,1015.6
2025-10-06 00:00:00,13.1,0.3,16.7,79,1015.7
2025-10-06 01:00:00,13.0,0.4,16.7,80,1015.8
2025-10-06 02:00:00,12.9,0.5,16.7,83,1015.9
2025-10-06 03:00:00,13.0,0.5,18.5,83,1016.3
2025-10-06 04:00:00,13.2,0.5,18.5,82,1016.4
2025-10-06 05:00:00,13.1,0.9,18.5,82,1016.0
2025-10-06 06:00:00,13.5,0.0,18.5,83,1016.3
2025-10-06 07:00:00,13.6,0.0,18.5,84,1016.4
2025-10-06 08:00:00,14.2,0.0,16.7,83,1016.8
2025-10-06 09:00:00,14.7,0.0,16.7,83,1017.3
2025-10-06 10:00:00,15.5,0.0,18.5,81,1017.5
2025-10-06 11:00:00,16.3,0.0,22.2,81,1017.7
2025-10-06 12:00:00,16.7,0.0,22.2,79,1018.0
2025-10-06 13:00:00,16.8,0.0,22.2,79,1018.4
2025-10-06 14:00:00,17.0,0.0,22.2,79,1018.6
2025-10-06 15:00:00,17.0,0.0,22.2,79,1018.6
2025-10-06 16:00:00,16.9,0.0,22.2,80,1018.7
2025-10-06 17:00:00,17.0,0.0,20.4,77,1018.7
2025-10-06 18:00:00,16.0,0.0,18.5,78,1019.0
2025-10-06 19:00:00,15.6,0.0,16.7,80,1019.0
2025-10-06 20:00:00,15.2,0.2,16.7,80,1018.8
2025-10-06 21:00:00,15.0,0.2,16.7,81,1018.7
2025-10-06 22:00:00,14.9,0.2,16.7,80,1018.6
2025-10-06 23:00:00,14.8,0.0,16.7,80,1018.3
2025-10-07 00:00:00,14.6,0.0,16.7,81,1018.0
2025-10-07 01:00:00,14.4,0.0,16.7,79,1017.8
2025-10-07 02:00:00,14.3,0.0,16.7,77,1017.5
2025-10-07 03:00:00,14.3,0.0,16.7,77,1017.3
2025-10-07 04:00:00,14.3,0.0,16.7,76,1017.1
2025-10-07 05:00:00,13.6,0.0,18.5,78,1016.8
2025-10-07 06:00:00,13.6,0.0,18.5,77,1017.0
2025-10-07 07:00:00,13.7,0.0,18.5,77,1017.3
2025-10-07 08:00:00,14.1,0.0,16.7,76,1017.6
2025-10-07 09:00:00,14.7,0.0,16.7,78,1017.8
2025-10-07 10:00:00,15.2,0.0,16.7,77,1018.0
2025-10-07 11:00:00,15.4,0.0,18.5,78,1018.3
2025-10-07 12:00:00,15.7,0.0,18.5,78,1018.3
2025-10-07 13:00:00,15.8,0.0,20.4,78,1018.3
2025-10-07 14:00:00,15.8,0.0,20.4,79,1018.2
2025-10-07 15:00:00,15.7,0.0,20.4,81,1018.0
2025-10-07 16:00:00,15.6,0.0,18.5,81,1018.0
2025-10-07 17:00:00,15.3,0.0,16.7,82,1018.0
2025-10-07 18:00:00,14.7,0.0,13.0,84,1018.2
2025-10-07 19:00:00,14.0,0.0,13.0,88,1018.5
2025-10-07 20:00:00,13.8,0.0,11.1,86,1018.9
2025-10-07 21:00:00,13.6,0.0,11.1,84,1019.3
2025-10-07 22:00:00,12.7,0.0,11.1,83,1019.8
2025-10-07 23:00:00,11.8,0.0,9.3,85,1020.2
2025-10-08 00:00:00,10.8,0.0,9.3,85,1020.3
2025-10-08 01:00:00,9.9,0.0,9.3,84,1020.5
2025-10-08 02:00:00,9.2,0.0,9.3,83,1020.6
2025-10-08 03:00:00,8.5,0.0,9.3,86,1020.6
2025-10-08 04:00:00,8.1,0.0,9.3,84,1020.6
2025-10-08 05:00:00,7.9,0.0,9.3,83,1020.7
2025-10-08 06:00:00,7.6,0.0,9.3,84,1020.8
2025-10-08 07:00:00,8.0,0.0,9.3,83,1021.0
2025-10-08 08:00:00,8.2,0.0,9.3,85,1021.3
2025-10-08 09:00:00,8.9,0.0,9.3,84,1021.3
2025-10-08 10:00:00,10.1,0.0,13.0,82,1021.4
2025-10-08 11:00:00,11.6,0.0,14.8,77,1021.3
2025-10-08 12:00:00,12.7,0.0,16.7,73,1021.2
2025-10-08 13:00:00,13.7,0.0,18.5,69,1021.1
2025-10-08 14:00:00,14.4,0.0,20.4,66,1020.9
2025-10-08 15:00:00,14.2,0.0,20.4,68,1020.8
2025-10-08 16:00:00,14.1,0.0,18.5,69,1020.7
2025-10-08 17:00:00,13.7,0.0,18.5,72,1021.0
2025-10-08 18:00:00,13.1,0.0,14.8,75,1021.3
2025-10-08 19:00:00,12.9,0.0,14.8,77,1021.7
2025-10-08 20:00:00,12.7,0.0,14.8,77,1021.9
2025-10-08 21:00:00,12.6,0.0,14.8,79,1021.9
2025-10-08 22:00:00,12.5,0.0,14.8,80,1021.9
2025-10-08 23:00:00,12.3,0.0,14.8,81,1022.1
2025-10-09 00:00:00,12.3,0.0,14.8,82,1022.1
2025-10-09 01:00:00,12.5,0.0,14.8,81,1022.0
2025-10-09 02:00:00,12.3,0.0,14.8,82,1021.8
2025-10-09 03:00:00,12.8,0.0,14.8,79,1021.6
2025-10-09 04:00:00,12.9,0.0,16.7,79,1021.3
2025-10-09 05:00:00,12.8,0.0,16.7,80,1021.6
2025-10-09 06:00:00,12.9,0.0,16.7,80,1021.8
2025-10-09 07:00:00,13.1,0.0,16.7,79,1022.3
2025-10-09 08:00:00,13.2,0.0,14.8,80,1022.5
2025-10-09 09:00:00,13.6,0.0,14.8,81,1022.7
2025-10-09 10:00:00,14.0,0.0,18.5,81,1023.0
2025-10-09 11:00:00,14.7,0.0,20.4,78,1023.0
2025-10-09 12:00:00,15.4,0.0,22.2,76,1023.2
2025-10-09 13:00:00,15.9,0.0,24.1,74,1023.6
2025-10-09 14:00:00,16.4,0.0,25.9,71,1024.0
2025-10-09 15:00:00,16.2,0.0,24.1,71,1024.3
2025-10-09 16:00:00,16.0,0.0,24.1,72,1024.6
2025-10-09 17:00:00,15.5,0.0,22.2,74,1025.2
2025-10-09 18:00:00,15.3,0.0,20.4,72,1025.7
2025-10-09 19:00:00,14.3,0.0,16.7,76,1026.5
2025-10-09 20:00:00,14.0,0.0,16.7,79,1027.1
2025-10-09 21:00:00,13.8,0.0,14.8,80,1027.3
2025-10-09 22:00:00,13.6,0.0,14.8,82,1027.8
2025-10-09 23:00:00,13.4,0.0,14.8,82,1028.3
2025-10-10 00:00:00,13.0,0.0,14.8,83,1028.5
2025-10-10 01:00:00,12.8,0.0,14.8,83,1028.5
2025-10-10 02:00:00,12.3,0.0,13.0,84,1028.8
2025-10-10 03:00:00,12.3,0.0,13.0,84,1028.9
2025-10-10 04:00:00,12.3,0.0,13.0,84,1028.9
2025-10-10 05:00:00,11.9,0.0,13.0,85,1029.0
2025-10-10 06:00:00,11.9,0.0,13.0,85,1029.0
2025-10-10 07:00:00,11.8,0.0,13.0,86,1029.5
2025-10-10 08:00:00,12.0,0.0,13.0,86,1029.8
2025-10-10 09:00:00,12.2,0.0,13.0,88,1030.4
2025-10-10 10:00:00,12.9,0.0,13.0,85,1031.1
2025-10-10 11:00:00,13.9,0.0,14.8,81,1031.1
2025-10-10 12:00:00,14.4,0.0,18.5,76,1031.2
2025-10-10 13:00:00,15.0,0.0,18.5,72,1031.3
2025-10-10 14:00:00,15.1,0.0,18.5,70,1031.6
2025-10-10 15:00:00,15.1,0.0,18.5,69,1031.5
2025-10-10 16:00:00,14.8,0.0,18.5,69,1031.5
2025-10-10 17:00:00,14.1,0.0,16.7,71,1031.7
2025-10-10 18:00:00,13.6,0.0,14.8,73,1031.8
2025-10-10 19:00:00,11.9,0.0,13.0,78,1032.0
2025-10-10 20:00:00,11.7,0.0,13.0,79,1032.4
2025-10-10 21:00:00,11.3,0.0,13.0,80,1032.4
2025-10-10 22:00:00,10.7,0.0,13.0,83,1032.6
2025-10-10 23:00:00,10.3,0.0,11.1,85,1032.7
2025-10-11 00:00:00,10.3,0.0,13.0,83,1032.6
2025-10-11 01:00:00,10.4,0.0,11.1,82,1032.7
2025-10-11 02:00:00,10.1,0.0,11.1,83,1032.7
2025-10-11 03:00:00,9.9,0.0,11.1,83,1032.7
2025-10-11 04:00:00,9.5,0.0,11.1,86,1032.6
2025-10-11 05:00:00,8.6,0.0,11.1,83,1033.4
2025-10-11 06:00:00,8.4,0.0,11.1,85,1033.4
2025-10-11 07:00:00,8.2,0.0,11.1,87,1033.6
2025-10-11 08:00:00,8.4,0.0,9.3,88,1033.8
2025-10-11 09:00:00,9.3,0.0,9.3,87,1034.2
2025-10-11 10:00:00,10.4,0.0,9.3,85,1034.5
2025-10-11 11:00:00,11.8,0.0,9.3,80,1034.3
2025-10-11 12:00:00,13.1,0.0,11.1,77,1034.1
2025-10-11 13:00:00,14.3,0.0,9.3,73,1033.9
2025-10-11 14:00:00,15.2,0.0,11.1,70,1033.7
2025-10-11 15:00:00,15.5,0.0,9.3,70,1033.5
2025-10-11 16:00:00,15.3,0.0,9.3,72,1033.5
2025-10-11 17:00:00,14.8,0.0,7.4,73,1033.4
2025-10-11 18:00:00,13.9,0.0,7.4,78,1033.5
2025-10-11 19:00:00,13.0,0.0,7.4,80,1033.7
2025-10-11 20:00:00,11.8,0.0,7.4,85,1033.7
2025-10-11 21:00:00,10.8,0.0,7.4,90,1034.0
2025-10-11 22:00:00,10.0,0.0,9.3,92,1034.0
2025-10-11 23:00:00,9.1,0.0,9.3,95,1033.8
2025-10-12 00:00:00,8.6,0.0,9.3,95,1033.8
2025-10-12 01:00:00,8.0,0.0,9.3,97,1033.7
2025-10-12 02:00:00,7.6,0.0,9.3,98,1033.4
2025-10-12 03:00:00,7.2,0.0,9.3,97,1033.1
2025-10-12 04:00:00,6.9,0.0,9.3,98,1033.0
2025-10-12 05:00:00,7.1,0.0,9.3,94,1032.6
2025-10-12 06:00:00,6.8,0.0,7.4,92,1032.7
2025-10-12 07:00:00,6.6,0.0,7.4,94,1032.9
2025-10-12 08:00:00,7.1,0.0,5.5,94,1033.2
2025-10-12 09:00:00,8.2,0.0,5.5,93,1033.5
2025-10-12 10:00:00,9.7,0.0,5.5,88,1033.6
2025-10-12 11:00:00,12.3,0.0,5.5,81,1033.5
2025-10-12 12:00:00,13.6,0.0,5.5,78,1033.1
2025-10-12 13:00:00,14.8,0.0,5.5,72,1032.7
2025-10-12 14:00:00,15.6,0.0,5.5,70,1032.5
2025-10-12 15:00:00,15.8,0.0,7.4,71,1032.3
2025-10-12 16:00:00,15.5,0.0,7.4,73,1032.1
2025-10-12 17:00:00,15.1,0.0,7.4,72,1031.7
2025-10-12 18:00:00,13.7,0.0,7.4,78,1031.9
2025-10-12 19:00:00,12.3,0.0,5.5,88,1032.1
2025-10-12 20:00:00,11.6,0.0,5.5,91,1032.2
2025-10-12 21:00:00,11.0,0.0,7.4,93,1032.2
2025-10-12 22:00:00,10.5,0.0,7.4,95,1032.3
2025-10-12 23:00:00,10.1,0.0,5.5,94,1032.3
2025-10-13 00:00:00,9.8,0.0,5.5,96,1032.2
2025-10-13 01:00:00,9.7,0.0,7.4,95,1032.2
2025-10-13 02:00:00,9.6,0.0,7.4,95,1032.0
2025-10-13 03:00:00,9.5,0.0,7.4,95,1031.8
2025-10-13 04:00:00,9.6,0.0,7.4,94,1031.6
2025-10-13 05:00:00,9.7,0.0,5.5,93,1031.4
2025-10-13 06:00:00,9.7,0.0,5.5,95,1031.3
2025-10-13 07:00:00,9.4,0.0,5.5,97,1031.2
2025-10-13 08:00:00,9.6,0.0,5.5,99,1031.3
2025-10-13 09:00:00,9.8,0.0,5.5,100,1031.4
2025-10-13 10:00:00,10.6,0.0,5.5,100,1031.6
2025-10-13 11:00:00,12.3,0.0,5.5,96,1031.5
2025-10-13 12:00:00,13.1,0.0,7.4,91,1031.4
2025-10-13 13:00:00,13.8,0.0,7.4,87,1031.4
2025-10-13 14:00:00,14.5,0.0,7.4,82,1031.2
2025-10-13 15:00:00,14.9,0.0,7.4,80,1030.9
2025-10-13 16:00:00,14.9,0.0,5.5,79,1030.6
2025-10-13 17:00:00,14.9,0.0,5.5,77,1030.3
2025-10-13 18:00:00,13.8,0.0,5.5,81,1030.5
2025-10-13 19:00:00,12.4,0.0,5.5,88,1030.6
2025-10-13 20:00:00,11.8,0.0,5.5,89,1030.7
2025-10-13 21:00:00,11.0,0.0,7.4,92,1030.9
2025-10-13 22:00:00,10.3,0.0,7.4,94,1031.2
2025-10-13 23:00:00,9.7,0.0,7.4,97,1031.2
2025-10-14 00:00:00,9.2,0.0,7.4,99,1031.1
2025-10-14 01:00:00,8.8,0.0,9.3,99,1031.1
2025-10-14 02:00:00,8.8,0.0,9.3,95,1031.2
2025-10-14 03:00:00,8.6,0.0,9.3,95,1031.1
2025-10-14 04:00:00,8.5,0.0,9.3,93,1031.1
2025-10-14 05:00:00,7.7,0.0,7.4,98,1031.0
2025-10-14 06:00:00,7.4,0.0,7.4,100,1031.1
2025-10-14 07:00:00,7.5,0.0,7.4,100,1031.2
2025-10-14 08:00:00,7.3,0.0,7.4,99,1031.5
2025-10-14 09:00:00,8.0,0.0,7.4,97,1031.8
2025-10-14 10:00:00,9.2,0.0,7.4,92,1032.1
2025-10-14 11:00:00,11.4,0.0,5.5,87,1032.3
2025-10-14 12:00:00,12.2,0.0,5.5,82,1032.1
2025-10-14 13:00:00,12.7,0.0,7.4,80,1032.0
2025-10-14 14:00:00,13.1,0.0,7.4,77,1031.9
2025-10-14 15:00:00,13.1,0.0,7.4,76,1031.7
2025-10-14 16:00:00,13.2,0.0,7.4,75,1031.5
2025-10-14 17:00:00,12.8,0.0,5.5,77,1031.5
2025-10-14 18:00:00,12.1,0.0,5.5,79,1031.7
2025-10-14 19:00:00,11.3,0.0,5.5,85,1031.8
2025-10-14 20:00:00,10.6,0.0,5.5,88,1032.0
2025-10-14 21:00:00,10.1,0.0,7.4,92,1032.1
2025-10-14 22:00:00,9.9,0.0,7.4,92,1032.1
2025-10-14 23:00:00,9.3,0.0,7.4,92,1032.2
2025-10-15 00:00:00,9.3,0.0,7.4,92,1032.2
2025-10-15 01:00:00,9.1,0.0,7.4,91,1032.2
2025-10-15 02:00:00,9.0,0.0,7.4,90,1032.2
2025-10-15 03:00:00,8.7,0.0,7.4,91,1032.1
2025-10-15 04:00:00,8.5,0.0,7.4,90,1032.1
2025-10-15 05:00:00,8.1,0.0,7.4,92,1031.9
2025-10-15 06:00:00,7.7,0.0,9.3,93,1031.9
2025-10-15 07:00:00,7.4,0.0,9.3,93,1031.8
2025-10-15 08:00:00,7.4,0.0,7.4,93,1031.9
2025-10-15 09:00:00,7.7,0.0,7.4,94,1032.1
2025-10-15 10:00:00,8.8,0.0,7.4,89,1032.2
2025-10-15 11:00:00,10.7,0.0,7.4,83,1032.2
2025-10-15 12:00:00,11.7,0.0,5.5,78,1032.1
2025-10-15 13:00:00,12.3,0.0,5.5,75,1031.7
2025-10-15 14:00:00,12.8,0.0,7.4,73,1031.4
2025-10-15 15:00:00,13.0,0.0,5.5,71,1031.0
2025-10-15 16:00:00,12.9,0.0,5.5,72,1030.7
2025-10-15 17:00:00,12.7,0.0,5.5,74,1030.4
2025-10-15 18:00:00,11.7,0.0,5.5,79,1030.6
2025-10-15 19:00:00,10.8,0.0,5.5,84,1030.5
2025-10-15 20:00:00,9.8,0.0,5.5,89,1030.6
2025-10-15 21:00:00,9.2,0.0,5.5,91,1030.6
2025-10-15 22:00:00,8.5,0.0,7.4,93,1030.7
2025-10-15 23:00:00,7.7,0.0,7.4,95,1030.4
2025-10-16 00:00:00,7.2,0.0,7.4,94,1030.2
2025-10-16 01:00:00,6.6,0.0,7.4,95,1030.0
2025-10-16 02:00:00,6.1,0.0,9.3,96,1029.8
2025-10-16 03:00:00,5.6,0.0,9.3,96,1029.6
2025-10-16 04:00:00,5.1,0.0,9.3,96,1029.4
2025-10-16 05:00:00,4.8,0.0,9.3,97,1029.0
2025-10-16 06:00:00,4.4,0.0,9.3,97,1029.0
2025-10-16 07:00:00,4.5,0.0,9.3,95,1029.0
2025-10-16 08:00:00,4.6,0.0,7.4,97,1029.0
2025-10-16 09:00:00,5.2,0.0,7.4,97,1029.1
2025-10-16 10:00:00,6.8,0.0,7.4,92,1029.2
2025-10-16 11:00:00,9.1,0.0,9.3,85,1029.2
2025-10-16 12:00:00,10.2,0.0,9.3,79,1028.8
2025-10-16 13:00:00,10.9,0.0,7.4,76,1028.4
2025-10-16 14:00:00,11.5,0.0,9.3,74,1028.1
2025-10-16 15:00:00,11.8,0.0,7.4,72,1027.7
2025-10-16 16:00:00,11.9,0.0,7.4,72,1027.5
2025-10-16 17:00:00,11.3,0.0,5.5,74,1027.5
2025-10-16 18:00:00,10.5,0.0,5.5,77,1027.7
2025-10-16 19:00:00,9.7,0.0,5.5,82,1027.9
2025-10-16 20:00:00,9.2,0.0,5.5,84,1027.9
2025-10-16 21:00:00,8.5,0.0,7.4,87,1027.9
2025-10-16 22:00:00,8.0,0.0,7.4,89,1028.1
2025-10-16 23:00:00,7.5,0.0,7.4,90,1027.8
2025-10-17 00:00:00,7.3,0.0,7.4,90,1027.7
2025-10-17 01:00:00,6.9,0.0,7.4,91,1027.6
2025-10-17 02:00:00,6.6,0.0,7.4,92,1027.4
2025-10-17 03:00:00,6.3,0.0,9.3,93,1027.2
2025-10-17 04:00:00,6.1,0.0,7.4,93,1027.0
2025-10-17 05:00:00,6.0,0.0,7.4,94,1026.7
2025-10-17 06:00:00,5.7,0.0,7.4,96,1026.7
2025-10-17 07:00:00,6.1,0.0,7.4,93,1026.6
2025-10-17 08:00:00,6.1,0.0,5.5,95,1026.7
2025-10-17 09:00:00,6.3,0.0,5.5,97,1026.9
2025-10-17 10:00:00,7.4,0.0,7.4,93,1027.1
2025-10-17 11:00:00,9.6,0.0,5.5,86,1026.9
2025-10-17 12:00:00,10.8,0.0,5.5,81,1026.8
2025-10-17 13:00:00,11.4,0.0,5.5,79,1026.6
2025-10-17 14:00:00,11.9,0.0,5.5,76,1026.5
2025-10-17 15:00:00,12.1,0.0,5.5,75,1026.2
2025-10-17 16:00:00,12.2,0.0,5.5,75,1026.1
2025-10-17 17:00:00,12.1,0.0,5.5,74,1025.8
2025-10-17 18:00:00,11.1,0.0,5.5,80,1026.0
2025-10-17 19:00:00,10.3,0.0,5.5,84,1026.1
2025-10-17 20:00:00,9.8,0.0,5.5,86,1026.2
2025-10-17 21:00:00,9.6,0.0,5.5,87,1026.2
2025-10-17 22:00:00,9.3,0.0,5.5,90,1026.3
2025-10-17 23:00:00,8.7,0.0,5.5,92,1026.2
2025-10-18 00:00:00,8.5,0.0,5.5,92,1026.1
2025-10-18 01:00:00,8.1,0.0,5.5,93,1026.1
2025-10-18 02:00:00,8.0,0.0,5.5,90,1026.0
2025-10-18 03:00:00,7.7,0.0,5.5,88,1025.9
2025-10-18 04:00:00,7.6,0.0,5.5,86,1025.7
2025-10-18 05:00:00,7.2,0.0,5.5,87,1025.4
2025-10-18 06:00:00,7.3,0.0,3.7,87,1025.1
2025-10-18 07:00:00,7.4,0.0,3.7,86,1024.8
2025-10-18 08:00:00,7.7,0.0,3.7,86,1024.6
2025-10-18 09:00:00,8.2,0.0,3.7,85,1024.5
2025-10-18 10:00:00,9.3,0.0,5.5,84,1024.3
2025-10-18 11:00:00,10.5,0.0,7.4,82,1023.9
2025-10-18 12:00:00,11.5,0.0,9.3,78,1023.4
2025-10-18 13:00:00,11.8,0.0,11.1,76,1022.9
2025-10-18 14:00:00,12.1,0.0,11.1,74,1022.2
2025-10-18 15:00:00,12.2,0.0,13.0,72,1021.3
2025-10-18 16:00:00,12.4,0.0,11.1,71,1020.5
2025-10-18 17:00:00,12.3,0.0,11.1,70,1019.8
2025-10-18 18:00:00,11.9,0.0,11.1,72,1019.3
2025-10-18 19:00:00,11.1,0.0,9.3,77,1018.7
2025-10-18 20:00:00,11.0,0.0,7.4,77,1018.1
2025-10-18 21:00:00,11.0,0.0,9.3,77,1017.5
2025-10-18 22:00:00,10.8,0.0,9.3,77,1017.1
2025-10-18 23:00:00,10.2,0.0,9.3,79,1016.3
2025-10-19 00:00:00,10.3,0.0,9.3,80,1015.2
2025-10-19 01:00:00,10.3,0.0,9.3,80,1014.3
2025-10-19 02:00:00,10.3,0.0,9.3,79,1013.6
2025-10-19 03:00:00,10.2,0.0,9.3,79,1012.8
2025-10-19 04:00:00,10.5,0.0,9.3,77,1012.1
2025-10-19 05:00:00,10.7,0.0,9.3,77,1010.8
2025-10-19 06:00:00,11.1,0.0,9.3,76,1009.4
2025-10-19 07:00:00,11.4,0.0,11.1,76,1008.5
2025-10-19 08:00:00,11.4,0.0,11.1,80,1007.6
2025-10-19 09:00:00,11.4,0.0,11.1,82,1006.6
2025-10-19 10:00:00,12.1,0.0,14.8,80,1005.8
2025-10-19 11:00:00,12.4,0.0,16.7,82,1004.2
2025-10-19 12:00:00,13.1,0.0,18.5,79,1002.9
2025-10-19 13:00:00,13.3,0.0,18.5,79,1001.8
2025-10-19 14:00:00,13.5,0.0,18.5,79,1000.7
2025-10-19 15:00:00,13.4,0.0,18.5,80,999.4
2025-10-19 16:00:00,13.4,0.0,18.5,82,998.1
2025-10-19 17:00:00,12.9,0.3,16.7,85,997.0
2025-10-19 18:00:00,12.6,0.4,16.7,88,996.2
2025-10-19 19:00:00,12.6,0.4,16.7,90,995.3
2025-10-19 20:00:00,12.7,1.8,16.7,91,994.3
2025-10-19 21:00:00,12.7,1.8,14.8,91,993.6
2025-10-19 22:00:00,12.7,1.7,13.0,93,993.0
2025-10-19 23:00:00,13.0,1.9,11.1,92,992.0
2025-10-20 00:00:00,12.9,1.8,9.3,93,991.3
2025-10-20 01:00:00,12.8,1.5,9.3,94,990.8
2025-10-20 02:00:00,12.8,0.8,7.4,93,990.2
2025-10-20 03:00:00,12.7,0.7,5.5,93,989.5
2025-10-20 04:00:00,12.4,0.5,5.5,94,989.0
2025-10-20 05:00:00,11.7,0.0,5.5,96,988.6
2025-10-20 06:00:00,11.2,0.0,7.4,97,988.3
2025-10-20 07:00:00,10.9,0.0,7.4,96,988.0
2025-10-20 08:00:00,10.7,0.0,7.4,96,988.0
2025-10-20 09:00:00,10.5,0.0,5.5,97,988.0
2025-10-20 10:00:00,11.1,0.0,5.5,96,988.1
2025-10-20 11:00:00,11.5,0.0,7.4,97,987.9
2025-10-20 12:00:00,12.4,0.0,7.4,92,987.7
2025-10-20 13:00:00,13.1,0.0,7.4,88,987.5
2025-10-20 14:00:00,13.5,0.0,7.4,86,987.3
2025-10-20 15:00:00,13.7,0.0,7.4,84,986.9
2025-10-20 16:00:00,13.7,0.0,7.4,84,986.5
2025-10-20 17:00:00,13.2,0.0,7.4,85,986.5
2025-10-20 18:00:00,12.6,0.0,5.5,88,986.5
2025-10-20 19:00:00,11.8,0.0,5.5,92,986.4
2025-10-20 20:00:00,11.5,0.0,5.5,93,986.4
2025-10-20 21:00:00,11.3,0.0,5.5,94,986.3
2025-10-20 22:00:00,11.1,0.0,7.4,95,986.5
2025-10-20 23:00:00,10.1,0.0,7.4,99,986.2
2025-10-21 00:00:00,9.7,0.0,7.4,99,986.2
2025-10-21 01:00:00,9.4,0.0,9.3,100,986.3
2025-10-21 02:00:00,9.0,0.0,9.3,100,986.3
2025-10-21 03:00:00,8.9,0.0,11.1,99,986.1
2025-10-21 04:00:00,8.9,0.0,9.3,97,986.0
2025-10-21 05:00:00,8.9,0.0,9.3,95,985.7
2025-10-21 06:00:00,8.9,0.0,9.3,94,985.6
2025-10-21 07:00:00,8.9,0.0,9.3,95,985.5
2025-10-21 08:00:00,9.2,0.0,7.4,95,985.4
2025-10-21 09:00:00,9.6,0.0,7.4,95,985.4
2025-10-21 10:00:00,10.6,0.0,9.3,92,985.4
2025-10-21 11:00:00,11.4,0.2,9.3,94,985.3
2025-10-21 12:00:00,12.3,0.2,11.1,91,985.0
2025-10-21 13:00:00,12.7,0.2,13.0,90,984.9
2025-10-21 14:00:00,13.0,0.3,14.8,89,984.8
2025-10-21 15:00:00,13.3,0.3,14.8,87,984.7
2025-10-21 16:00:00,13.4,0.3,14.8,85,984.7
2025-10-21 17:00:00,13.2,0.4,16.7,84,984.9
2025-10-21 18:00:00,12.5,0.3,16.7,85,985.5
2025-10-21 19:00:00,11.5,0.3,18.5,86,986.0
2025-10-21 20:00:00,11.4,0.0,18.5,83,986.7
2025-10-21 21:00:00,11.1,0.0,18.5,81,987.5
2025-10-21 22:00:00,10.6,0.0,18.5,80,988.3
2025-10-21 23:00:00,10.1,0.0,18.5,82,988.0
2025-10-22 00:00:00,9.9,0.0,18.5,79,988.7
2025-10-22 01:00:00,9.6,0.0,18.5,79,989.5
2025-10-22 02:00:00,9.3,0.0,18.5,79,990.0
2025-10-22 03:00:00,9.1,0.0,18.5,79,990.6
2025-10-22 04:00:00,8.9,0.0,16.7,79,991.1
2025-10-22 05:00:00,8.5,0.0,14.8,79,991.5
2025-10-22 06:00:00,8.4,0.0,14.8,79,992.1
2025-10-22 07:00:00,8.4,0.0,13.0,80,992.5
2025-10-22 08:00:00,8.4,0.0,13.0,82,993.0
2025-10-22 09:00:00,8.8,0.0,11.1,82,993.5
2025-10-22 10:00:00,9.6,0.0,13.0,81,993.8
2025-10-22 11:00:00,10.7,0.0,14.8,80,994.0
2025-10-22 12:00:00,11.6,0.0,16.7,76,994.0
2025-10-22 13:00:00,12.2,0.0,16.7,72,993.9
2025-10-22 14:00:00,12.6,0.0,18.5,70,993.7
2025-10-22 15:00:00,12.8,0.0,16.7,68,993.4
2025-10-22 16:00:00,12.7,0.0,14.8,68,993.1
2025-10-22 17:00:00,12.4,0.0,11.1,67,992.8
2025-10-22 18:00:00,11.3,0.0,7.4,71,992.6
2025-10-22 19:00:00,9.0,0.0,5.5,82,992.4
2025-10-22 20:00:00,8.6,0.0,5.5,83,992.0
2025-10-22 21:00:00,8.2,0.0,5.5,84,991.5
2025-10-22 22:00:00,7.6,0.0,5.5,85,991.2
2025-10-22 23:00:00,7.2,0.0,5.5,90,990.4
2025-10-23 00:00:00,6.8,0.0,7.4,91,989.6
2025-10-23 01:00:00,6.6,0.0,7.4,93,988.8
2025-10-23 02:00:00,6.4,0.0,7.4,95,988.2
2025-10-23 03:00:00,6.4,0.0,7.4,95,987.7
2025-10-23 04:00:00,6.5,0.0,9.3,96,987.2
2025-10-23 05:00:00,6.9,0.0,9.3,91,986.4
2025-10-23 06:00:00,6.8,0.0,11.1,91,986.2
2025-10-23 07:00:00,6.8,0.2,13.0,91,986.3
2025-10-23 08:00:00,7.0,0.3,13.0,92,986.5
2025-10-23 09:00:00,7.3,0.3,13.0,91,986.8
2025-10-23 10:00:00,7.8,0.3,14.8,88,987.1
2025-10-23 11:00:00,9.2,0.3,14.8,82,987.6
2025-10-23 12:00:00,10.1,0.3,16.7,78,987.9
2025-10-23 13:00:00,10.2,0.3,18.5,76,988.2
2025-10-23 14:00:00,10.3,0.1,18.5,75,988.6
2025-10-23 15:00:00,10.3,0.1,18.5,74,988.8
2025-10-23 16:00:00,10.4,0.1,18.5,72,989.0
2025-10-23 17:00:00,9.7,0.2,18.5,74,989.4
2025-10-23 18:00:00,9.1,0.2,18.5,72,990.1
2025-10-23 19:00:00,8.4,0.0,16.7,75,990.5
2025-10-23 20:00:00,8.1,0.0,18.5,74,990.7
2025-10-23 21:00:00,8.0,0.0,18.5,74,991.1
2025-10-23 22:00:00,7.6,0.0,18.5,75,991.3
2025-10-23 23:00:00,6.7,0.0,18.5,80,991.4
2025-10-24 00:00:00,6.6,0.0,18.5,81,991.4
2025-10-24 01:00:00,6.5,0.0,18.5,82,991.3
2025-10-24 02:00:00,6.5,0.0,18.5,82,991.2
2025-10-24 03:00:00,6.4,0.0,18.5,84,991.2
2025-10-24 04:00:00,6.6,0.0,18.5,82,991.3
2025-10-24 05:00:00,6.5,0.0,18.5,82,991.0
2025-10-24 06:00:00,6.6,0.0,18.5,82,991.1
2025-10-24 07:00:00,6.6,0.0,18.5,82,991.1
2025-10-24 08:00:00,6.6,0.0,16.7,84,991.2
2025-10-24 09:00:00,6.8,0.0,16.7,85,991.1
2025-10-24 10:00:00,7.7,0.0,18.5,80,991.1
2025-10-24 11:00:00,8.5,0.0,20.4,75,992.1
2025-10-24 12:00:00,9.6,0.0,22.2,73,992.2
2025-10-24 13:00:00,9.8,0.0,22.2,72,992.0
2025-10-24 14:00:00,9.9,0.3,24.1,71,991.7
2025-10-24 15:00:00,9.7,0.5,22.2,72,991.3
2025-10-24 16:00:00,9.9,0.7,22.2,72,991.1
2025-10-24 17:00:00,9.1,0.6,24.1,78,990.9
2025-10-24 18:00:00,9.0,0.6,22.2,78,990.9
2025-10-24 19:00:00,9.1,0.7,22.2,78,990.9
2025-10-24 20:00:00,9.1,1.1,22.2,79,990.9
2025-10-24 21:00:00,9.1,1.1,22.2,82,991.3
2025-10-24 22:00:00,9.3,1.1,22.2,83,991.7
2025-10-24 23:00:00,8.7,1.2,20.4,84,992.1
2025-10-25 00:00:00,8.7,1.0,20.4,84,992.8
2025-10-25 01:00:00,8.6,0.9,22.2,83,993.5
2025-10-25 02:00:00,8.4,0.6,22.2,85,994.3
2025-10-25 03:00:00,8.3,0.4,22.2,83,995.1
2025-10-25 04:00:00,8.1,0.2,20.4,79,995.9
2025-10-25 05:00:00,7.7,1.1,20.4,81,996.8
2025-10-25 06:00:00,7.3,0.0,20.4,77,997.9
2025-10-25 07:00:00,6.8,0.0,20.4,76,998.6
2025-10-25 08:00:00,6.6,0.0,20.4,74,999.3
2025-10-25 09:00:00,6.7,0.0,20.4,73,999.8
2025-10-25 10:00:00,7.2,0.0,22.2,69,1000.4
2025-10-25 11:00:00,7.9,0.0,22.2,66,1001.1
2025-10-25 12:00:00,8.7,0.0,24.1,60,1001.6
2025-10-25 13:00:00,9.0,0.0,25.9,57,1001.6
2025-10-25 14:00:00,9.0,0.0,25.9,55,1001.3
2025-10-25 15:00:00,9.2,0.0,24.1,53,1001.2
2025-10-25 16:00:00,9.3,0.0,22.2,53,1001.2
2025-10-25 17:00:00,8.7,0.0,22.2,54,1001.4
2025-10-25 18:00:00,7.9,0.0,18.5,57,1001.8
2025-10-25 19:00:00,6.8,0.0,18.5,61,1002.1
2025-10-25 20:00:00,6.2,0.0,18.5,64,1002.4
2025-10-25 21:00:00,5.8,0.0,18.5,66,1002.8
2025-10-25 22:00:00,5.5,0.0,18.5,66,1003.2
2025-10-25 23:00:00,4.8,0.0,18.5,70,1003.5
2025-10-26 00:00:00,4.8,0.0,18.5,70,1003.8
2025-10-26 01:00:00,4.7,0.0,18.5,71,1004.1
2025-10-26 01:00:00,4.5,0.0,18.5,72,1004.5
2025-10-26 02:00:00,4.5,0.0,18.5,73,1004.9
2025-10-26 03:00:00,4.5,0.0,18.5,72,1005.1
2025-10-26 04:00:00,4.5,0.0,18.5,71,1005.0
2025-10-26 05:00:00,4.2,0.0,20.4,73,1005.4
2025-10-26 06:00:00,3.9,0.0,20.4,74,1005.5
2025-10-26 07:00:00,3.9,0.0,18.5,76,1005.4
2025-10-26 08:00:00,4.1,0.0,18.5,76,1005.3
2025-10-26 09:00:00,5.0,0.0,18.5,74,1005.4
2025-10-26 10:00:00,5.9,0.0,18.5,74,1005.5
2025-10-26 11:00:00,6.8,0.0,20.4,75,1004.8
2025-10-26 12:00:00,6.9,0.0,20.4,78,1003.8
2025-10-26 13:00:00,6.9,0.6,20.4,81,1002.4
2025-10-26 14:00:00,7.0,0.8,18.5,82,1000.9
2025-10-26 15:00:00,7.5,0.8,16.7,82,999.7
2025-10-26 16:00:00,7.9,0.8,16.7,83,997.9
2025-10-26 17:00:00,8.5,0.6,16.7,85,996.7
2025-10-26 18:00:00,9.1,0.6,18.5,80,995.8
2025-10-26 19:00:00,9.0,0.4,20.4,79,995.4
2025-10-26 20:00:00,8.9,0.3,20.4,77,995.3
2025-10-26 21:00:00,8.9,0.2,20.4,76,995.4
2025-10-26 22:00:00,8.5,0.0,22.2,77,994.7
2025-10-26 23:00:00,8.0,0.0,22.2,79,994.2
2025-10-27 00:00:00,8.3,0.0,22.2,77,994.0
2025-10-27 01:00:00,8.2,0.0,22.2,76,993.6
2025-10-27 02:00:00,8.3,0.0,22.2,76,993.0
2025-10-27 03:00:00,8.0,0.0,20.4,76,993.2
2025-10-27 04:00:00,7.7,0.0,20.4,80,993.7
2025-10-27 05:00:00,7.3,0.0,18.5,81,995.4
2025-10-27 06:00:00,6.9,0.0,18.5,82,996.9
2025-10-27 07:00:00,6.6,0.0,16.7,83,998.5
2025-10-27 08:00:00,6.6,0.0,16.7,80,999.7
2025-10-27 09:00:00,7.6,0.0,16.7,74,1001.2
2025-10-27 10:00:00,8.8,0.0,16.7,69,1002.3
2025-10-27 11:00:00,9.7,0.0,18.5,64,1003.3
2025-10-27 12:00:00,10.0,0.0,18.5,62,1004.1
2025-10-27 13:00:00,10.0,0.0,18.5,61,1004.4
2025-10-27 14:00:00,10.1,0.0,16.7,60,1004.5
2025-10-27 15:00:00,10.2,0.0,14.8,59,1004.5
2025-10-27 16:00:00,9.8,0.0,13.0,62,1004.7
2025-10-27 17:00:00,8.7,0.0,9.3,66,1004.6
2025-10-27 18:00:00,7.9,0.0,7.4,71,1004.3
2025-10-27 19:00:00,7.5,0.0,7.4,74,1003.6
2025-10-27 20:00:00,7.4,0.0,7.4,76,1002.7
2025-10-27 21:00:00,7.4,0.0,7.4,77,1001.9
2025-10-27 22:00:00,6.9,0.7,7.4,84,1000.9
2025-10-27 23:00:00,7.1,0.7,7.4,87,999.4
2025-10-28 00:00:00,7.4,0.7,9.3,88,998.2
2025-10-28 01:00:00,7.8,0.2,13.0,87,997.3
2025-10-28 02:00:00,8.4,0.2,14.8,84,997.1
2025-10-28 03:00:00,8.9,0.2,16.7,82,997.0
2025-10-28 04:00:00,8.5,0.4,18.5,84,995.7
2025-10-28 05:00:00,8.6,0.0,20.4,82,995.6
2025-10-28 06:00:00,8.6,0.0,22.2,81,995.8
2025-10-28 07:00:00,8.8,0.0,24.1,80,995.7
2025-10-28 08:00:00,9.3,0.0,25.9,78,996.0
2025-10-28 09:00:00,10.3,0.0,27.8,74,996.2
2025-10-28 10:00:00,11.4,0.0,29.6,71,996.4
2025-10-28 11:00:00,12.0,0.0,31.5,68,996.4
2025-10-28 12:00:00,12.1,0.0,31.5,67,996.4
2025-10-28 13:00:00,12.1,0.0,31.5,66,996.5
2025-10-28 14:00:00,12.0,0.0,29.6,66,996.7
2025-10-28 15:00:00,11.8,0.0,27.8,66,997.0
2025-10-28 16:00:00,11.8,0.0,25.9,67,997.2
2025-10-28 17:00:00,10.9,0.0,20.4,70,997.7
2025-10-28 18:00:00,10.1,0.0,18.5,74,998.2
2025-10-28 19:00:00,9.8,0.0,16.7,74,998.2
2025-10-28 20:00:00,9.5,0.0,14.8,75,998.2
2025-10-28 21:00:00,9.2,0.0,13.0,76,998.2
2025-10-28 22:00:00,8.8,0.0,13.0,80,997.9
2025-10-28 23:00:00,8.8,0.0,13.0,79,997.4
2025-10-29 00:00:00,8.8,0.0,13.0,79,997.1
2025-10-29 01:00:00,8.9,0.0,13.0,78,996.7
2025-10-29 02:00:00,9.0,0.0,13.0,78,996.2
2025-10-29 03:00:00,8.8,0.0,13.0,78,995.8
2025-10-29 04:00:00,8.6,0.0,13.0,78,995.3
2025-10-29 05:00:00,8.5,0.0,13.0,77,995.1
2025-10-29 06:00:00,8.1,0.0,13.0,76,995.1
2025-10-29 07:00:00,8.1,0.0,13.0,78,994.8
2025-10-29 08:00:00,8.2,0.0,13.0,78,994.8
2025-10-29 09:00:00,8.8,0.0,14.8,76,994.7
2025-10-29 10:00:00,9.4,0.0,14.8,74,994.5
2025-10-29 11:00:00,10.3,0.0,18.5,72,994.2
2025-10-29 12:00:00,11.1,0.0,20.4,68,994.0
2025-10-29 13:00:00,11.2,0.0,20.4,67,993.6
2025-10-29 14:00:00,11.2,0.0,20.4,68,993.4
2025-10-29 15:00:00,10.9,0.0,18.5,68,993.3
2025-10-29 16:00:00,10.6,0.0,14.8,67,992.9
2025-10-29 17:00:00,9.2,0.0,11.1,73,993.3
2025-10-29 18:00:00,7.6,0.0,9.3,80,993.4
2025-10-29 19:00:00,7.3,0.0,7.4,80,993.6
2025-10-29 20:00:00,6.9,0.0,7.4,81,993.9
2025-10-29 21:00:00,6.3,0.0,7.4,83,994.2
2025-10-29 22:00:00,5.0,0.0,9.3,89,994.9
2025-10-29 23:00:00,4.7,0.0,9.3,89,995.5
2025-10-30 00:00:00,4.4,0.0,11.1,89,996.3
2025-10-30 01:00:00,4.2,0.0,11.1,90,997.4
2025-10-30 02:00:00,4.0,0.0,11.1,91,998.4
2025-10-30 03:00:00,3.9,0.0,11.1,89,999.4
2025-10-30 04:00:00,3.8,0.0,11.1,89,1000.1
2025-10-30 05:00:00,3.6,0.0,11.1,89,1001.2
2025-10-30 06:00:00,3.4,0.0,11.1,91,1002.1
2025-10-30 07:00:00,3.3,0.0,9.3,94,1003.0
2025-10-30 08:00:00,3.3,0.0,9.3,96,1003.8
2025-10-30 09:00:00,4.2,0.0,7.4,97,1004.5
2025-10-30 10:00:00,5.8,0.0,7.4,92,1005.1
2025-10-30 11:00:00,7.4,0.0,7.4,86,1005.1
2025-10-30 12:00:00,8.4,0.0,7.4,82,1004.9
2025-10-30 13:00:00,9.2,0.0,9.3,79,1004.5
2025-10-30 14:00:00,9.4,0.0,11.1,78,1004.0
2025-10-30 15:00:00,9.7,0.0,11.1,77,1003.5
2025-10-30 16:00:00,9.7,0.0,11.1,78,1003.0
2025-10-30 17:00:00,9.5,0.0,13.0,79,1002.5
2025-10-30 18:00:00,9.5,0.0,13.0,82,1001.9
2025-10-30 19:00:00,9.7,0.0,14.8,82,1001.2
2025-10-30 20:00:00,10.1,0.0,16.7,81,1000.2
2025-10-30 21:00:00,10.3,0.0,18.5,81,999.2
2025-10-30 22:00:00,9.8,0.0,18.5,82,998.3
2025-10-30 23:00:00,10.3,0.1,18.5,80,997.1
2025-10-31 00:00:00,10.6,0.1,18.5,80,996.1
2025-10-31 01:00:00,10.9,0.2,18.5,80,995.7
2025-10-31 02:00:00,11.3,0.2,18.5,80,995.5
2025-10-31 03:00:00,11.6,0.2,16.7,80,995.1
2025-10-31 04:00:00,11.5,0.5,16.7,82,994.5
2025-10-31 05:00:00,11.7,0.0,16.7,82,995.0
2025-10-31 06:00:00,11.7,0.0,14.8,83,995.3
2025-10-31 07:00:00,11.8,0.0,14.8,84,995.8
2025-10-31 08:00:00,11.8,0.0,14.8,85,996.1
2025-10-31 09:00:00,12.4,0.0,14.8,84,996.3
2025-10-31 10:00:00,12.6,0.0,16.7,87,996.2
2025-10-31 11:00:00,13.2,0.0,18.5,84,995.6
2025-10-31 12:00:00,13.7,0.0,20.4,82,995.0
2025-10-31 13:00:00,14.0,0.0,22.2,82,994.3
2025-10-31 14:00:00,14.1,0.0,22.2,81,993.3
2025-10-31 15:00:00,14.3,0.0,22.2,79,992.3
2025-10-31 16:00:00,14.0,0.0,20.4,82,991.6
2025-10-31 17:00:00,13.8,0.0,20.4,83,991.5
2025-10-31 18:00:00,13.5,0.0,18.5,83,991.2
2025-10-31 19:00:00,13.4,0.0,18.5,81,991.4
2025-10-31 20:00:00,13.3,0.0,16.7,80,991.8
2025-10-31 21:00:00,12.9,0.0,16.7,80,992.2
2025-10-31 22:00:00,12.4,0.0,14.8,81,991.9
2025-10-31 23:00:00,11.9,0.0,14.8,84,991.7
2025-11-01 00:00:00,12.0,0.5,14.8,84,991.4
2025-11-01 01:00:00,12.0,0.2,14.8,83,990.4
2025-11-01 02:00:00,12.1,0.2,16.7,84,989.4
2025-11-01 03:00:00,12.2,0.2,18.5,81,988.4
2025-11-01 04:00:00,11.9,0.2,20.4,81,987.3
2025-11-01 05:00:00,12.3,0.2,25.9,75,986.8
2025-11-01 06:00:00,12.2,0.2,27.8,73,986.7
2025-11-01 07:00:00,12.1,0.0,29.6,74,986.9
2025-11-01 08:00:00,12.1,0.0,31.5,75,987.7
2025-11-01 09:00:00,12.1,0.0,29.6,74,988.4
2025-11-01 10:00:00,12.4,0.0,29.6,74,989.0
2025-11-01 11:00:00,12.6,0.0,29.6,73,990.2
2025-11-01 12:00:00,12.4,0.0,27.8,72,991.5
2025-11-01 13:00:00,12.0,0.0,27.8,72,992.8
2025-11-01 14:00:00,11.8,0.0,25.9,71,994.0
2025-11-01 15:00:00,11.4,0.0,24.1,69,995.1
2025-11-01 16:00:00,11.1,0.0,20.4,68,996.3
2025-11-01 17:00:00,9.9,0.0,16.7,70,997.2
2025-11-01 18:00:00,8.4,0.0,13.0,74,998.0
2025-11-01 19:00:00,8.3,0.0,11.1,73,998.6
2025-11-01 20:00:00,8.1,0.0,11.1,73,999.1
2025-11-01 21:00:00,7.6,0.0,11.1,75,999.5
2025-11-01 22:00:00,6.6,0.0,11.1,80,999.8
2025-11-01 23:00:00,6.5,0.0,9.3,79,999.5
2025-11-02 00:00:00,6.2,0.0,9.3,81,999.3
2025-11-02 01:00:00,6.2,0.0,11.1,82,999.2
2025-11-02 02:00:00,6.2,0.0,11.1,82,999.1
2025-11-02 03:00:00,6.4,0.0,11.1,82,998.7
2025-11-02 04:00:00,6.3,0.0,11.1,82,998.5
2025-11-02 05:00:00,6.2,0.0,11.1,85,998.6
2025-11-02 06:00:00,6.2,0.0,11.1,85,999.0
2025-11-02 07:00:00,6.2,0.0,11.1,86,999.5
2025-11-02 08:00:00,6.3,0.0,11.1,87,1000.0
2025-11-02 09:00:00,7.2,0.0,13.0,84,1000.3
2025-11-02 10:00:00,8.1,0.0,14.8,84,1000.6
2025-11-02 11:00:00,9.2,0.0,18.5,79,1000.9
2025-11-02 12:00:00,10.0,0.0,22.2,74,1001.1
2025-11-02 13:00:00,10.4,0.0,22.2,71,1001.3
2025-11-02 14:00:00,10.9,0.0,22.2,69,1001.5
2025-11-02 15:00:00,10.9,0.0,22.2,68,1001.9
2025-11-02 16:00:00,10.8,0.0,20.4,68,1002.1
2025-11-02 17:00:00,9.9,0.0,18.5,71,1002.7
2025-11-02 18:00:00,9.3,0.0,16.7,74,1003.2
2025-11-02 19:00:00,9.0,0.0,14.8,74,1003.7
2025-11-02 20:00:00,8.9,0.0,14.8,74,1003.8
2025-11-02 21:00:00,8.9,0.0,16.7,75,1003.9
2025-11-02 22:00:00,8.4,0.0,16.7,79,1003.9
2025-11-02 23:00:00,8.8,0.0,16.7,79,1003.4
2025-11-03 00:00:00,9.2,0.0,18.5,80,1002.9
2025-11-03 01:00:00,9.5,0.4,18.5,83,1002.2
2025-11-03 02:00:00,10.0,0.4,18.5,84,1001.3
2025-11-03 03:00:00,10.7,0.4,20.4,84,1000.2
2025-11-03 04:00:00,11.1,0.1,22.2,82,999.3
2025-11-03 05:00:00,11.9,0.1,25.9,82,998.8
2025-11-03 06:00:00,12.4,0.1,27.8,82,998.3
2025-11-03 07:00:00,13.0,0.1,27.8,82,998.1
2025-11-03 08:00:00,13.7,0.1,27.8,82,998.3
2025-11-03 09:00:00,14.5,0.1,27.8,80,998.4
2025-11-03 10:00:00,14.8,0.1,27.8,80,998.6
2025-11-03 11:00:00,15.1,0.1,29.6,82,999.0
2025-11-03 12:00:00,15.6,0.1,31.5,80,999.3
2025-11-03 13:00:00,15.6,0.1,31.5,80,999.1
2025-11-03 14:00:00,15.6,0.0,31.5,80,999.1
2025-11-03 15:00:00,15.6,0.1,31.5,79,999.0
2025-11-03 16:00:00,15.4,0.1,31.5,81,999.3
2025-11-03 17:00:00,15.4,0.1,31.5,81,999.2
2025-11-03 18:00:00,15.6,0.1,33.3,80,999.1
2025-11-03 19:00:00,15.5,0.3,33.3,80,999.0
2025-11-03 20:00:00,15.6,0.3,33.3,79,999.0
2025-11-03 21:00:00,15.6,0.3,35.2,79,999.2
2025-11-03 22:00:00,15.4,0.3,33.3,80,999.2
2025-11-03 23:00:00,15.6,0.3,33.3,80,999.5
2025-11-04 00:00:00,15.7,0.3,33.3,79,999.7
2025-11-04 01:00:00,15.8,0.2,31.5,78,999.8
2025-11-04 02:00:00,15.9,0.2,29.6,77,1000.3
2025-11-04 03:00:00,15.9,0.1,27.8,78,1000.5
2025-11-04 04:00:00,15.7,0.1,25.9,77,1000.4
2025-11-04 05:00:00,15.7,0.1,24.1,77,1001.0
2025-11-04 06:00:00,15.6,0.1,22.2,77,1001.4
2025-11-04 07:00:00,15.5,0.5,20.4,79,1001.8
2025-11-04 08:00:00,15.4,0.5,20.4,80,1002.1
2025-11-04 09:00:00,15.1,0.5,18.5,84,1002.3
2025-11-04 10:00:00,15.1,0.5,16.7,85,1002.7
2025-11-04 11:00:00,15.2,0.5,18.5,85,1002.6
2025-11-04 12:00:00,15.1,0.5,18.5,86,1002.4
2025-11-04 13:00:00,15.2,0.3,20.4,85,1002.3
2025-11-04 14:00:00,15.2,0.2,20.4,84,1002.3
2025-11-04 15:00:00,15.3,0.0,20.4,82,1002.1
2025-11-04 16:00:00,15.1,0.0,18.5,82,1001.8
2025-11-04 17:00:00,14.8,0.0,16.7,83,1001.9
2025-11-04 18:00:00,14.1,0.0,14.8,87,1001.9
2025-11-04 19:00:00,14.1,0.0,13.0,86,1002.1
2025-11-04 20:00:00,14.0,0.0,13.0,87,1002.3
2025-11-04 21:00:00,13.9,0.0,11.1,87,1002.2
2025-11-04 22:00:00,13.8,0.0,9.3,88,1002.5
2025-11-04 23:00:00,13.5,0.0,7.4,88,1002.5
2025-11-05 00:00:00,13.2,0.0,7.4,89,1002.7
2025-11-05 01:00:00,12.9,0.0,7.4,89,1002.9
2025-11-05 02:00:00,12.8,0.0,7.4,89,1003.0
2025-11-05 03:00:00,12.9,0.0,5.5,89,1003.1
2025-11-05 04:00:00,13.0,0.0,5.5,87,1002.8
2025-11-05 05:00:00,13.0,0.0,5.5,88,1002.9
2025-11-05 06:00:00,13.2,0.0,3.7,88,1002.8
2025-11-05 07:00:00,13.3,0.4,3.7,88,1002.8
2025-11-05 08:00:00,13.2,0.4,5.5,92,1002.8
2025-11-05 09:00:00,13.5,0.5,5.5,93,1002.7
2025-11-05 10:00:00,13.8,0.5,7.4,96,1002.9
2025-11-05 11:00:00,14.4,0.5,9.3,93,1002.6
2025-11-05 12:00:00,14.9,0.6,11.1,91,1002.4
2025-11-05 13:00:00,15.3,0.1,11.1,89,1002.3
2025-11-05 14:00:00,15.7,0.1,11.1,86,1002.3
2025-11-05 15:00:00,15.7,0.1,11.1,85,1002.2
2025-11-05 16:00:00,15.7,0.0,13.0,84,1001.9
2025-11-05 17:00:00,15.4,0.0,11.1,84,1002.2
2025-11-05 18:00:00,14.6,0.0,11.1,87,1002.4
2025-11-05 19:00:00,14.6,0.0,11.1,86,1002.6
2025-11-05 20:00:00,14.6,0.0,9.3,86,1002.9
2025-11-05 21:00:00,14.6,0.0,9.3,85,1003.0
2025-11-05 22:00:00,14.4,0.0,9.3,87,1003.1
2025-11-05 23:00:00,14.4,0.0,9.3,87,1003.0
2025-11-06 00:00:00,14.2,0.0,9.3,88,1002.9
2025-11-06 01:00:00,14.1,0.0,9.3,88,1002.8
2025-11-06 02:00:00,13.8,0.0,9.3,89,1002.7
2025-11-06 03:00:00,13.9,0.0,9.3,87,1002.6
2025-11-06 04:00:00,13.7,0.0,7.4,87,1002.5
2025-11-06 05:00:00,13.7,0.0,7.4,85,1002.4
2025-11-06 06:00:00,13.5,0.0,5.5,85,1002.4
2025-11-06 07:00:00,13.4,0.0,7.4,83,1002.9
2025-11-06 08:00:00,13.3,0.0,5.5,84,1003.3
2025-11-06 09:00:00,13.4,0.0,7.4,87,1003.7
2025-11-06 10:00:00,13.1,0.0,9.3,94,1003.6
2025-11-06 11:00:00,13.8,0.0,9.3,91,1003.5
2025-11-06 12:00:00,14.4,0.0,11.1,88,1003.6
2025-11-06 13:00:00,14.7,0.0,11.1,87,1003.6
2025-11-06 14:00:00,14.8,0.0,11.1,87,1003.6
2025-11-06 15:00:00,14.8,0.0,9.3,86,1003.7
2025-11-06 16:00:00,14.2,0.0,7.4,87,1003.7
2025-11-06 17:00:00,13.6,0.0,7.4,89,1003.9
2025-11-06 18:00:00,12.6,0.0,5.5,93,1004.1
2025-11-06 19:00:00,12.6,0.0,5.5,91,1004.1
2025-11-06 20:00:00,12.6,0.0,5.5,91,1004.2
2025-11-06 21:00:00,12.4,0.0,5.5,91,1004.3
2025-11-06 22:00:00,11.8,0.0,5.5,96,1004.3
2025-11-06 23:00:00,11.5,0.0,7.4,96,1004.1
2025-11-07 00:00:00,11.2,0.0,7.4,96,1003.9
2025-11-07 01:00:00,11.0,0.0,7.4,95,1003.7
2025-11-07 02:00:00,10.9,0.0,7.4,95,1003.5
2025-11-07 03:00:00,11.0,0.0,5.5,94,1003.3
2025-11-07 04:00:00,11.0,0.0,5.5,92,1003.0
2025-11-07 05:00:00,11.1,0.0,5.5,91,1003.0
2025-11-07 06:00:00,11.0,0.0,5.5,91,1003.2
2025-11-07 07:00:00,11.0,0.0,5.5,91,1003.3
2025-11-07 08:00:00,11.0,0.0,5.5,92,1003.5
2025-11-07 09:00:00,11.5,0.0,5.5,92,1003.7
2025-11-07 10:00:00,11.9,0.0,7.4,94,1003.8
2025-11-07 11:00:00,12.8,0.0,7.4,89,1003.6
2025-11-07 12:00:00,13.4,0.0,9.3,87,1003.6
2025-11-07 13:00:00,13.8,0.0,9.3,84,1003.7
2025-11-07 14:00:00,13.7,0.0,9.3,85,1003.6
2025-11-07 15:00:00,13.5,0.0,7.4,85,1003.6
2025-11-07 16:00:00,13.2,0.0,7.4,86,1003.5
2025-11-07 17:00:00,12.8,0.3,7.4,88,1003.8
2025-11-07 18:00:00,12.3,0.3,7.4,91,1004.1
2025-11-07 19:00:00,12.2,0.5,7.4,92,1004.4
2025-11-07 20:00:00,12.2,0.5,7.4,92,1004.7
2025-11-07 21:00:00,12.2,0.5,7.4,92,1004.9
2025-11-07 22:00:00,12.2,0.0,7.4,94,1005.2
2025-11-07 23:00:00,12.2,0.0,7.4,93,1005.3
2025-11-08 00:00:00,12.1,0.0,5.5,93,1005.5
2025-11-08 01:00:00,12.1,0.0,5.5,91,1005.9
2025-11-08 02:00:00,12.0,0.0,5.5,91,1006.3
2025-11-08 03:00:00,12.0,0.0,5.5,89,1006.5
2025-11-08 04:00:00,11.8,0.0,5.5,89,1006.7
2025-11-08 05:00:00,11.9,0.0,3.7,88,1007.1
2025-11-08 06:00:00,11.9,0.0,3.7,88,1007.6
2025-11-08 07:00:00,11.7,0.0,3.7,88,1008.0
2025-11-08 08:00:00,11.6,0.0,5.5,90,1008.5
2025-11-08 09:00:00,11.7,0.0,5.5,92,1009.1
2025-11-08 10:00:00,12.0,0.0,7.4,91,1009.3
2025-11-08 11:00:00,12.4,0.0,9.3,90,1009.4
2025-11-08 12:00:00,13.0,0.0,11.1,85,1009.6
2025-11-08 13:00:00,13.3,0.0,13.0,83,1009.8
2025-11-08 14:00:00,13.5,0.0,13.0,80,1010.2
2025-11-08 15:00:00,13.2,0.0,13.0,78,1010.7
2025-11-08 16:00:00,12.3,0.0,13.0,79,1011.0
2025-11-08 17:00:00,11.3,0.0,11.1,81,1011.5
2025-11-08 18:00:00,10.4,0.0,9.3,82,1012.1
2025-11-08 19:00:00,9.8,0.0,9.3,82,1012.4
2025-11-08 20:00:00,9.1,0.0,9.3,84,1012.8
2025-11-08 21:00:00,8.7,0.0,9.3,85,1013.1
2025-11-08 22:00:00,8.4,0.0,9.3,84,1012.8
2025-11-08 23:00:00,8.2,0.0,7.4,84,1012.8
2025-11-09 00:00:00,8.0,0.0,7.4,85,1012.7
2025-11-09 01:00:00,7.9,0.0,7.4,85,1012.6
2025-11-09 02:00:00,7.9,0.0,7.4,84,1012.3
2025-11-09 03:00:00,8.1,0.0,7.4,84,1012.0
2025-11-09 04:00:00,8.5,0.0,7.4,83,1011.6
2025-11-09 05:00:00,8.7,0.0,7.4,81,1011.5
2025-11-09 06:00:00,8.7,0.0,7.4,83,1011.3
2025-11-09 07:00:00,8.9,0.0,7.4,84,1011.2
2025-11-09 08:00:00,8.9,0.0,7.4,85,1011.1
2025-11-09 09:00:00,9.5,0.0,7.4,84,1010.8
2025-11-09 10:00:00,9.7,0.0,9.3,88,1010.7
2025-11-09 11:00:00,10.3,0.0,11.1,87,1010.2
2025-11-09 12:00:00,10.9,0.0,13.0,86,1009.7
2025-11-09 13:00:00,11.1,0.0,13.0,87,1009.4
2025-11-09 14:00:00,11.3,0.0,13.0,88,1009.0
2025-11-09 15:00:00,11.5,0.0,13.0,86,1008.5
2025-11-09 16:00:00,11.4,0.1,11.1,88,1008.2
2025-11-09 17:00:00,11.0,0.1,11.1,89,1008.1
2025-11-09 18:00:00,10.9,0.1,9.3,89,1007.9
2025-11-09 19:00:00,11.0,0.4,9.3,88,1007.6
2025-11-09 20:00:00,11.1,0.4,7.4,88,1007.3
2025-11-09 21:00:00,11.1,0.4,7.4,89,1007.1
2025-11-09 22:00:00,11.2,0.4,7.4,91,1006.6
2025-11-09 23:00:00,11.4,0.4,7.4,89,1005.9
2025-11-10 00:00:00,11.4,0.4,7.4,89,1005.3
2025-11-10 01:00:00,11.5,0.1,7.4,89,1004.4
2025-11-10 02:00:00,11.7,0.1,7.4,88,1003.5
2025-11-10 03:00:00,11.9,0.2,7.4,86,1002.7
2025-11-10 04:00:00,11.7,0.1,7.4,88,1001.9
2025-11-10 05:00:00,11.8,0.2,7.4,88,1001.3
2025-11-10 06:00:00,11.8,0.2,9.3,87,1001.0
2025-11-10 07:00:00,11.6,0.0,9.3,87,1000.7
2025-11-10 08:00:00,11.4,0.0,9.3,87,1000.7
2025-11-10 09:00:00,11.6,0.0,9.3,86,1000.6
2025-11-10 10:00:00,11.9,0.0,13.0,87,1000.5
2025-11-10 11:00:00,12.5,0.0,14.8,83,1000.2
2025-11-10 12:00:00,12.8,0.0,14.8,80,1000.0
2025-11-10 13:00:00,12.7,0.0,14.8,79,1000.0
2025-11-10 14:00:00,12.5,0.0,13.0,78,999.8
2025-11-10 15:00:00,12.2,0.0,13.0,78,999.6
2025-11-10 16:00:00,12.0,0.0,9.3,79,999.4
2025-11-10 17:00:00,11.2,0.0,7.4,81,999.3
2025-11-10 18:00:00,9.8,0.0,5.5,87,999.4
2025-11-10 19:00:00,9.6,0.0,7.4,87,999.3
2025-11-10 20:00:00,9.4,0.0,7.4,88,999.3
2025-11-10 21:00:00,9.0,0.0,7.4,89,999.5
2025-11-10 22:00:00,8.5,0.0,7.4,91,999.6
2025-11-10 23:00:00,8.1,0.0,7.4,91,999.9
2025-11-11 00:00:00,7.7,0.0,9.3,91,1000.2
2025-11-11 01:00:00,7.5,0.0,9.3,90,1000.6
2025-11-11 02:00:00,7.2,0.0,9.3,89,1000.9
2025-11-11 03:00:00,7.2,0.0,7.4,88,1001.2
2025-11-11 04:00:00,7.4,0.0,7.4,86,1001.2
2025-11-11 05:00:00,7.4,0.0,7.4,86,1001.1
2025-11-11 06:00:00,7.4,0.0,5.5,87,1001.0
2025-11-11 07:00:00,7.5,0.0,5.5,87,1001.0
2025-11-11 08:00:00,7.5,0.0,5.5,88,1000.9
2025-11-11 09:00:00,8.1,1.5,5.5,87,1000.5
2025-11-11 10:00:00,8.2,0.3,7.4,90,1000.3
2025-11-11 11:00:00,8.8,0.4,9.3,91,999.3
2025-11-11 12:00:00,9.5,0.4,11.1,92,998.3
2025-11-11 13:00:00,9.9,0.4,13.0,94,997.5
2025-11-11 14:00:00,10.8,0.4,14.8,92,996.9
2025-11-11 15:00:00,11.6,0.3,14.8,89,996.3
2025-11-11 16:00:00,12.5,0.4,16.7,88,995.3
2025-11-11 17:00:00,12.7,0.4,16.7,87,995.1
2025-11-11 18:00:00,13.0,0.4,18.5,85,994.6
2025-11-11 19:00:00,13.1,0.5,18.5,84,994.2
2025-11-11 20:00:00,13.1,0.6,20.4,85,993.9
2025-11-11 21:00:00,13.1,0.6,20.4,85,993.4
2025-11-11 22:00:00,13.4,0.6,20.4,86,993.3
2025-11-11 23:00:00,13.3,0.5,20.4,86,993.3
2025-11-12 00:00:00,13.1,0.5,20.4,85,993.4
2025-11-12 01:00:00,13.1,0.5,18.5,83,993.9
2025-11-12 02:00:00,12.8,0.0,18.5,82,994.4
2025-11-12 03:00:00,12.6,0.0,16.7,81,994.9
2025-11-12 04:00:00,12.3,0.0,14.8,79,995.0
2025-11-12 05:00:00,12.2,0.0,14.8,78,995.7
2025-11-12 06:00:00,11.9,0.0,13.0,78,996.1
2025-11-12 07:00:00,11.8,0.0,13.0,78,996.7
2025-11-12 08:00:00,11.6,0.0,13.0,79,997.3
2025-11-12 09:00:00,12.0,0.0,11.1,78,997.8
2025-11-12 10:00:00,12.3,0.0,13.0,79,997.7
2025-11-12 11:00:00,12.9,0.0,13.0,78,997.8
2025-11-12 12:00:00,13.0,0.0,13.0,79,997.9
2025-11-12 13:00:00,12.9,0.0,11.1,80,998.2
2025-11-12 14:00:00,12.6,0.0,11.1,81,998.5
2025-11-12 15:00:00,12.4,0.0,7.4,81,998.7
2025-11-12 16:00:00,12.1,0.0,5.5,81,998.8
2025-11-12 17:00:00,11.5,0.0,5.5,83,998.9
2025-11-12 18:00:00,10.7,0.0,5.5,87,999.0
2025-11-12 19:00:00,10.2,0.7,7.4,89,999.3
2025-11-12 20:00:00,9.8,0.9,7.4,92,999.4
2025-11-12 21:00:00,9.6,1.2,9.3,92,999.5
2025-11-12 22:00:00,9.4,1.0,9.3,94,999.6
2025-11-12 23:00:00,9.3,1.1,9.3,94,999.3
2025-11-13 00:00:00,9.2,1.1,11.1,95,999.0
2025-11-13 01:00:00,9.2,1.7,11.1,97,998.4
2025-11-13 02:00:00,9.3,1.7,11.1,98,998.2
2025-11-13 03:00:00,9.3,1.7,11.1,98,998.0
2025-11-13 04:00:00,9.7,0.8,11.1,94,997.2
2025-11-13 05:00:00,9.6,0.8,13.0,97,997.5
2025-11-13 06:00:00,9.1,0.8,13.0,100,998.2
2025-11-13 07:00:00,9.0,1.6,13.0,99,999.3
2025-11-13 08:00:00,9.0,1.7,14.8,97,1000.7
2025-11-13 09:00:00,8.9,1.7,14.8,97,1002.1
2025-11-13 10:00:00,9.0,1.7,16.7,92,1003.5
2025-11-13 11:00:00,9.1,1.6,18.5,88,1004.8
2025-11-13 12:00:00,8.7,1.6,16.7,88,1006.1
2025-11-13 13:00:00,8.4,0.5,16.7,87,1007.0
2025-11-13 14:00:00,8.4,0.5,14.8,85,1007.7
2025-11-13 15:00:00,8.3,0.4,14.8,84,1008.3
2025-11-13 16:00:00,8.1,0.4,13.0,84,1008.9
2025-11-13 17:00:00,7.8,0.4,13.0,86,1009.3
2025-11-13 18:00:00,7.6,0.4,13.0,87,1009.6
2025-11-13 19:00:00,7.4,0.4,13.0,88,1010.1
2025-11-13 20:00:00,7.0,0.4,13.0,91,1010.6
2025-11-13 21:00:00,6.9,0.4,14.8,92,1011.0
2025-11-13 22:00:00,6.8,0.4,14.8,91,1011.7
2025-11-13 23:00:00,6.7,0.4,16.7,92,1011.8
2025-11-14 00:00:00,6.6,0.4,18.5,91,1011.8
2025-11-14 01:00:00,6.6,0.4,18.5,91,1011.9
2025-11-14 02:00:00,6.6,0.4,18.5,91,1011.9
2025-11-14 03:00:00,6.7,0.4,16.7,88,1011.8
2025-11-14 04:00:00,6.5,0.8,18.5,88,1011.7
2025-11-14 05:00:00,6.5,0.7,18.5,87,1011.9
2025-11-14 06:00:00,6.6,0.7,18.5,86,1011.9
2025-11-14 07:00:00,6.5,0.2,20.4,85,1012.2
2025-11-14 08:00:00,6.7,0.2,20.4,84,1012.1
2025-11-14 09:00:00,7.1,0.2,22.2,81,1012.1
2025-11-14 10:00:00,7.5,0.2,22.2,80,1012.3
2025-11-14 11:00:00,8.1,0.2,24.1,76,1012.4
2025-11-14 12:00:00,8.3,0.2,25.9,74,1012.2
2025-11-14 13:00:00,8.3,0.1,27.8,73,1012.1
2025-11-14 14:00:00,8.3,0.1,27.8,71,1012.0
2025-11-14 15:00:00,8.0,0.1,27.8,71,1011.7
2025-11-14 16:00:00,8.0,0.1,29.6,70,1011.8
2025-11-14 17:00:00,8.0,0.1,29.6,70,1012.0
2025-11-14 18:00:00,7.9,0.1,29.6,71,1012.0
2025-11-14 19:00:00,7.5,0.2,31.5,74,1012.6
2025-11-14 20:00:00,7.3,0.2,29.6,75,1013.1
2025-11-14 21:00:00,7.4,0.2,31.5,76,1013.2
2025-11-14 22:00:00,7.6,0.2,29.6,75,1013.4
2025-11-14 23:00:00,7.6,0.2,29.6,76,1013.8
2025-11-15 00:00:00,7.5,0.2,29.6,77,1013.9
2025-11-15 01:00:00,7.6,0.0,27.8,78,1014.1
2025-11-15 02:00:00,7.8,0.7,27.8,77,1014.2
2025-11-15 03:00:00,8.1,0.0,25.9,76,1014.2
2025-11-15 04:00:00,7.6,0.3,24.1,80,1014.3
2025-11-15 05:00:00,7.8,0.3,24.1,79,1014.6
2025-11-15 06:00:00,8.1,0.3,24.1,79,1014.7
2025-11-15 07:00:00,8.2,0.3,24.1,79,1015.1
2025-11-15 08:00:00,8.4,0.3,24.1,80,1015.4
2025-11-15 09:00:00,8.7,0.3,22.2,81,1015.7
2025-11-15 10:00:00,8.6,0.3,22.2,83,1015.8
2025-11-15 11:00:00,9.2,0.3,22.2,82,1015.8
2025-11-15 12:00:00,9.5,0.3,20.4,80,1015.7
2025-11-15 13:00:00,9.5,0.1,18.5,80,1015.4
2025-11-15 14:00:00,9.7,0.1,18.5,78,1015.3
2025-11-15 15:00:00,9.5,0.1,18.5,78,1015.2
2025-11-15 16:00:00,9.4,0.1,16.7,75,1015.3
2025-11-15 17:00:00,9.1,0.1,16.7,75,1015.4
2025-11-15 18:00:00,8.4,0.1,14.8,77,1015.7
2025-11-15 19:00:00,8.2,0.2,14.8,77,1015.8
2025-11-15 20:00:00,8.0,0.0,14.8,78,1015.9
2025-11-15 21:00:00,7.6,0.0,13.0,79,1016.0
2025-11-15 22:00:00,6.9,0.0,13.0,80,1016.1
2025-11-15 23:00:00,6.7,0.0,11.1,80,1015.9
2025-11-16 00:00:00,6.5,0.0,11.1,80,1015.7
2025-11-16 01:00:00,6.3,0.0,11.1,80,1015.7
2025-11-16 02:00:00,5.9,0.0,9.3,81,1015.6
2025-11-16 03:00:00,5.9,0.0,9.3,81,1015.7
2025-11-16 04:00:00,5.9,0.0,9.3,79,1015.6
2025-11-16 05:00:00,5.8,0.0,7.4,79,1015.6
2025-11-16 06:00:00,5.6,0.0,7.4,81,1015.7
2025-11-16 07:00:00,5.5,0.0,7.4,80,1015.8
2025-11-16 08:00:00,5.4,0.0,7.4,80,1016.1
2025-11-16 09:00:00,5.9,0.0,9.3,79,1016.1
2025-11-16 10:00:00,6.4,0.0,9.3,77,1015.7
2025-11-16 11:00:00,7.3,0.0,9.3,73,1016.0
2025-11-16 12:00:00,7.6,0.0,11.1,71,1015.9
2025-11-16 13:00:00,7.8,0.0,11.1,69,1015.9
2025-11-16 14:00:00,7.8,0.0,11.1,68,1015.9
2025-11-16 15:00:00,7.6,0.0,11.1,68,1015.9
2025-11-16 16:00:00,7.1,0.0,11.1,70,1016.0
2025-11-16 17:00:00,6.5,0.0,13.0,74,1016.4
2025-11-16 18:00:00,5.8,0.0,13.0,76,1016.7
2025-11-16 19:00:00,5.5,0.0,14.8,75,1017.1
2025-11-16 20:00:00,5.0,0.0,14.8,78,1017.5
2025-11-16 21:00:00,4.5,0.0,16.7,79,1018.0
2025-11-16 22:00:00,3.9,0.0,16.7,84,1018.2
2025-11-16 23:00:00,3.9,0.0,16.7,83,1018.6
2025-11-17 00:00:00,3.7,0.0,16.7,82,1018.9
2025-11-17 01:00:00,3.5,0.0,16.7,83,1019.3
2025-11-17 02:00:00,3.4,0.0,16.7,83,1019.9
2025-11-17 03:00:00,3.5,0.0,16.7,81,1020.6
2025-11-17 04:00:00,3.1,0.0,16.7,81,1021.0
2025-11-17 05:00:00,3.0,0.0,16.7,81,1021.6
2025-11-17 06:00:00,2.9,0.0,14.8,81,1022.1
2025-11-17 07:00:00,2.7,0.0,14.8,82,1022.7
2025-11-17 08:00:00,2.7,0.0,14.8,81,1023.4
2025-11-17 09:00:00,3.4,0.0,14.8,79,1023.9
2025-11-17 10:00:00,4.6,0.0,14.8,74,1024.5
2025-11-17 11:00:00,5.6,0.0,14.8,70,1024.9
2025-11-17 12:00:00,6.0,0.0,14.8,68,1024.9
2025-11-17 13:00:00,6.2,0.0,14.8,66,1024.8
2025-11-17 14:00:00,6.0,0.0,13.0,65,1024.8
2025-11-17 15:00:00,5.7,0.0,13.0,64,1024.8
2025-11-17 16:00:00,5.2,0.0,11.1,67,1024.9
2025-11-17 17:00:00,4.0,0.0,11.1,70,1024.9
2025-11-17 18:00:00,2.9,0.0,11.1,75,1024.9
2025-11-17 19:00:00,2.4,0.0,11.1,76,1024.6
2025-11-17 20:00:00,1.9,0.0,11.1,78,1024.2
2025-11-17 21:00:00,1.4,0.0,11.1,79,1023.9
2025-11-17 22:00:00,1.2,0.0,11.1,81,1023.4
2025-11-17 23:00:00,1.1,0.0,11.1,79,1022.7
2025-11-18 00:00:00,0.8,0.0,11.1,81,1021.9
2025-11-18 01:00:00,0.6,0.0,11.1,82,1021.2
2025-11-18 02:00:00,0.4,0.0,11.1,82,1020.6
2025-11-18 03:00:00,0.3,0.0,9.3,82,1020.0
2025-11-18 04:00:00,0.0,0.0,9.3,83,1019.2
2025-11-18 05:00:00,0.1,0.0,9.3,83,1018.3
2025-11-18 06:00:00,0.4,0.0,7.4,84,1017.5
2025-11-18 07:00:00,0.5,0.2,7.4,86,1016.5
2025-11-18 08:00:00,0.9,0.3,5.5,87,1015.6
2025-11-18 09:00:00,1.5,0.5,5.5,87,1014.6
2025-11-18 10:00:00,2.1,0.5,5.5,90,1013.7
2025-11-18 11:00:00,2.8,0.6,5.5,90,1012.3
2025-11-18 12:00:00,3.1,0.6,5.5,93,1010.7
2025-11-18 13:00:00,3.4,0.3,5.5,94,1009.3
2025-11-18 14:00:00,3.7,0.3,5.5,93,1008.4
2025-11-18 15:00:00,3.8,0.3,5.5,92,1008.2
2025-11-18 16:00:00,3.7,0.3,7.4,92,1008.0
2025-11-18 17:00:00,3.4,0.3,9.3,94,1008.0
2025-11-18 18:00:00,3.4,0.3,11.1,91,1008.2
2025-11-18 19:00:00,3.1,0.8,13.0,94,1008.3
2025-11-18 20:00:00,2.9,0.8,14.8,95,1008.7
2025-11-18 21:00:00,2.8,0.8,16.7,95,1009.1
2025-11-18 22:00:00,3.5,0.8,16.7,93,1008.8
2025-11-18 23:00:00,3.5,0.9,18.5,91,1009.1
2025-11-19 00:00:00,3.2,0.9,20.4,92,1009.3
2025-11-19 01:00:00,3.1,0.6,20.4,91,1009.6
2025-11-19 02:00:00,3.0,0.6,20.4,89,1010.1
2025-11-19 03:00:00,2.9,0.6,20.4,87,1010.6
2025-11-19 04:00:00,2.7,0.6,22.2,84,1010.8
2025-11-19 05:00:00,2.7,0.6,20.4,84,1011.1
2025-11-19 06:00:00,2.4,0.5,20.4,85,1011.4
2025-11-19 07:00:00,2.0,0.2,20.4,87,1011.8
2025-11-19 08:00:00,1.7,0.1,18.5,85,1012.1
2025-11-19 09:00:00,1.8,0.1,18.5,81,1012.5
2025-11-19 10:00:00,2.6,0.1,18.5,76,1012.9
2025-11-19 11:00:00,3.0,0.1,18.5,72,1013.0
2025-11-19 12:00:00,3.3,0.1,18.5,68,1012.8
2025-11-19 13:00:00,3.5,0.1,18.5,66,1012.8
2025-11-19 14:00:00,3.2,0.1,18.5,67,1013.1
2025-11-19 15:00:00,3.0,0.1,18.5,67,1013.1
2025-11-19 16:00:00,2.5,0.3,18.5,70,1013.2
2025-11-19 17:00:00,1.6,0.3,18.5,74,1013.2
2025-11-19 18:00:00,1.1,0.2,16.7,74,1013.2
2025-11-19 19:00:00,0.4,0.3,18.5,76,1013.1
2025-11-19 20:00:00,-0.2,0.0,18.5,78,1013.1
2025-11-19 21:00:00,-0.6,0.0,18.5,78,1013.1
2025-11-19 22:00:00,-0.6,0.0,16.7,80,1012.9
2025-11-19 23:00:00,-0.5,0.0,16.7,77,1012.7
2025-11-20 00:00:00,-0.5,0.0,16.7,77,1012.6
2025-11-20 01:00:00,-0.6,0.0,18.5,78,1012.3
2025-11-20 02:00:00,-0.2,0.0,18.5,76,1011.9
2025-11-20 03:00:00,0.1,0.0,18.5,75,1011.6
2025-11-20 04:00:00,0.1,0.0,20.4,72,1011.8
2025-11-20 05:00:00,0.2,0.0,20.4,72,1011.8
2025-11-20 06:00:00,0.0,0.0,20.4,74,1012.1
2025-11-20 07:00:00,-0.1,0.0,20.4,77,1012.5
2025-11-20 08:00:00,0.0,0.0,18.5,79,1012.8
2025-11-20 09:00:00,0.4,0.2,18.5,78,1013.3
2025-11-20 10:00:00,1.5,0.1,16.7,74,1013.8
2025-11-20 11:00:00,2.4,0.1,18.5,71,1013.9
2025-11-20 12:00:00,3.1,0.1,18.5,69,1013.8
2025-11-20 13:00:00,3.4,0.3,16.7,69,1014.2
2025-11-20 14:00:00,3.4,0.3,16.7,72,1015.0
2025-11-20 15:00:00,3.3,0.4,14.8,73,1015.8
2025-11-20 16:00:00,3.2,0.4,14.8,78,1016.4
2025-11-20 17:00:00,2.7,0.4,14.8,83,1017.5
2025-11-20 18:00:00,2.4,0.4,13.0,85,1018.4
2025-11-20 19:00:00,2.1,0.3,13.0,87,1019.3
2025-11-20 20:00:00,1.7,0.3,13.0,90,1020.1
2025-11-20 21:00:00,1.6,0.3,14.8,90,1020.9
2025-11-20 22:00:00,1.6,0.3,13.0,92,1021.5
2025-11-20 23:00:00,1.6,0.3,13.0,90,1021.9
2025-11-21 00:00:00,1.3,0.3,11.1,91,1022.3
2025-11-21 01:00:00,1.1,0.5,13.0,91,1022.7
2025-11-21 02:00:00,0.8,0.4,13.0,91,1023.1
2025-11-21 03:00:00,0.5,0.0,11.1,90,1023.2
2025-11-21 04:00:00,0.4,0.0,11.1,89,1023.5
2025-11-21 05:00:00,0.0,0.0,11.1,89,1023.7
2025-11-21 06:00:00,-0.5,0.0,9.3,89,1024.1
2025-11-21 07:00:00,-0.6,0.0,9.3,88,1024.5
2025-11-21 08:00:00,-0.7,0.0,9.3,87,1024.8
2025-11-21 09:00:00,0.0,0.0,9.3,83,1025.1
2025-11-21 10:00:00,0.9,0.0,9.3,80,1025.1
2025-11-21 11:00:00,1.9,0.0,9.3,76,1025.1
2025-11-21 12:00:00,2.8,0.0,9.3,73,1024.6
2025-11-21 13:00:00,3.4,0.0,11.1,69,1024.2
2025-11-21 14:00:00,3.5,0.0,11.1,69,1023.8
2025-11-21 15:00:00,3.4,0.0,11.1,70,1023.4
2025-11-21 16:00:00,3.6,0.0,11.1,74,1022.8
2025-11-21 17:00:00,3.4,0.0,11.1,76,1022.2
2025-11-21 18:00:00,3.5,0.0,11.1,76,1021.6
2025-11-21 19:00:00,3.6,0.0,11.1,76,1020.9
2025-11-21 20:00:00,3.6,0.0,13.0,77,1020.1
2025-11-21 21:00:00,3.6,0.0,14.8,78,1019.2
2025-11-21 22:00:00,3.6,0.0,14.8,79,1018.6
2025-11-21 23:00:00,3.9,0.0,14.8,79,1017.6
2025-11-22 00:00:00,4.2,0.0,14.8,80,1016.9
2025-11-22 01:00:00,4.5,0.2,16.7,80,1016.2
2025-11-22 02:00:00,4.8,0.2,16.7,82,1015.3
2025-11-22 03:00:00,5.1,0.2,16.7,82,1014.4
2025-11-22 04:00:00,5.0,0.2,18.5,84,1013.5
2025-11-22 05:00:00,5.2,0.2,16.7,84,1012.6
2025-11-22 06:00:00,5.4,0.2,14.8,83,1012.1
2025-11-22 07:00:00,5.4,0.0,13.0,85,1011.6
2025-11-22 08:00:00,5.3,0.0,11.1,84,1011.6
2025-11-22 09:00:00,5.5,0.0,11.1,85,1011.5
2025-11-22 10:00:00,5.9,0.0,11.1,88,1010.9
2025-11-22 11:00:00,6.7,0.0,11.1,86,1010.5
2025-11-22 12:00:00,7.2,0.0,11.1,84,1010.1
2025-11-22 13:00:00,7.4,0.0,13.0,84,1009.7
2025-11-22 14:00:00,7.3,0.0,11.1,84,1009.4
2025-11-22 15:00:00,6.9,0.0,11.1,83,1009.2
2025-11-22 16:00:00,6.5,0.0,9.3,85,1008.7
2025-11-22 17:00:00,5.7,0.0,7.4,88,1008.3
2025-11-22 18:00:00,4.6,0.0,7.4,91,1007.9
2025-11-22 19:00:00,4.5,0.0,7.4,90,1007.3
2025-11-22 20:00:00,4.4,0.0,7.4,90,1006.9
2025-11-22 21:00:00,4.3,0.0,7.4,88,1006.5
2025-11-22 22:00:00,3.8,0.0,7.4,93,1005.8
2025-11-22 23:00:00,3.7,0.0,7.4,91,1004.8
2025-11-23 00:00:00,3.6,0.0,7.4,91,1004.0
2025-11-23 01:00:00,3.6,0.0,7.4,91,1003.1
2025-11-23 02:00:00,3.8,0.0,7.4,89,1001.8
2025-11-23 03:00:00,4.1,0.0,7.4,87,1000.6
2025-11-23 04:00:00,4.4,0.0,7.4,89,999.2
2025-11-23 05:00:00,4.7,0.1,7.4,87,997.5
2025-11-23 06:00:00,4.8,0.2,7.4,88,995.8
2025-11-23 07:00:00,4.9,0.7,7.4,89,994.1
2025-11-23 08:00:00,5.1,0.7,7.4,89,992.8
2025-11-23 09:00:00,5.2,0.7,7.4,91,991.8
2025-11-23 10:00:00,6.0,0.7,9.3,89,990.8
2025-11-23 11:00:00,6.5,0.6,9.3,87,990.2
2025-11-23 12:00:00,6.6,0.6,11.1,87,989.9
2025-11-23 13:00:00,6.7,0.1,13.0,86,989.4
2025-11-23 14:00:00,6.7,0.1,13.0,85,989.4
2025-11-23 15:00:00,6.5,0.1,13.0,85,989.5
2025-11-23 16:00:00,6.2,0.3,13.0,85,989.5
2025-11-23 17:00:00,5.8,0.0,13.0,86,989.3
2025-11-23 18:00:00,4.9,0.0,9.3,89,989.3
2025-11-23 19:00:00,4.8,0.0,9.3,88,988.7
2025-11-23 20:00:00,4.7,0.0,7.4,88,988.5
2025-11-23 21:00:00,4.4,0.4,7.4,88,988.5
2025-11-23 22:00:00,4.0,0.1,7.4,89,988.3
2025-11-23 23:00:00,3.6,0.2,7.4,90,988.3
2025-11-24 00:00:00,3.4,0.2,7.4,91,988.4
2025-11-24 01:00:00,3.1,0.0,7.4,93,988.1
2025-11-24 02:00:00,3.5,0.0,9.3,91,988.1
2025-11-24 03:00:00,4.0,0.0,9.3,91,988.4
2025-11-24 04:00:00,4.4,0.4,11.1,89,988.3
2025-11-24 05:00:00,4.9,0.5,13.0,91,988.6
2025-11-24 06:00:00,5.2,0.5,14.8,91,989.1
2025-11-24 07:00:00,5.4,0.7,16.7,92,990.1
2025-11-24 08:00:00,5.8,0.7,16.7,91,991.3
2025-11-24 09:00:00,6.2,0.7,18.5,90,992.5
2025-11-24 10:00:00,6.9,0.7,18.5,87,993.3
2025-11-24 11:00:00,7.5,0.7,20.4,84,994.6
2025-11-24 12:00:00,7.9,0.7,18.5,81,995.6
2025-11-24 13:00:00,8.1,0.4,18.5,80,996.7
2025-11-24 14:00:00,8.1,0.4,18.5,79,997.9
2025-11-24 15:00:00,7.7,0.4,16.7,79,999.0
2025-11-24 16:00:00,7.5,0.4,16.7,78,1000.1
2025-11-24 17:00:00,6.9,0.4,16.7,81,1001.2
2025-11-24 18:00:00,6.4,0.4,14.8,84,1002.2
2025-11-24 19:00:00,6.1,0.5,14.8,86,1003.2
2025-11-24 20:00:00,5.7,0.5,16.7,89,1004.1
2025-11-24 21:00:00,5.4,0.5,16.7,91,1004.9
2025-11-24 22:00:00,5.7,0.5,14.8,87,1005.9
2025-11-24 23:00:00,5.6,0.5,14.8,86,1006.7
2025-11-25 00:00:00,5.1,0.5,14.8,89,1007.4
2025-11-25 01:00:00,4.8,0.3,14.8,89,1008.1
2025-11-25 02:00:00,4.4,0.3,14.8,88,1008.8
2025-11-25 03:00:00,4.3,0.3,14.8,86,1009.4
2025-11-25 04:00:00,3.7,0.4,16.7,85,1010.3
2025-11-25 05:00:00,3.5,0.4,14.8,86,1010.9
2025-11-25 06:00:00,3.4,0.4,14.8,86,1011.7
2025-11-25 07:00:00,3.2,0.2,14.8,87,1012.6
2025-11-25 08:00:00,3.4,0.2,14.8,86,1013.5
2025-11-25 09:00:00,3.9,0.2,14.8,84,1014.4
2025-11-25 10:00:00,4.7,0.0,13.0,81,1015.1
2025-11-25 11:00:00,5.7,0.0,14.8,78,1015.6
2025-11-25 12:00:00,6.3,0.0,13.0,76,1015.9
2025-11-25 13:00:00,6.8,0.0,14.8,74,1016.3
2025-11-25 14:00:00,6.7,0.0,13.0,74,1017.0
2025-11-25 15:00:00,6.4,0.0,11.1,73,1017.6
2025-11-25 16:00:00,5.9,0.0,11.1,76,1018.2
2025-11-25 17:00:00,4.9,0.0,11.1,79,1018.9
2025-11-25 18:00:00,3.7,0.0,11.1,81,1019.5
2025-11-25 19:00:00,3.3,0.0,11.1,80,1019.9
2025-11-25 20:00:00,2.6,0.0,11.1,82,1020.1
2025-11-25 21:00:00,2.0,0.0,11.1,83,1020.2
2025-11-25 22:00:00,1.6,0.0,11.1,85,1020.5
2025-11-25 23:00:00,1.0,0.0,9.3,85,1020.5
2025-11-26 00:00:00,0.6,0.0,9.3,85,1020.3
2025-11-26 01:00:00,0.3,0.0,9.3,86,1020.3
2025-11-26 02:00:00,0.1,0.0,9.3,86,1020.1
2025-11-26 03:00:00,0.0,0.0,9.3,87,1019.9
2025-11-26 04:00:00,0.0,0.0,7.4,89,1019.6
2025-11-26 05:00:00,0.2,0.0,7.4,86,1019.4
2025-11-26 06:00:00,0.5,0.0,7.4,85,1019.3
2025-11-26 07:00:00,0.8,0.0,9.3,84,1019.0
2025-11-26 08:00:00,1.3,0.0,9.3,83,1018.7
2025-11-26 09:00:00,2.1,0.0,9.3,82,1018.1
2025-11-26 10:00:00,3.3,0.0,9.3,79,1017.4
2025-11-26 11:00:00,4.4,0.0,11.1,79,1016.3
2025-11-26 12:00:00,5.2,0.0,13.0,80,1015.1
2025-11-26 13:00:00,5.5,0.0,14.8,82,1014.2
2025-11-26 14:00:00,5.6,0.0,14.8,85,1013.3
2025-11-26 15:00:00,5.8,0.6,14.8,84,1012.3
2025-11-26 16:00:00,6.1,0.3,18.5,86,1011.2
2025-11-26 17:00:00,6.4,0.3,18.5,87,1010.7
2025-11-26 18:00:00,6.9,0.3,18.5,85,1009.9
2025-11-26 19:00:00,7.3,0.3,18.5,86,1009.4
2025-11-26 20:00:00,7.8,0.3,18.5,87,1008.8
2025-11-26 21:00:00,8.2,0.2,18.5,87,1008.2
2025-11-26 22:00:00,9.2,0.0,20.4,89,1007.5
2025-11-26 23:00:00,9.8,0.0,20.4,88,1006.7
2025-11-27 00:00:00,10.4,0.0,20.4,87,1006.0
2025-11-27 01:00:00,10.9,0.0,20.4,86,1005.6
2025-11-27 02:00:00,11.6,0.0,22.2,85,1005.1
2025-11-27 03:00:00,12.0,0.0,22.2,85,1004.6
2025-11-27 04:00:00,12.0,0.0,24.1,85,1004.2
2025-11-27 05:00:00,12.5,0.0,22.2,83,1004.0
2025-11-27 06:00:00,12.7,0.0,20.4,82,1003.7
2025-11-27 07:00:00,12.7,0.0,20.4,84,1003.5
2025-11-27 08:00:00,12.8,0.0,20.4,84,1003.6
2025-11-27 09:00:00,13.1,0.0,22.2,84,1003.3
2025-11-27 10:00:00,13.0,0.0,22.2,87,1003.0
2025-11-27 11:00:00,13.5,0.0,24.1,85,1002.4
2025-11-27 12:00:00,14.0,0.0,27.8,83,1001.6
2025-11-27 13:00:00,14.3,0.0,29.6,82,1000.9
2025-11-27 14:00:00,14.4,0.0,31.5,81,1000.3
2025-11-27 15:00:00,14.4,0.0,31.5,78,999.9
2025-11-27 16:00:00,14.0,0.0,33.3,81,999.4
2025-11-27 17:00:00,13.7,0.0,33.3,79,999.5
2025-11-27 18:00:00,13.2,0.0,31.5,77,999.4
2025-11-27 19:00:00,12.4,0.0,31.5,75,999.9
2025-11-27 20:00:00,11.7,0.0,31.5,75,1000.4
2025-11-27 21:00:00,11.2,0.0,33.3,72,1000.9
2025-11-27 22:00:00,10.9,0.0,35.2,72,1001.0
2025-11-27 23:00:00,10.7,0.0,37.0,71,1000.9
2025-11-28 00:00:00,10.5,0.0,37.0,71,1001.1
2025-11-28 01:00:00,10.2,0.0,37.0,70,1000.8
2025-11-28 02:00:00,10.2,0.0,38.9,69,1000.6
2025-11-28 03:00:00,10.1,0.0,38.9,69,1000.5
2025-11-28 04:00:00,10.2,0.0,38.9,65,1000.1
2025-11-28 05:00:00,10.1,0.0,37.0,65,999.7
2025-11-28 06:00:00,9.8,0.0,37.0,67,999.3
2025-11-28 07:00:00,9.8,0.0,35.2,66,999.1
2025-11-28 08:00:00,9.9,0.0,35.2,67,998.9
2025-11-28 09:00:00,10.0,0.0,35.2,68,998.6
2025-11-28 10:00:00,10.2,0.0,35.2,67,998.5
2025-11-28 11:00:00,10.5,0.1,35.2,68,998.0
2025-11-28 12:00:00,10.6,0.1,35.2,68,997.4
2025-11-28 13:00:00,10.6,0.3,35.2,67,996.9
2025-11-28 14:00:00,10.2,0.3,35.2,68,996.6
2025-11-28 15:00:00,9.7,0.2,35.2,67,996.1
2025-11-28 16:00:00,8.9,0.2,35.2,71,996.1
2025-11-28 17:00:00,8.6,0.0,33.3,71,996.6
2025-11-28 18:00:00,8.0,0.0,31.5,73,996.9
2025-11-28 19:00:00,7.9,0.0,31.5,72,997.5
2025-11-28 20:00:00,7.9,0.0,29.6,73,998.1
2025-11-28 21:00:00,7.9,0.0,29.6,73,998.4
2025-11-28 22:00:00,7.8,0.0,27.8,72,998.8
2025-11-28 23:00:00,7.7,0.0,25.9,72,999.1
2025-11-29 00:00:00,7.3,0.0,22.2,75,999.4
2025-11-29 01:00:00,7.1,0.0,18.5,75,999.4
2025-11-29 02:00:00,6.7,0.0,16.7,76,999.4
2025-11-29 03:00:00,6.4,0.0,13.0,77,999.4
2025-11-29 04:00:00,5.9,0.0,9.3,80,999.5
2025-11-29 05:00:00,5.6,0.0,7.4,80,999.4
2025-11-29 06:00:00,5.5,0.0,7.4,79,999.4
2025-11-29 07:00:00,5.0,0.0,7.4,82,999.4
2025-11-29 08:00:00,4.7,0.0,7.4,83,999.5
2025-11-29 09:00:00,4.9,0.4,7.4,84,999.6
2025-11-29 10:00:00,5.2,0.2,5.5,86,999.5
2025-11-29 11:00:00,5.8,0.2,7.4,85,999.2
2025-11-29 12:00:00,6.2,0.2,9.3,85,998.8
2025-11-29 13:00:00,6.4,0.5,11.1,85,998.7
2025-11-29 14:00:00,6.2,0.5,14.8,85,998.9
2025-11-29 15:00:00,6.0,0.5,16.7,86,999.1
2025-11-29 16:00:00,6.0,0.8,16.7,87,998.7
2025-11-29 17:00:00,6.1,0.8,18.5,85,999.1
2025-11-29 18:00:00,5.1,0.8,20.4,89,999.6
2025-11-29 19:00:00,5.0,0.7,20.4,89,999.8
2025-11-29 20:00:00,4.5,0.6,20.4,89,1000.4
2025-11-29 21:00:00,4.3,0.6,22.2,88,1000.9
2025-11-29 22:00:00,3.8,0.7,20.4,86,1001.1
2025-11-29 23:00:00,3.7,0.5,20.4,82,1001.7
2025-11-30 00:00:00,3.7,0.3,20.4,81,1001.9
2025-11-30 01:00:00,3.6,0.0,20.4,80,1002.1
2025-11-30 02:00:00,3.9,0.0,20.4,78,1002.4
2025-11-30 03:00:00,4.1,0.0,20.4,76,1002.9
2025-11-30 04:00:00,4.0,0.0,22.2,76,1002.9
2025-11-30 05:00:00,4.1,0.0,24.1,75,1003.7
2025-11-30 06:00:00,4.1,0.0,24.1,75,1004.8
2025-11-30 07:00:00,4.0,0.0,22.2,75,1005.8
2025-11-30 08:00:00,4.0,0.0,20.4,74,1006.6
2025-11-30 09:00:00,4.1,0.0,18.5,74,1007.6
2025-11-30 10:00:00,4.2,0.0,16.7,74,1008.3
2025-11-30 11:00:00,5.0,0.0,16.7,71,1008.5
2025-11-30 12:00:00,5.5,0.0,16.7,68,1008.6
2025-11-30 13:00:00,5.8,0.0,16.7,66,1008.8
2025-11-30 14:00:00,5.6,0.0,14.8,66,1009.1
2025-11-30 15:00:00,5.0,0.0,13.0,68,1009.3
2025-11-30 16:00:00,4.6,0.0,9.3,68,1009.1
2025-11-30 17:00:00,3.7,0.0,9.3,72,1008.6
2025-11-30 18:00:00,3.4,0.0,7.4,73,1008.3
2025-11-30 19:00:00,3.2,0.0,9.3,76,1007.6
2025-11-30 20:00:00,3.5,0.0,9.3,77,1007.0
2025-11-30 21:00:00,3.7,0.0,11.1,79,1006.0
2025-11-30 22:00:00,4.1,0.0,13.0,80,1004.8
2025-11-30 23:00:00,4.5,0.0,13.0,81,1003.7
2025-12-01 00:00:00,5.0,0.0,13.0,83,1002.5
2025-12-01 01:00:00,5.5,0.3,14.8,83,1001.1
2025-12-01 02:00:00,6.0,0.3,16.7,83,999.6
2025-12-01 03:00:00,6.4,0.4,16.7,84,998.0
2025-12-01 04:00:00,6.6,0.3,16.7,85,996.1
2025-12-01 05:00:00,7.1,0.3,16.7,86,994.4
2025-12-01 06:00:00,7.8,0.4,14.8,85,993.0
2025-12-01 07:00:00,8.3,0.4,14.8,84,991.9
2025-12-01 08:00:00,8.6,0.4,14.8,84,991.1
2025-12-01 09:00:00,9.0,0.4,13.0,86,990.3
2025-12-01 10:00:00,9.2,0.4,13.0,86,989.7
2025-12-01 11:00:00,9.6,0.4,13.0,89,989.2
2025-12-01 12:00:00,10.1,0.3,11.1,89,988.4
2025-12-01 13:00:00,10.5,0.4,11.1,89,987.6
2025-12-01 14:00:00,10.9,0.4,11.1,87,986.9
2025-12-01 15:00:00,11.1,0.4,11.1,87,986.5
2025-12-01 16:00:00,11.2,0.4,11.1,86,985.9
2025-12-01 17:00:00,11.2,0.4,11.1,85,985.7
2025-12-01 18:00:00,11.2,0.4,13.0,85,985.5
2025-12-01 19:00:00,11.1,0.4,13.0,81,985.3
2025-12-01 20:00:00,10.8,0.3,14.8,82,985.2
2025-12-01 21:00:00,10.7,0.3,16.7,81,985.3
2025-12-01 22:00:00,11.5,0.4,22.2,83,984.1
2025-12-01 23:00:00,11.2,0.4,24.1,80,984.8
2025-12-02 00:00:00,10.6,0.0,24.1,79,985.7
2025-12-02 01:00:00,10.3,0.0,24.1,76,986.7
2025-12-02 02:00:00,9.8,0.0,24.1,75,987.7
2025-12-02 03:00:00,9.3,0.0,22.2,76,988.8
2025-12-02 04:00:00,8.9,0.0,22.2,74,989.8
2025-12-02 05:00:00,8.6,0.0,18.5,75,990.7
2025-12-02 06:00:00,8.3,0.0,16.7,74,991.4
2025-12-02 07:00:00,8.2,0.0,16.7,73,992.6
2025-12-02 08:00:00,8.0,0.0,14.8,74,993.6
2025-12-02 09:00:00,8.1,0.0,14.8,75,994.6
2025-12-02 10:00:00,8.4,0.0,14.8,75,995.4
2025-12-02 11:00:00,9.2,0.0,16.7,74,996.1
2025-12-02 12:00:00,9.6,0.0,16.7,72,996.6
2025-12-02 13:00:00,9.8,0.0,16.7,71,997.3
2025-12-02 14:00:00,9.7,0.0,16.7,71,997.9
2025-12-02 15:00:00,9.3,0.0,14.8,71,998.5
2025-12-02 16:00:00,8.6,0.0,13.0,72,999.0
2025-12-02 17:00:00,7.9,0.0,11.1,74,999.7
2025-12-02 18:00:00,6.3,0.0,11.1,81,1000.3
2025-12-02 19:00:00,6.3,0.0,9.3,81,1001.0
2025-12-02 20:00:00,6.2,0.0,9.3,81,1001.4
2025-12-02 21:00:00,6.1,0.0,9.3,82,1001.6
2025-12-02 22:00:00,6.1,0.0,9.3,80,1001.9
2025-12-02 23:00:00,5.8,0.0,7.4,80,1002.1
2025-12-03 00:00:00,5.6,0.0,7.4,81,1002.3
2025-12-03 01:00:00,5.4,0.0,7.4,82,1002.6
2025-12-03 02:00:00,5.3,0.0,7.4,82,1002.7
2025-12-03 03:00:00,5.2,0.0,7.4,83,1002.7
2025-12-03 04:00:00,4.8,0.0,7.4,85,1002.8
2025-12-03 05:00:00,4.6,0.0,7.4,85,1002.7
2025-12-03 06:00:00,4.6,0.0,7.4,84,1002.8
2025-12-03 07:00:00,4.6,0.0,7.4,83,1003.1
2025-12-03 08:00:00,4.6,0.0,7.4,84,1003.3
2025-12-03 09:00:00,4.9,0.0,7.4,83,1003.6
2025-12-03 10:00:00,5.2,0.0,9.3,84,1003.5
2025-12-03 11:00:00,6.1,0.0,11.1,82,1003.2
2025-12-03 12:00:00,7.0,0.0,11.1,78,1002.9
2025-12-03 13:00:00,7.3,0.0,13.0,78,1002.8
2025-12-03 14:00:00,7.5,0.0,13.0,77,1002.7
2025-12-03 15:00:00,7.4,0.0,11.1,77,1002.6
2025-12-03 16:00:00,6.9,0.0,11.1,80,1002.3
2025-12-03 17:00:00,6.3,0.0,11.1,82,1002.4
2025-12-03 18:00:00,5.6,0.0,9.3,84,1002.3
2025-12-03 19:00:00,5.5,0.0,9.3,83,1002.0
2025-12-03 20:00:00,5.5,0.0,9.3,83,1001.7
2025-12-03 21:00:00,5.5,0.0,9.3,83,1001.2
2025-12-03 22:00:00,5.5,0.0,9.3,83,1000.8
2025-12-03 23:00:00,5.5,0.0,9.3,83,1000.4
2025-12-04 00:00:00,5.5,0.0,9.3,83,1000.0
2025-12-04 01:00:00,5.5,0.0,9.3,83,999.4
2025-12-04 02:00:00,5.5,0.0,9.3,83,998.9
2025-12-04 03:00:00,5.6,0.0,9.3,83,998.1
2025-12-04 04:00:00,5.5,0.0,9.3,83,997.7
2025-12-04 05:00:00,5.7,0.0,9.3,83,997.3
2025-12-04 06:00:00,5.7,0.0,9.3,84,996.7
2025-12-04 07:00:00,6.8,0.0,11.1,79,996.4
2025-12-04 08:00:00,6.9,0.0,11.1,81,996.1
2025-12-04 09:00:00,6.8,0.0,11.1,84,996.0
2025-12-04 10:00:00,6.9,0.0,9.3,86,996.4
2025-12-04 11:00:00,7.3,0.0,9.3,85,996.2
2025-12-04 12:00:00,7.6,0.0,9.3,85,996.1
2025-12-04 13:00:00,7.8,0.4,9.3,84,995.9
2025-12-04 14:00:00,7.9,0.5,9.3,84,995.9
2025-12-04 15:00:00,7.9,0.6,9.3,83,995.9
2025-12-04 16:00:00,7.9,0.5,9.3,82,995.9
2025-12-04 17:00:00,7.6,0.5,9.3,84,996.3
2025-12-04 18:00:00,6.8,0.5,9.3,89,996.4
2025-12-04 19:00:00,6.6,0.5,9.3,91,996.7
2025-12-04 20:00:00,6.5,0.5,7.4,92,996.8
2025-12-04 21:00:00,6.3,0.5,7.4,93,997.2
2025-12-04 22:00:00,6.3,0.6,7.4,91,997.6
2025-12-04 23:00:00,6.3,0.6,9.3,90,997.6
2025-12-05 00:00:00,5.9,0.5,9.3,93,998.0
2025-12-05 01:00:00,5.7,0.0,9.3,93,998.3
2025-12-05 02:00:00,5.6,0.0,11.1,93,998.5
2025-12-05 03:00:00,5.2,0.0,9.3,93,999.0
2025-12-05 04:00:00,5.1,0.4,9.3,92,999.1
2025-12-05 05:00:00,4.8,0.3,9.3,93,999.3
2025-12-05 06:00:00,4.6,0.3,9.3,92,999.6
2025-12-05 07:00:00,4.2,0.4,9.3,93,1000.0
2025-12-05 08:00:00,3.9,0.0,9.3,93,1000.3
2025-12-05 09:00:00,3.9,0.0,9.3,93,1000.4
2025-12-05 10:00:00,4.7,0.0,9.3,89,1000.6
2025-12-05 11:00:00,5.6,0.0,11.1,85,1000.0
2025-12-05 12:00:00,6.2,0.0,13.0,81,999.3
2025-12-05 13:00:00,6.3,0.0,13.0,81,998.6
2025-12-05 14:00:00,6.3,0.0,14.8,81,997.9
2025-12-05 15:00:00,6.3,0.0,14.8,79,997.0
2025-12-05 16:00:00,6.7,0.0,16.7,81,996.1
2025-12-05 17:00:00,6.5,0.1,16.7,83,994.8
2025-12-05 18:00:00,6.4,0.1,20.4,84,993.3
2025-12-05 19:00:00,6.3,0.7,22.2,83,991.9
2025-12-05 20:00:00,6.0,0.8,22.2,85,990.6
2025-12-05 21:00:00,6.1,0.8,24.1,84,989.5
2025-12-05 22:00:00,7.0,0.6,22.2,80,988.5
2025-12-05 23:00:00,7.0,0.6,20.4,80,987.4
2025-12-06 00:00:00,7.2,0.5,16.7,81,986.3
2025-12-06 01:00:00,7.3,0.5,16.7,84,985.6
2025-12-06 02:00:00,7.7,0.4,14.8,83,985.0
2025-12-06 03:00:00,8.0,0.4,13.0,83,984.6
2025-12-06 04:00:00,7.8,0.0,9.3,85,984.3
2025-12-06 05:00:00,7.9,0.0,9.3,86,984.4
2025-12-06 06:00:00,8.1,0.0,9.3,85,984.8
2025-12-06 07:00:00,8.3,0.0,7.4,84,985.1
2025-12-06 08:00:00,8.3,0.0,7.4,84,985.3
2025-12-06 09:00:00,8.5,0.5,7.4,85,985.7
2025-12-06 10:00:00,8.4,0.2,7.4,90,986.0
2025-12-06 11:00:00,8.9,0.2,7.4,88,986.3
2025-12-06 12:00:00,9.1,0.2,5.5,87,986.5
2025-12-06 13:00:00,9.2,0.4,7.4,87,986.8
2025-12-06 14:00:00,9.3,0.0,7.4,87,987.5
2025-12-06 15:00:00,9.1,0.0,7.4,86,988.3
2025-12-06 16:00:00,8.8,0.0,7.4,86,988.9
2025-12-06 17:00:00,8.4,0.0,7.4,86,989.5
2025-12-06 18:00:00,7.2,0.0,7.4,91,990.2
2025-12-06 19:00:00,7.1,0.0,9.3,90,990.9
2025-12-06 20:00:00,7.0,0.0,9.3,90,991.8
2025-12-06 21:00:00,6.9,0.0,9.3,89,992.6
2025-12-06 22:00:00,5.8,0.0,9.3,96,993.3
2025-12-06 23:00:00,5.8,0.0,9.3,95,994.0
2025-12-07 00:00:00,5.9,0.0,7.4,93,994.7
2025-12-07 01:00:00,5.8,0.0,7.4,95,995.4
2025-12-07 02:00:00,6.1,0.0,9.3,93,995.8
2025-12-07 03:00:00,6.1,0.0,7.4,93,996.3
2025-12-07 04:00:00,6.5,0.0,7.4,92,996.8
2025-12-07 05:00:00,6.5,0.0,7.4,90,997.2
2025-12-07 06:00:00,6.5,0.0,7.4,89,997.5
2025-12-07 07:00:00,6.5,0.0,7.4,89,997.8
2025-12-07 08:00:00,6.4,0.0,7.4,89,997.9
2025-12-07 09:00:00,6.7,0.0,7.4,88,998.1
2025-12-07 10:00:00,6.8,0.0,5.5,90,997.8
2025-12-07 11:00:00,7.5,0.0,5.5,89,997.1
2025-12-07 12:00:00,8.1,0.0,5.5,87,996.1
2025-12-07 13:00:00,8.4,0.5,5.5,87,994.7
2025-12-07 14:00:00,8.5,0.8,7.4,88,993.1
2025-12-07 15:00:00,8.6,1.1,9.3,89,991.6
2025-12-07 16:00:00,8.8,1.1,9.3,91,989.6
2025-12-07 17:00:00,8.8,1.2,7.4,94,988.2
2025-12-07 18:00:00,9.0,1.3,11.1,90,987.4
2025-12-07 19:00:00,9.0,0.5,14.8,87,987.8
2025-12-07 20:00:00,8.9,0.4,20.4,86,988.9
2025-12-07 21:00:00,8.5,0.3,24.1,84,990.6
2025-12-07 22:00:00,9.0,0.0,25.9,83,991.3
2025-12-07 23:00:00,9.2,0.0,25.9,80,992.5
2025-12-08 00:00:00,9.2,0.0,22.2,80,994.0
2025-12-08 01:00:00,9.2,0.0,20.4,80,995.2
2025-12-08 02:00:00,9.0,0.0,20.4,81,995.6
2025-12-08 03:00:00,8.9,0.0,18.5,82,996.0
2025-12-08 04:00:00,9.0,0.0,16.7,80,996.5
2025-12-08 05:00:00,9.0,0.0,14.8,81,996.4
2025-12-08 06:00:00,9.1,0.0,14.8,81,996.1
2025-12-08 07:00:00,9.4,0.0,14.8,78,996.5
2025-12-08 08:00:00,9.6,0.0,16.7,77,996.7
2025-12-08 09:00:00,10.2,0.0,18.5,75,997.2
2025-12-08 10:00:00,10.1,0.0,18.5,76,997.2
2025-12-08 11:00:00,11.0,0.0,22.2,72,998.0
2025-12-08 12:00:00,11.5,0.0,22.2,69,998.6
2025-12-08 13:00:00,11.8,0.0,22.2,69,999.1
2025-12-08 14:00:00,11.6,0.0,22.2,70,999.9
2025-12-08 15:00:00,11.4,0.0,20.4,69,1000.6
2025-12-08 16:00:00,10.9,0.0,18.5,70,1001.2
2025-12-08 17:00:00,10.4,0.0,16.7,72,1001.4
2025-12-08 18:00:00,9.0,0.0,14.8,78,1001.8
2025-12-08 19:00:00,9.0,0.0,13.0,77,1002.2
2025-12-08 20:00:00,8.8,0.0,11.1,79,1002.4
2025-12-08 21:00:00,8.8,0.0,11.1,80,1002.4
2025-12-08 22:00:00,8.4,0.0,9.3,84,1002.7
2025-12-08 23:00:00,8.4,0.0,9.3,83,1002.8
2025-12-09 00:00:00,8.6,0.0,7.4,83,1002.7
2025-12-09 01:00:00,8.7,0.0,7.4,85,1002.6
2025-12-09 02:00:00,9.0,0.0,7.4,85,1002.1
2025-12-09 03:00:00,9.4,0.0,7.4,84,1001.4
2025-12-09 04:00:00,9.9,0.3,7.4,84,1000.2
2025-12-09 05:00:00,10.3,0.5,7.4,84,999.0
2025-12-09 06:00:00,10.8,0.7,9.3,83,997.3
2025-12-09 07:00:00,11.1,1.4,11.1,83,995.9
2025-12-09 08:00:00,11.5,1.4,11.1,82,994.7
2025-12-09 09:00:00,12.0,1.4,13.0,82,993.8
2025-12-09 10:00:00,12.7,1.5,14.8,86,991.7
2025-12-09 11:00:00,13.1,1.4,16.7,87,991.1
2025-12-09 12:00:00,13.7,1.4,18.5,85,990.5
2025-12-09 13:00:00,14.2,0.1,20.4,83,989.9
2025-12-09 14:00:00,14.9,0.1,22.2,80,989.3
2025-12-09 15:00:00,15.1,0.1,25.9,77,988.6
2025-12-09 16:00:00,15.1,0.0,27.8,77,988.3
2025-12-09 17:00:00,14.7,0.0,33.3,77,987.4
2025-12-09 18:00:00,13.6,0.0,37.0,78,987.1
2025-12-09 19:00:00,13.5,0.0,40.8,73,987.9
2025-12-09 20:00:00,13.2,0.0,44.5,72,989.1
2025-12-09 21:00:00,12.8,0.0,44.5,69,990.6
2025-12-09 22:00:00,13.1,0.0,46.3,67,991.2
2025-12-09 23:00:00,12.6,0.0,44.5,68,992.3
2025-12-10 00:00:00,12.1,0.0,40.8,69,994.1
2025-12-10 01:00:00,11.6,0.0,38.9,70,995.6
2025-12-10 02:00:00,11.3,0.0,38.9,70,996.7
2025-12-10 03:00:00,11.1,0.0,37.0,71,997.6
2025-12-10 04:00:00,11.5,0.0,35.2,67,998.5
2025-12-10 05:00:00,11.3,0.0,33.3,68,998.7
2025-12-10 06:00:00,11.1,0.0,33.3,68,999.0
2025-12-10 07:00:00,11.1,0.0,31.5,68,999.6
2025-12-10 08:00:00,11.0,0.0,31.5,68,1000.1
2025-12-10 09:00:00,11.0,0.0,33.3,69,1000.7
2025-12-10 10:00:00,10.7,0.0,33.3,71,1000.8
2025-12-10 11:00:00,11.2,0.0,35.2,69,1001.5
2025-12-10 12:00:00,11.6,0.0,37.0,68,1002.1
2025-12-10 13:00:00,11.6,0.0,37.0,68,1003.1
2025-12-10 14:00:00,11.6,0.0,33.3,68,1004.4
2025-12-10 15:00:00,11.3,0.0,31.5,67,1005.5
2025-12-10 16:00:00,11.0,0.0,29.6,68,1006.5
2025-12-10 17:00:00,10.6,0.0,29.6,69,1007.3
2025-12-10 18:00:00,10.1,0.0,29.6,72,1008.1
2025-12-10 19:00:00,10.1,0.0,29.6,72,1009.1
2025-12-10 20:00:00,10.1,0.0,27.8,74,1009.8
2025-12-10 21:00:00,10.1,0.0,27.8,75,1010.1
2025-12-10 22:00:00,10.3,0.0,27.8,73,1010.3
2025-12-10 23:00:00,10.5,0.0,27.8,72,1010.6
2025-12-11 00:00:00,10.6,0.0,27.8,71,1010.6
2025-12-11 01:00:00,10.6,0.0,25.9,71,1010.9
2025-12-11 02:00:00,10.7,0.0,27.8,70,1010.9
2025-12-11 03:00:00,10.7,0.0,25.9,70,1010.9
2025-12-11 04:00:00,10.6,0.0,27.8,69,1010.9
2025-12-11 05:00:00,10.6,0.0,25.9,68,1010.8
2025-12-11 06:00:00,10.5,0.0,25.9,68,1010.6
2025-12-11 07:00:00,10.4,0.0,24.1,68,1010.6
2025-12-11 08:00:00,10.1,0.0,24.1,70,1010.5
2025-12-11 09:00:00,10.1,0.0,24.1,71,1010.5
2025-12-11 10:00:00,10.1,0.0,24.1,72,1010.7
2025-12-11 11:00:00,10.8,0.0,25.9,69,1010.3
2025-12-11 12:00:00,11.2,0.0,25.9,68,1009.9
2025-12-11 13:00:00,11.3,0.0,25.9,68,1009.8
2025-12-11 14:00:00,11.4,0.0,24.1,68,1009.8
2025-12-11 15:00:00,11.1,0.0,22.2,68,1009.9
2025-12-11 16:00:00,10.8,0.0,20.4,69,1009.9
2025-12-11 17:00:00,10.4,0.0,18.5,71,1009.8
2025-12-11 18:00:00,9.2,0.0,16.7,77,1009.8
2025-12-11 19:00:00,9.1,0.0,14.8,77,1009.9
2025-12-11 20:00:00,9.0,0.0,14.8,79,1010.0
2025-12-11 21:00:00,9.1,0.0,16.7,79,1009.8
2025-12-11 22:00:00,9.2,0.0,16.7,78,1009.6
2025-12-11 23:00:00,9.3,0.0,14.8,77,1009.5
2025-12-12 00:00:00,9.5,0.0,14.8,77,1009.5
2025-12-12 01:00:00,9.4,0.0,14.8,78,1009.6
2025-12-12 02:00:00,9.5,0.0,14.8,78,1009.5
2025-12-12 03:00:00,9.8,0.0,13.0,77,1009.5
2025-12-12 04:00:00,9.8,0.0,11.1,78,1009.6
2025-12-12 05:00:00,9.9,0.0,11.1,77,1009.6
2025-12-12 06:00:00,9.0,0.0,9.3,83,1009.9
2025-12-12 07:00:00,8.9,0.0,9.3,83,1010.5
2025-12-12 08:00:00,8.8,1.3,7.4,81,1011.1
2025-12-12 09:00:00,8.8,0.0,7.4,79,1011.8
2025-12-12 10:00:00,8.2,0.2,9.3,83,1012.3
2025-12-12 11:00:00,8.1,0.0,9.3,85,1012.7
2025-12-12 12:00:00,7.9,0.0,9.3,85,1012.9
2025-12-12 13:00:00,8.0,0.0,11.1,83,1013.5
2025-12-12 14:00:00,7.9,0.0,11.1,83,1014.0
2025-12-12 15:00:00,7.9,0.0,11.1,79,1014.6
2025-12-12 16:00:00,7.6,0.0,9.3,77,1015.1
2025-12-12 17:00:00,7.0,0.0,9.3,78,1015.3
2025-12-12 18:00:00,6.4,0.0,9.3,80,1015.9
2025-12-12 19:00:00,6.4,0.0,9.3,79,1016.6
2025-12-12 20:00:00,6.4,0.0,11.1,78,1017.2
2025-12-12 21:00:00,6.4,0.0,11.1,79,1017.7
2025-12-12 22:00:00,6.0,0.0,11.1,80,1018.0
2025-12-12 23:00:00,6.0,0.0,11.1,80,1018.5
2025-12-13 00:00:00,6.0,0.0,11.1,80,1018.8
2025-12-13 01:00:00,5.9,0.0,11.1,81,1019.4
2025-12-13 02:00:00,5.8,0.0,11.1,81,1019.7
2025-12-13 03:00:00,5.9,0.0,11.1,81,1019.9
2025-12-13 04:00:00,5.9,0.0,13.0,80,1020.1
2025-12-13 05:00:00,6.1,0.0,13.0,79,1020.2
2025-12-13 06:00:00,6.2,0.0,13.0,78,1020.2
2025-12-13 07:00:00,6.4,0.0,13.0,76,1020.6
2025-12-13 08:00:00,6.7,0.0,14.8,77,1020.9
2025-12-13 09:00:00,7.2,0.0,16.7,76,1021.2
2025-12-13 10:00:00,7.5,0.0,18.5,77,1020.8
2025-12-13 11:00:00,8.6,0.0,20.4,74,1020.1
2025-12-13 12:00:00,9.3,0.0,24.1,73,1019.1
2025-12-13 13:00:00,9.7,0.0,25.9,72,1018.1
2025-12-13 14:00:00,9.8,0.0,27.8,72,1017.3
2025-12-13 15:00:00,9.8,0.0,29.6,71,1016.5
2025-12-13 16:00:00,9.6,0.0,31.5,74,1015.4
2025-12-13 17:00:00,10.0,0.0,33.3,72,1014.8
2025-12-13 18:00:00,10.4,0.0,33.3,72,1014.1
2025-12-13 19:00:00,10.2,0.0,35.2,73,1013.8
2025-12-13 20:00:00,10.3,0.0,37.0,75,1013.4
2025-12-13 21:00:00,10.6,0.0,37.0,75,1013.0
2025-12-13 22:00:00,10.8,0.0,38.9,74,1012.7
2025-12-13 23:00:00,11.0,0.0,38.9,74,1012.0
2025-12-14 00:00:00,11.0,0.0,38.9,76,1011.4
2025-12-14 01:00:00,11.2,0.1,38.9,77,1010.9
2025-12-14 02:00:00,11.4,0.1,38.9,77,1010.6
2025-12-14 03:00:00,11.5,0.1,38.9,78,1010.1
2025-12-14 04:00:00,11.6,0.0,37.0,78,1009.5
2025-12-14 05:00:00,11.7,0.0,35.2,79,1009.1
2025-12-14 06:00:00,11.6,0.0,33.3,80,1008.8
2025-12-14 07:00:00,11.7,0.0,33.3,79,1008.5
2025-12-14 08:00:00,11.9,0.0,33.3,78,1008.5
2025-12-14 09:00:00,12.0,0.0,33.3,78,1008.3
2025-12-14 10:00:00,12.3,0.0,33.3,77,1007.7
2025-12-14 11:00:00,12.3,0.0,33.3,78,1006.9
2025-12-14 12:00:00,12.4,0.0,33.3,77,1005.8
2025-12-14 13:00:00,12.4,0.1,33.3,77,1004.9
2025-12-14 14:00:00,12.4,0.1,35.2,77,1004.0
2025-12-14 15:00:00,12.3,0.1,35.2,77,1003.2
2025-12-14 16:00:00,12.0,0.1,35.2,80,1002.4
2025-12-14 17:00:00,12.1,0.1,37.0,79,1002.0
2025-12-14 18:00:00,12.3,0.1,35.2,78,1001.2
2025-12-14 19:00:00,12.1,0.1,35.2,79,1000.7
2025-12-14 20:00:00,12.0,0.1,35.2,80,1000.2
2025-12-14 21:00:00,12.1,0.1,35.2,80,999.7
2025-12-14 22:00:00,12.1,0.1,35.2,82,999.2
2025-12-14 23:00:00,11.9,0.1,35.2,84,998.9
2025-12-15 00:00:00,11.9,0.1,33.3,84,998.8
2025-12-15 01:00:00,11.9,0.2,31.5,84,998.9
2025-12-15 02:00:00,11.9,0.2,29.6,85,998.9
2025-12-15 03:00:00,11.7,0.1,24.1,85,999.0
2025-12-15 04:00:00,11.3,0.3,16.7,85,999.5
2025-12-15 05:00:00,11.1,0.2,13.0,85,999.5
2025-12-15 06:00:00,10.1,0.2,11.1,89,999.5
2025-12-15 07:00:00,9.9,0.3,9.3,89,999.6
2025-12-15 08:00:00,9.6,0.3,7.4,89,1000.0
2025-12-15 09:00:00,9.3,0.3,7.4,89,1000.3
2025-12-15 10:00:00,8.8,0.3,5.5,93,1000.5
2025-12-15 11:00:00,8.7,0.3,5.5,95,1000.2
2025-12-15 12:00:00,8.6,0.3,7.4,95,999.9
2025-12-15 13:00:00,8.7,1.1,7.4,93,999.6
2025-12-15 14:00:00,8.5,1.2,7.4,93,999.4
2025-12-15 15:00:00,8.5,1.2,7.4,92,999.4
2025-12-15 16:00:00,8.6,1.2,7.4,88,999.6
2025-12-15 17:00:00,8.0,1.2,7.4,91,1000.0
2025-12-15 18:00:00,7.5,1.2,9.3,92,1000.3
2025-12-15 19:00:00,7.0,0.5,9.3,92,1000.9
2025-12-15 20:00:00,6.5,0.5,9.3,93,1001.4
2025-12-15 21:00:00,5.8,0.4,9.3,96,1001.8
2025-12-15 22:00:00,5.7,0.4,9.3,90,1002.7
2025-12-15 23:00:00,5.0,0.3,9.3,91,1003.1
2025-12-16 00:00:00,4.4,0.3,9.3,92,1003.6
2025-12-16 01:00:00,3.9,0.0,9.3,93,1004.1
2025-12-16 02:00:00,3.3,0.0,9.3,95,1004.4
2025-12-16 03:00:00,3.0,0.0,9.3,95,1004.7
2025-12-16 04:00:00,3.4,0.0,7.4,88,1005.4
2025-12-16 05:00:00,3.4,0.0,7.4,89,1005.9
2025-12-16 06:00:00,3.5,0.0,7.4,87,1006.5
2025-12-16 07:00:00,3.2,0.0,7.4,89,1007.4
2025-12-16 08:00:00,3.1,0.0,7.4,90,1008.1
2025-12-16 09:00:00,3.3,0.0,7.4,91,1008.8
2025-12-16 10:00:00,3.6,0.0,7.4,89,1009.4
2025-12-16 11:00:00,4.4,0.0,7.4,87,1009.7
2025-12-16 12:00:00,4.9,0.0,7.4,86,1009.9
2025-12-16 13:00:00,5.2,0.0,9.3,84,1010.2
2025-12-16 14:00:00,5.3,0.0,9.3,83,1010.6
2025-12-16 15:00:00,5.1,0.0,7.4,80,1010.9
2025-12-16 16:00:00,4.8,0.0,7.4,79,1011.3
2025-12-16 17:00:00,3.9,0.0,7.4,81,1011.7
2025-12-16 18:00:00,3.4,0.0,9.3,82,1012.0
2025-12-16 19:00:00,2.8,0.0,9.3,84,1012.2
2025-12-16 20:00:00,2.5,0.0,9.3,85,1012.4
2025-12-16 21:00:00,2.5,0.0,9.3,85,1012.5
2025-12-16 22:00:00,2.4,0.0,9.3,84,1012.4
2025-12-16 23:00:00,2.6,0.0,9.3,84,1012.4
2025-12-17 00:00:00,2.7,0.0,9.3,85,1012.2
2025-12-17 01:00:00,3.0,0.0,9.3,83,1012.0
2025-12-17 02:00:00,3.1,0.0,9.3,82,1011.4
2025-12-17 03:00:00,3.1,0.0,11.1,84,1010.7
2025-12-17 04:00:00,3.5,0.0,13.0,84,1010.0
2025-12-17 05:00:00,4.2,0.0,13.0,81,1009.3
2025-12-17 06:00:00,4.6,0.0,13.0,80,1008.7
2025-12-17 07:00:00,5.3,0.0,14.8,79,1008.1
2025-12-17 08:00:00,5.7,0.0,16.7,78,1007.4
2025-12-17 09:00:00,6.0,0.0,18.5,79,1006.6
2025-12-17 10:00:00,6.0,0.2,20.4,80,1005.8
2025-12-17 11:00:00,6.6,0.2,20.4,81,1005.1
2025-12-17 12:00:00,7.3,0.3,22.2,81,1004.0
2025-12-17 13:00:00,7.7,0.2,24.1,83,1003.0
2025-12-17 14:00:00,8.5,0.2,25.9,81,1002.2
2025-12-17 15:00:00,9.0,0.2,24.1,80,1001.4
2025-12-17 16:00:00,9.6,0.2,25.9,81,1000.5
2025-12-17 17:00:00,9.9,0.3,27.8,82,999.8
2025-12-17 18:00:00,10.2,0.3,25.9,81,999.1
2025-12-17 19:00:00,10.2,0.5,24.1,83,998.6
2025-12-17 20:00:00,10.2,0.5,24.1,85,998.1
2025-12-17 21:00:00,10.2,0.5,22.2,86,997.6
2025-12-17 22:00:00,10.9,0.4,20.4,86,997.1
2025-12-17 23:00:00,11.0,0.4,18.5,85,996.8
2025-12-18 00:00:00,10.9,0.3,18.5,85,996.6
2025-12-18 01:00:00,10.9,0.2,18.5,83,996.8
2025-12-18 02:00:00,10.6,0.2,18.5,82,997.1
2025-12-18 03:00:00,10.3,0.0,16.7,81,997.4
2025-12-18 04:00:00,9.7,0.0,18.5,79,998.1
2025-12-18 05:00:00,9.2,0.0,18.5,79,998.9
2025-12-18 06:00:00,8.7,0.0,16.7,79,999.7
2025-12-18 07:00:00,8.6,0.0,14.8,77,1000.6
2025-12-18 08:00:00,8.2,0.0,13.0,78,1000.9
2025-12-18 09:00:00,8.3,0.0,13.0,78,1001.4
2025-12-18 10:00:00,8.2,0.0,11.1,78,1002.0
2025-12-18 11:00:00,8.7,0.0,11.1,78,1001.5
2025-12-18 12:00:00,9.1,0.0,11.1,78,1000.7
2025-12-18 13:00:00,9.1,0.0,11.1,79,999.4
2025-12-18 14:00:00,9.0,0.4,9.3,80,997.9
2025-12-18 15:00:00,9.0,0.6,9.3,80,996.5
2025-12-18 16:00:00,9.0,0.2,7.4,80,995.2
2025-12-18 17:00:00,8.6,0.2,9.3,81,993.9
2025-12-18 18:00:00,8.1,0.2,9.3,83,993.0
2025-12-18 19:00:00,8.1,0.1,11.1,82,993.0
2025-12-18 20:00:00,8.1,0.1,13.0,82,992.9
2025-12-18 21:00:00,7.9,0.0,18.5,83,992.8
2025-12-18 22:00:00,7.9,0.0,18.5,81,992.9
2025-12-18 23:00:00,7.8,0.0,20.4,78,994.4
2025-12-19 00:00:00,7.6,0.0,20.4,76,995.7
2025-12-19 01:00:00,7.4,0.0,22.2,75,996.6
2025-12-19 02:00:00,7.4,0.0,24.1,74,997.2
2025-12-19 03:00:00,7.6,0.0,24.1,73,997.7
2025-12-19 04:00:00,7.8,0.0,29.6,70,998.2
2025-12-19 05:00:00,8.2,0.0,29.6,70,998.4
2025-12-19 06:00:00,8.4,0.0,29.6,70,998.8
2025-12-19 07:00:00,8.9,0.0,29.6,68,999.6
2025-12-19 08:00:00,9.1,0.0,31.5,69,1000.5
2025-12-19 09:00:00,9.5,0.0,31.5,69,1001.4
2025-12-19 10:00:00,9.8,0.0,31.5,68,1002.3
2025-12-19 11:00:00,9.9,0.0,33.3,70,1003.1
2025-12-19 12:00:00,9.9,0.0,33.3,71,1003.9
2025-12-19 13:00:00,9.9,0.0,31.5,71,1004.8
2025-12-19 14:00:00,9.9,0.0,27.8,70,1005.8
2025-12-19 15:00:00,9.8,0.0,25.9,69,1006.7
2025-12-19 16:00:00,9.0,0.0,24.1,72,1007.7
2025-12-19 17:00:00,8.6,0.0,22.2,73,1008.6
2025-12-19 18:00:00,7.2,0.0,20.4,78,1009.1
2025-12-19 19:00:00,7.2,0.0,18.5,77,1009.9
2025-12-19 20:00:00,7.1,0.0,18.5,78,1010.4
2025-12-19 21:00:00,7.0,0.0,18.5,78,1010.6
2025-12-19 22:00:00,6.8,0.0,16.7,80,1010.7
2025-12-19 23:00:00,6.8,0.0,14.8,78,1010.9
2025-12-20 00:00:00,6.6,0.0,13.0,80,1010.8
2025-12-20 01:00:00,6.6,0.0,13.0,80,1010.9
2025-12-20 02:00:00,6.5,0.0,11.1,79,1010.7
2025-12-20 03:00:00,6.3,0.0,11.1,81,1010.6
2025-12-20 04:00:00,6.1,0.0,11.1,82,1010.5
2025-12-20 05:00:00,6.1,0.0,9.3,81,1010.3
2025-12-20 06:00:00,6.0,0.0,9.3,80,1010.3
2025-12-20 07:00:00,6.0,0.0,7.4,80,1010.5
2025-12-20 08:00:00,5.7,0.0,7.4,81,1010.6
2025-12-20 09:00:00,5.7,0.0,7.4,82,1010.8
2025-12-20 10:00:00,5.7,0.0,7.4,83,1010.8
2025-12-20 11:00:00,6.4,0.0,9.3,81,1010.6
2025-12-20 12:00:00,7.0,0.0,9.3,79,1010.3
2025-12-20 13:00:00,7.2,0.0,11.1,78,1010.0
2025-12-20 14:00:00,7.2,0.0,11.1,79,1009.8
2025-12-20 15:00:00,7.0,0.0,9.3,79,1009.7
2025-12-20 16:00:00,6.7,0.0,9.3,80,1009.6
2025-12-20 17:00:00,6.3,0.0,7.4,80,1009.3
2025-12-20 18:00:00,6.0,0.0,9.3,81,1009.2
2025-12-20 19:00:00,5.7,0.0,9.3,82,1009.2
2025-12-20 20:00:00,5.8,0.0,9.3,81,1009.3
2025-12-20 21:00:00,5.8,0.0,11.1,81,1009.3
2025-12-20 22:00:00,5.8,0.0,11.1,80,1009.3
2025-12-20 23:00:00,5.9,0.0,11.1,80,1009.2
2025-12-21 00:00:00,5.9,0.0,9.3,81,1009.2
2025-12-21 01:00:00,5.9,0.0,11.1,81,1009.2
2025-12-21 02:00:00,6.0,0.0,11.1,82,1009.2
2025-12-21 03:00:00,6.0,0.0,11.1,84,1009.1
2025-12-21 04:00:00,6.0,0.0,11.1,85,1009.1
2025-12-21 05:00:00,6.1,0.0,9.3,86,1009.0
2025-12-21 06:00:00,6.1,0.0,9.3,88,1009.3
2025-12-21 07:00:00,7.1,0.0,9.3,84,1009.6
2025-12-21 08:00:00,7.3,0.0,9.3,86,1009.8
2025-12-21 09:00:00,7.3,0.2,9.3,90,1010.3
2025-12-21 10:00:00,7.8,0.0,9.3,90,1010.4
2025-12-21 11:00:00,8.1,0.0,9.3,90,1010.9
2025-12-21 12:00:00,8.5,0.0,9.3,90,1010.7
2025-12-21 13:00:00,8.8,0.0,11.1,89,1010.6
2025-12-21 14:00:00,9.0,0.0,11.1,88,1010.7
2025-12-21 15:00:00,9.0,0.0,11.1,89,1010.8
2025-12-21 16:00:00,8.8,0.0,9.3,90,1010.9
2025-12-21 17:00:00,8.6,0.1,11.1,90,1010.8
2025-12-21 18:00:00,8.5,0.0,11.1,92,1010.7
2025-12-21 19:00:00,8.3,0.0,13.0,92,1010.8
2025-12-21 20:00:00,8.4,0.4,13.0,93,1010.8
2025-12-21 21:00:00,8.5,0.4,13.0,93,1010.6
2025-12-21 22:00:00,8.6,0.3,14.8,93,1010.4
2025-12-21 23:00:00,8.6,0.4,14.8,94,1010.1
2025-12-22 00:00:00,8.7,0.4,14.8,95,1009.7
2025-12-22 01:00:00,8.8,0.9,16.7,95,1009.5
2025-12-22 02:00:00,8.8,0.9,14.8,95,1009.3
2025-12-22 03:00:00,8.8,0.9,16.7,93,1009.0
2025-12-22 04:00:00,8.8,0.9,14.8,93,1008.8
2025-12-22 05:00:00,8.8,0.8,14.8,92,1009.0
2025-12-22 06:00:00,8.8,0.8,14.8,92,1008.6
2025-12-22 07:00:00,8.8,0.2,14.8,92,1008.6
2025-12-22 08:00:00,8.8,0.1,14.8,91,1008.5
2025-12-22 09:00:00,8.8,0.1,13.0,90,1008.8
2025-12-22 10:00:00,8.9,0.0,14.8,90,1009.1
2025-12-22 11:00:00,8.9,0.0,14.8,90,1009.8
2025-12-22 12:00:00,8.9,0.0,13.0,90,1009.8
2025-12-22 13:00:00,8.9,0.0,14.8,89,1009.7
2025-12-22 14:00:00,8.9,0.0,13.0,88,1009.9
2025-12-22 15:00:00,8.8,0.0,11.1,86,1010.0
2025-12-22 16:00:00,9.2,0.0,9.3,84,1011.9
2025-12-22 17:00:00,8.8,0.0,9.3,86,1012.5
2025-12-22 18:00:00,8.0,0.0,9.3,90,1012.9
2025-12-22 19:00:00,8.0,0.0,9.3,89,1013.5
2025-12-22 20:00:00,8.0,0.0,7.4,90,1014.1
2025-12-22 21:00:00,7.9,0.0,9.3,89,1014.6
2025-12-22 22:00:00,8.6,0.0,7.4,87,1015.0
2025-12-22 23:00:00,8.6,0.0,7.4,86,1015.4
2025-12-23 00:00:00,8.4,0.0,7.4,86,1015.8
2025-12-23 01:00:00,8.4,0.0,7.4,85,1016.6
2025-12-23 02:00:00,8.4,0.0,7.4,85,1017.0
2025-12-23 03:00:00,8.5,0.0,7.4,84,1017.4
2025-12-23 04:00:00,8.0,0.0,9.3,83,1018.1
2025-12-23 05:00:00,8.0,0.0,9.3,84,1018.5
2025-12-23 06:00:00,7.5,0.0,9.3,87,1018.9
2025-12-23 07:00:00,7.6,0.0,11.1,86,1019.9
2025-12-23 08:00:00,7.6,0.0,11.1,86,1020.9
2025-12-23 09:00:00,7.6,0.0,11.1,87,1021.9
2025-12-23 10:00:00,7.8,0.0,11.1,85,1022.2
2025-12-23 11:00:00,8.0,0.0,13.0,85,1023.0
2025-12-23 12:00:00,8.2,0.0,13.0,84,1023.7
2025-12-23 13:00:00,8.3,0.0,14.8,83,1024.4
2025-12-23 14:00:00,8.3,0.0,14.8,82,1025.2
2025-12-23 15:00:00,8.1,0.0,13.0,81,1026.0
2025-12-23 16:00:00,8.1,0.0,13.0,79,1026.9
2025-12-23 17:00:00,7.6,0.0,14.8,81,1027.8
2025-12-23 18:00:00,6.8,0.0,14.8,85,1028.6
2025-12-23 19:00:00,6.7,0.0,14.8,84,1029.6
2025-12-23 20:00:00,6.6,0.0,13.0,85,1030.4
2025-12-23 21:00:00,6.4,0.0,13.0,84,1031.1
2025-12-23 22:00:00,6.4,0.0,13.0,82,1032.0
2025-12-23 23:00:00,6.4,0.0,13.0,81,1032.7
2025-12-24 00:00:00,6.2,0.0,11.1,81,1033.1
2025-12-24 01:00:00,6.3,0.0,11.1,80,1033.8
2025-12-24 02:00:00,6.4,0.0,11.1,77,1034.4
2025-12-24 03:00:00,6.5,0.0,11.1,77,1034.8
2025-12-24 04:00:00,6.6,0.0,11.1,77,1035.5
2025-12-24 05:00:00,6.6,0.0,11.1,77,1035.9
2025-12-24 06:00:00,6.5,0.0,11.1,78,1036.3
2025-12-24 07:00:00,6.3,0.0,11.1,77,1037.0
2025-12-24 08:00:00,6.1,0.0,9.3,77,1037.6
2025-12-24 09:00:00,6.0,0.0,9.3,78,1038.5
2025-12-24 10:00:00,6.2,0.0,9.3,78,1038.6
2025-12-24 11:00:00,6.8,0.0,11.1,75,1039.0
2025-12-24 12:00:00,7.2,0.0,11.1,73,1039.3
2025-12-24 13:00:00,7.5,0.0,11.1,71,1039.5
2025-12-24 14:00:00,7.4,0.0,11.1,71,1039.8
2025-12-24 15:00:00,7.1,0.0,11.1,70,1040.1
2025-12-24 16:00:00,6.9,0.0,11.1,69,1040.3
2025-12-24 17:00:00,6.3,0.0,11.1,70,1040.4
2025-12-24 18:00:00,5.1,0.0,11.1,76,1040.5
2025-12-24 19:00:00,5.1,0.0,11.1,76,1040.7
2025-12-24 20:00:00,5.0,0.0,11.1,77,1040.5
2025-12-24 21:00:00,4.9,0.0,13.0,78,1040.6
2025-12-24 22:00:00,4.6,0.0,11.1,76,1040.3
2025-12-24 23:00:00,4.9,0.0,11.1,75,1040.2
2025-12-25 00:00:00,4.9,0.0,11.1,76,1040.1
2025-12-25 01:00:00,5.0,0.0,11.1,76,1040.2
2025-12-25 02:00:00,5.1,0.0,13.0,76,1040.0
2025-12-25 03:00:00,5.4,0.0,13.0,75,1039.7
2025-12-25 04:00:00,4.7,0.0,13.0,77,1039.6
2025-12-25 05:00:00,4.8,0.0,13.0,78,1039.1
2025-12-25 06:00:00,4.9,0.0,13.0,79,1039.0
2025-12-25 07:00:00,5.2,0.0,13.0,78,1038.9
2025-12-25 08:00:00,5.4,0.0,13.0,77,1038.9
2025-12-25 09:00:00,5.6,0.0,14.8,77,1039.1
2025-12-25 10:00:00,5.2,0.0,14.8,79,1038.5
2025-12-25 11:00:00,5.7,0.0,16.7,77,1038.3
2025-12-25 12:00:00,6.2,0.0,16.7,75,1038.0
2025-12-25 13:00:00,6.5,0.0,16.7,75,1037.4
2025-12-25 14:00:00,6.7,0.0,16.7,74,1036.9
2025-12-25 15:00:00,6.7,0.0,16.7,74,1036.6
2025-12-25 16:00:00,6.7,0.0,14.8,72,1036.4
2025-12-25 17:00:00,6.3,0.0,14.8,73,1036.0
2025-12-25 18:00:00,6.0,0.0,14.8,76,1035.7
2025-12-25 19:00:00,5.9,0.0,14.8,77,1035.7
2025-12-25 20:00:00,5.8,0.0,14.8,79,1035.5
2025-12-25 21:00:00,5.6,0.0,16.7,78,1035.5
2025-12-25 22:00:00,5.7,0.0,14.8,77,1034.9
2025-12-25 23:00:00,5.8,0.0,14.8,77,1034.8
2025-12-26 00:00:00,5.7,0.0,13.0,77,1034.8
2025-12-26 01:00:00,5.7,0.0,13.0,77,1035.2
2025-12-26 02:00:00,5.6,0.0,11.1,78,1035.1
2025-12-26 03:00:00,5.6,0.0,11.1,78,1035.1
2025-12-26 04:00:00,5.1,0.0,11.1,78,1035.4
2025-12-26 05:00:00,4.9,0.0,11.1,81,1035.1
2025-12-26 06:00:00,4.8,0.0,11.1,83,1035.0
2025-12-26 07:00:00,4.8,0.0,11.1,83,1035.1
2025-12-26 08:00:00,4.9,0.0,11.1,83,1035.4
2025-12-26 09:00:00,5.1,0.0,11.1,83,1035.6
2025-12-26 10:00:00,5.4,0.0,11.1,82,1035.9
2025-12-26 11:00:00,6.0,0.0,13.0,81,1036.3
2025-12-26 12:00:00,6.5,0.0,13.0,79,1036.3
2025-12-26 13:00:00,6.6,0.0,13.0,80,1036.1
2025-12-26 14:00:00,6.6,0.0,13.0,81,1036.1
2025-12-26 15:00:00,6.6,0.0,11.1,79,1036.3
2025-12-26 16:00:00,6.5,0.0,11.1,78,1036.5
2025-12-26 17:00:00,6.5,0.0,11.1,77,1036.9
2025-12-26 18:00:00,6.2,0.0,11.1,78,1037.4
2025-12-26 19:00:00,5.4,0.0,9.3,82,1037.6
2025-12-26 20:00:00,5.1,0.0,9.3,83,1038.1
2025-12-26 21:00:00,4.9,0.0,9.3,85,1038.4
2025-12-26 22:00:00,5.2,0.0,9.3,79,1038.3
2025-12-26 23:00:00,5.0,0.0,7.4,80,1038.6
2025-12-27 00:00:00,4.7,0.0,9.3,82,1039.0
2025-12-27 01:00:00,4.5,0.0,7.4,83,1039.4
2025-12-27 02:00:00,4.4,0.0,7.4,83,1039.4
2025-12-27 03:00:00,4.6,0.0,7.4,84,1039.4
2025-12-27 04:00:00,4.3,0.0,9.3,81,1040.0
2025-12-27 05:00:00,4.4,0.0,7.4,83,1040.0
2025-12-27 06:00:00,4.3,0.0,9.3,85,1040.2
2025-12-27 07:00:00,4.4,0.0,9.3,85,1040.5
2025-12-27 08:00:00,4.6,0.0,9.3,84,1040.6
2025-12-27 09:00:00,4.9,0.0,11.1,85,1040.9
2025-12-27 10:00:00,5.1,0.0,11.1,84,1041.0
2025-12-27 11:00:00,5.7,0.0,11.1,83,1041.0
2025-12-27 12:00:00,6.4,0.0,11.1,83,1040.8
2025-12-27 13:00:00,6.7,0.0,11.1,84,1040.2
2025-12-27 14:00:00,7.1,0.0,11.1,83,1039.9
2025-12-27 15:00:00,7.3,0.0,13.0,82,1039.8
2025-12-27 16:00:00,7.6,0.0,13.0,81,1039.9
2025-12-27 17:00:00,7.3,0.0,13.0,79,1039.9
2025-12-27 18:00:00,6.7,0.0,14.8,80,1040.1
2025-12-27 19:00:00,6.5,0.0,14.8,80,1040.1
2025-12-27 20:00:00,5.9,0.0,14.8,83,1040.1
2025-12-27 21:00:00,5.6,0.0,14.8,82,1040.1
2025-12-27 22:00:00,5.4,0.0,13.0,81,1039.9
2025-12-27 23:00:00,5.5,0.0,13.0,80,1039.6
2025-12-28 00:00:00,5.5,0.0,11.1,81,1039.4
2025-12-28 01:00:00,5.5,0.0,11.1,80,1039.1
2025-12-28 02:00:00,5.5,0.0,9.3,80,1038.7
2025-12-28 03:00:00,5.6,0.0,9.3,80,1038.4
2025-12-28 04:00:00,5.2,0.0,9.3,78,1038.3
2025-12-28 05:00:00,5.1,0.0,7.4,80,1037.9
2025-12-28 06:00:00,5.0,0.0,7.4,83,1037.8
2025-12-28 07:00:00,4.9,0.0,7.4,83,1037.7
2025-12-28 08:00:00,5.0,0.0,7.4,82,1037.6
2025-12-28 09:00:00,5.2,0.0,7.4,82,1037.6
2025-12-28 10:00:00,5.0,0.0,7.4,83,1037.6
2025-12-28 11:00:00,5.4,0.0,7.4,81,1037.3
2025-12-28 12:00:00,5.8,0.0,7.4,78,1036.8
2025-12-28 13:00:00,6.0,0.0,7.4,77,1036.0
2025-12-28 14:00:00,6.1,0.0,7.4,77,1035.6
2025-12-28 15:00:00,5.9,0.0,7.4,77,1035.4
2025-12-28 16:00:00,6.1,0.0,7.4,76,1035.0
2025-12-28 17:00:00,5.8,0.0,7.4,76,1034.7
2025-12-28 18:00:00,5.2,0.0,7.4,79,1034.3
2025-12-28 19:00:00,4.8,0.0,7.4,81,1034.0
2025-12-28 20:00:00,4.2,0.0,7.4,84,1033.8
2025-12-28 21:00:00,3.9,0.0,7.4,84,1033.7
2025-12-28 22:00:00,3.5,0.0,7.4,87,1033.2
2025-12-28 23:00:00,3.5,0.0,9.3,86,1032.9
2025-12-29 00:00:00,3.4,0.0,9.3,87,1032.7
2025-12-29 01:00:00,3.4,0.0,9.3,86,1032.6
2025-12-29 02:00:00,3.2,0.0,9.3,86,1032.4
2025-12-29 03:00:00,3.0,0.0,9.3,86,1032.4
2025-12-29 04:00:00,3.1,0.0,7.4,84,1032.3
2025-12-29 05:00:00,2.9,0.0,7.4,86,1032.0
2025-12-29 06:00:00,2.7,0.0,7.4,87,1031.9
2025-12-29 07:00:00,2.6,0.0,9.3,85,1031.9
2025-12-29 08:00:00,2.7,0.0,9.3,85,1031.9
2025-12-29 09:00:00,2.9,0.0,9.3,85,1032.1
2025-12-29 10:00:00,3.0,0.0,9.3,87,1032.0
2025-12-29 11:00:00,3.8,0.0,9.3,85,1032.0
2025-12-29 12:00:00,4.7,0.0,11.1,82,1031.8
2025-12-29 13:00:00,5.1,0.0,11.1,82,1031.4
2025-12-29 14:00:00,5.6,0.0,11.1,81,1031.4
2025-12-29 15:00:00,5.8,0.0,11.1,80,1031.5
2025-12-29 16:00:00,6.2,0.0,11.1,80,1031.6
2025-12-29 17:00:00,5.9,0.1,11.1,80,1032.0
2025-12-29 18:00:00,5.6,0.1,13.0,81,1032.3
2025-12-29 19:00:00,5.3,0.3,13.0,80,1032.9
2025-12-29 20:00:00,5.0,0.0,13.0,81,1033.5
2025-12-29 21:00:00,4.4,0.0,13.0,81,1034.0
2025-12-29 22:00:00,4.1,0.0,13.0,81,1034.2
2025-12-29 23:00:00,4.2,0.0,13.0,80,1034.5
2025-12-30 00:00:00,4.1,0.0,11.1,80,1034.8
2025-12-30 01:00:00,4.0,0.0,11.1,79,1035.0
2025-12-30 02:00:00,3.9,0.0,11.1,80,1035.4
2025-12-30 03:00:00,4.0,0.0,11.1,79,1035.7
2025-12-30 04:00:00,3.3,0.0,11.1,81,1036.1
2025-12-30 05:00:00,3.2,0.0,11.1,81,1036.1
2025-12-30 06:00:00,3.0,0.0,9.3,82,1036.2
2025-12-30 07:00:00,2.9,0.0,9.3,82,1036.5
2025-12-30 08:00:00,3.1,0.0,9.3,80,1036.9
2025-12-30 09:00:00,3.3,0.0,9.3,79,1037.1
2025-12-30 10:00:00,3.2,0.0,9.3,80,1037.5
2025-12-30 11:00:00,3.9,0.0,11.1,77,1037.5
2025-12-30 12:00:00,4.5,0.0,11.1,75,1037.3
2025-12-30 13:00:00,4.8,0.0,11.1,74,1036.9
2025-12-30 14:00:00,4.8,0.0,11.1,74,1036.9
2025-12-30 15:00:00,4.7,0.0,11.1,73,1036.9
2025-12-30 16:00:00,4.6,0.0,9.3,73,1036.8
2025-12-30 17:00:00,4.0,0.0,9.3,75,1036.5
2025-12-30 18:00:00,3.1,0.0,9.3,77,1036.3
2025-12-30 19:00:00,2.6,0.0,11.1,76,1036.1
2025-12-30 20:00:00,1.7,0.0,11.1,80,1035.9
2025-12-30 21:00:00,1.0,0.0,11.1,82,1035.8
2025-12-30 22:00:00,0.5,0.0,11.1,85,1035.4
2025-12-30 23:00:00,0.3,0.0,11.1,83,1034.8
2025-12-31 00:00:00,0.0,0.0,11.1,84,1034.3
2025-12-31 01:00:00,-0.2,0.0,11.1,83,1033.6
2025-12-31 02:00:00,-0.2,0.0,13.0,82,1033.0
2025-12-31 03:00:00,-0.3,0.0,13.0,83,1032.4
2025-12-31 04:00:00,-0.8,0.0,13.0,82,1031.9
2025-12-31 05:00:00,-0.8,0.0,13.0,83,1031.1
2025-12-31 06:00:00,-0.7,0.0,14.8,81,1030.4
2025-12-31 07:00:00,-0.6,0.0,14.8,82,1029.5
2025-12-31 08:00:00,-0.3,0.0,14.8,85,1028.9
2025-12-31 09:00:00,0.3,0.0,16.7,87,1028.2
2025-12-31 10:00:00,0.8,0.0,16.7,83,1027.9
2025-12-31 11:00:00,2.0,0.0,18.5,82,1027.0
2025-12-31 12:00:00,3.1,0.0,18.5,80,1025.7
2025-12-31 13:00:00,3.8,0.0,20.4,79,1024.3
2025-12-31 14:00:00,4.3,0.0,20.4,77,1023.3
2025-12-31 15:00:00,4.5,0.0,20.4,76,1022.5
2025-12-31 16:00:00,4.6,0.0,20.4,75,1021.2
2025-12-31 17:00:00,4.3,0.0,20.4,76,1020.0
2025-12-31 18:00:00,4.3,0.0,18.5,76,1019.0
2025-12-31 19:00:00,4.4,0.0,20.4,75,1017.4
2025-12-31 20:00:00,4.3,0.0,20.4,78,1016.0
2025-12-31 21:00:00,4.6,0.0,20.4,78,1015.1
2025-12-31 22:00:00,5.2,0.0,22.2,78,1013.2
2025-12-31 23:00:00,5.3,0.0,22.2,77,1011.6
2026-01-01 00:00:00,5.4,0.0,24.1,77,1010.2
2026-01-01 01:00:00,5.5,0.0,24.1,77,1008.6
2026-01-01 02:00:00,5.5,0.0,24.1,77,1007.3
2026-01-01 03:00:00,5.2,0.0,22.2,79,1006.3
2026-01-01 04:00:00,4.7,0.0,22.2,78,1005.6
2026-01-01 05:00:00,4.4,0.0,22.2,75,1005.5
2026-01-01 06:00:00,3.8,0.0,24.1,75,1005.7
2026-01-01 07:00:00,3.6,0.0,24.1,74,1005.4
2026-01-01 08:00:00,3.4,0.0,22.2,74,1005.2
2026-01-01 09:00:00,3.4,0.0,22.2,74,1005.1
2026-01-01 10:00:00,3.1,0.0,22.2,74,1005.8
2026-01-01 11:00:00,3.7,0.0,22.2,72,1005.0
2026-01-01 12:00:00,4.4,0.0,24.1,67,1004.1
2026-01-01 13:00:00,4.5,0.0,25.9,66,1003.1
2026-01-01 14:00:00,4.5,0.0,25.9,64,1002.6
2026-01-01 15:00:00,4.3,0.0,25.9,62,1002.3
2026-01-01 16:00:00,3.7,0.0,25.9,64,1002.0
2026-01-01 17:00:00,2.7,0.0,25.9,67,1002.0
2026-01-01 18:00:00,2.2,0.0,24.1,67,1001.9
2026-01-01 19:00:00,1.6,0.0,24.1,68,1001.9
2026-01-01 20:00:00,1.1,0.0,24.1,71,1002.0
2026-01-01 21:00:00,0.6,0.0,25.9,72,1002.0
2026-01-01 22:00:00,0.9,0.0,22.2,73,1002.1
2026-01-01 23:00:00,0.9,0.0,20.4,72,1001.9
2026-01-02 00:00:00,0.7,0.0,20.4,74,1001.9
2026-01-02 01:00:00,0.6,0.0,20.4,73,1001.6
2026-01-02 02:00:00,0.7,0.0,20.4,71,1001.5
2026-01-02 03:00:00,0.5,0.0,20.4,70,1001.6
2026-01-02 04:00:00,0.1,0.0,22.2,70,1001.7
2026-01-02 05:00:00,0.0,0.0,22.2,68,1001.7
2026-01-02 06:00:00,0.0,0.0,22.2,67,1001.8
2026-01-02 07:00:00,0.1,0.0,22.2,67,1002.0
2026-01-02 08:00:00,0.0,0.0,22.2,68,1002.2
2026-01-02 09:00:00,0.3,0.0,20.4,69,1002.5
2026-01-02 10:00:00,0.6,0.0,18.5,68,1003.4
2026-01-02 11:00:00,1.5,0.0,18.5,66,1003.9
2026-01-02 12:00:00,2.4,0.0,16.7,63,1004.1
2026-01-02 13:00:00,2.9,0.0,16.7,62,1004.2
2026-01-02 14:00:00,3.0,0.0,16.7,63,1004.7
2026-01-02 15:00:00,2.8,0.0,14.8,64,1005.1
2026-01-02 16:00:00,2.4,0.0,16.7,67,1005.4
2026-01-02 17:00:00,1.3,0.0,16.7,71,1005.6
2026-01-02 18:00:00,0.6,0.0,18.5,72,1005.7
2026-01-02 19:00:00,0.1,0.0,18.5,73,1005.7
2026-01-02 20:00:00,-0.4,0.0,20.4,77,1005.8
2026-01-02 21:00:00,-0.8,0.0,22.2,77,1005.8
2026-01-02 22:00:00,-0.3,0.0,20.4,76,1005.7
2026-01-02 23:00:00,-0.4,0.0,20.4,73,1005.7
2026-01-03 00:00:00,-0.5,0.0,18.5,72,1005.7
2026-01-03 01:00:00,-0.6,0.0,20.4,72,1005.4
2026-01-03 02:00:00,-0.4,0.0,20.4,69,1005.3
2026-01-03 03:00:00,-0.5,0.0,20.4,68,1005.4
2026-01-03 04:00:00,-0.4,0.0,22.2,69,1005.4
2026-01-03 05:00:00,-0.3,0.0,22.2,69,1005.3
2026-01-03 06:00:00,-0.6,0.0,22.2,71,1005.7
2026-01-03 07:00:00,-0.7,0.0,20.4,72,1006.4
2026-01-03 08:00:00,-0.5,0.0,20.4,72,1006.8
2026-01-03 09:00:00,-0.4,0.0,18.5,73,1007.4
2026-01-03 10:00:00,0.2,0.0,18.5,70,1008.8
2026-01-03 11:00:00,0.8,0.0,18.5,68,1009.1
2026-01-03 12:00:00,1.6,0.0,18.5,63,1009.2
2026-01-03 13:00:00,2.2,0.3,20.4,59,1009.2
2026-01-03 14:00:00,2.1,0.3,20.4,58,1009.5
2026-01-03 15:00:00,1.8,0.2,18.5,57,1009.9
2026-01-03 16:00:00,1.2,0.4,20.4,60,1010.0
2026-01-03 17:00:00,0.2,0.3,20.4,65,1010.1
2026-01-03 18:00:00,-0.5,0.0,20.4,66,1010.3
2026-01-03 19:00:00,-1.1,0.0,20.4,68,1010.5
2026-01-03 20:00:00,-1.6,0.0,22.2,73,1010.7
2026-01-03 21:00:00,-2.0,0.0,22.2,74,1010.8
2026-01-03 22:00:00,-1.5,0.0,20.4,75,1010.8
2026-01-03 23:00:00,-1.5,0.0,20.4,74,1010.6
2026-01-04 00:00:00,-1.6,0.0,18.5,74,1010.7
2026-01-04 01:00:00,-1.7,0.0,18.5,74,1010.7
2026-01-04 02:00:00,-1.6,0.0,18.5,73,1010.5
2026-01-04 03:00:00,-1.7,0.0,18.5,73,1010.4
2026-01-04 04:00:00,-2.0,0.0,18.5,74,1010.6
2026-01-04 05:00:00,-2.0,0.0,18.5,73,1010.3
2026-01-04 06:00:00,-2.0,0.0,20.4,72,1010.3
2026-01-04 07:00:00,-1.9,0.0,20.4,71,1010.2
2026-01-04 08:00:00,-1.8,0.0,18.5,72,1010.2
2026-01-04 09:00:00,-1.5,0.0,18.5,72,1010.4
2026-01-04 10:00:00,-1.4,0.0,18.5,71,1010.5
2026-01-04 11:00:00,-0.3,0.0,18.5,67,1010.1
2026-01-04 12:00:00,0.5,0.0,18.5,64,1009.6
2026-01-04 13:00:00,1.1,0.0,20.4,62,1009.0
2026-01-04 14:00:00,1.2,0.0,18.5,62,1008.7
2026-01-04 15:00:00,1.0,0.0,18.5,62,1008.6
2026-01-04 16:00:00,0.6,0.0,16.7,65,1008.3
2026-01-04 17:00:00,-0.6,0.0,16.7,71,1008.2
2026-01-04 18:00:00,-1.5,0.0,14.8,73,1008.1
2026-01-04 19:00:00,-2.1,0.0,14.8,74,1008.1
2026-01-04 20:00:00,-2.5,0.0,16.7,76,1008.3
2026-01-04 21:00:00,-3.1,0.0,16.7,77,1008.5
2026-01-04 22:00:00,-2.7,0.0,14.8,78,1008.3
2026-01-04 23:00:00,-2.7,0.0,14.8,75,1008.2
2026-01-05 00:00:00,-2.7,0.0,14.8,75,1008.1
2026-01-05 01:00:00,-2.8,0.0,14.8,75,1008.1
2026-01-05 02:00:00,-2.7,0.0,16.7,73,1008.1
2026-01-05 03:00:00,-2.6,0.0,14.8,75,1008.2
2026-01-05 04:00:00,-2.6,0.0,16.7,74,1008.9
2026-01-05 05:00:00,-2.6,0.0,16.7,75,1009.4
2026-01-05 06:00:00,-2.5,0.0,16.7,76,1010.0
2026-01-05 07:00:00,-2.3,0.2,16.7,78,1010.8
2026-01-05 08:00:00,-2.0,0.2,14.8,78,1011.5
2026-01-05 09:00:00,-1.7,0.2,14.8,79,1012.3
2026-01-05 10:00:00,-1.0,0.2,13.0,76,1013.5
2026-01-05 11:00:00,-0.2,0.2,13.0,74,1013.9
2026-01-05 12:00:00,0.6,0.2,13.0,71,1013.9
2026-01-05 13:00:00,1.3,0.2,13.0,68,1014.0
2026-01-05 14:00:00,1.3,0.2,13.0,67,1014.4
2026-01-05 15:00:00,1.0,0.0,13.0,66,1014.8
2026-01-05 16:00:00,0.6,0.0,13.0,67,1015.1
2026-01-05 17:00:00,-0.2,0.0,13.0,71,1015.3
2026-01-05 18:00:00,-0.8,0.0,13.0,73,1015.6
2026-01-05 19:00:00,-1.6,0.0,13.0,75,1015.7
2026-01-05 20:00:00,-2.0,0.0,13.0,77,1015.8
2026-01-05 21:00:00,-2.4,0.0,13.0,78,1015.8
2026-01-05 22:00:00,-2.4,0.0,13.0,78,1015.8
2026-01-05 23:00:00,-2.7,0.0,13.0,78,1015.5
2026-01-06 00:00:00,-2.8,0.0,11.1,79,1015.2
2026-01-06 01:00:00,-2.8,0.0,11.1,79,1014.6
2026-01-06 02:00:00,-2.7,0.0,11.1,80,1014.1
2026-01-06 03:00:00,-2.6,0.0,9.3,82,1013.5
2026-01-06 04:00:00,-2.9,0.0,9.3,84,1013.9
2026-01-06 05:00:00,-2.5,0.0,9.3,85,1013.2
2026-01-06 06:00:00,-1.8,0.0,9.3,84,1012.6
2026-01-06 07:00:00,-1.1,0.0,7.4,84,1012.1
2026-01-06 08:00:00,-0.5,0.0,7.4,83,1011.7
2026-01-06 09:00:00,0.1,0.1,7.4,84,1011.2
2026-01-06 10:00:00,1.0,0.0,7.4,83,1010.3
2026-01-06 11:00:00,1.9,0.1,9.3,82,1009.5
2026-01-06 12:00:00,2.7,0.1,9.3,82,1008.4
2026-01-06 13:00:00,3.2,0.0,11.1,81,1007.0
2026-01-06 14:00:00,3.4,0.0,13.0,83,1005.8
2026-01-06 15:00:00,3.5,0.0,14.8,83,1004.4
2026-01-06 16:00:00,3.2,0.0,16.7,88,1003.3
2026-01-06 17:00:00,3.2,0.5,16.7,87,1001.8
2026-01-06 18:00:00,3.2,0.5,16.7,87,1000.3
2026-01-06 19:00:00,3.3,0.3,16.7,86,999.0
2026-01-06 20:00:00,3.3,0.3,14.8,86,998.0
2026-01-06 21:00:00,3.1,0.2,14.8,86,997.6
2026-01-06 22:00:00,3.1,0.4,16.7,84,996.6
2026-01-06 23:00:00,3.0,0.0,14.8,81,996.4
2026-01-07 00:00:00,2.8,0.0,14.8,81,996.4
2026-01-07 01:00:00,2.7,0.0,16.7,81,996.5
2026-01-07 02:00:00,2.5,0.0,16.7,82,996.5
2026-01-07 03:00:00,2.4,0.0,16.7,82,996.9
2026-01-07 04:00:00,2.1,0.0,18.5,81,997.1
2026-01-07 05:00:00,2.3,0.0,18.5,80,996.8
2026-01-07 06:00:00,2.4,0.0,22.2,79,996.7
2026-01-07 07:00:00,2.7,0.0,22.2,78,996.7
2026-01-07 08:00:00,3.0,0.0,22.2,78,997.2
2026-01-07 09:00:00,3.6,0.0,22.2,76,997.9
2026-01-07 10:00:00,3.3,0.0,20.4,77,998.1
2026-01-07 11:00:00,3.8,0.0,22.2,76,998.4
2026-01-07 12:00:00,4.4,0.0,20.4,73,998.8
2026-01-07 13:00:00,4.7,0.0,20.4,72,999.1
2026-01-07 14:00:00,4.8,0.0,20.4,72,999.9
2026-01-07 15:00:00,4.6,0.0,18.5,73,1001.0
2026-01-07 16:00:00,4.1,0.0,18.5,77,1001.2
2026-01-07 17:00:00,3.3,0.0,18.5,80,1001.8
2026-01-07 18:00:00,2.8,0.0,14.8,82,1002.6
2026-01-07 19:00:00,2.6,0.0,14.8,82,1002.7
2026-01-07 20:00:00,2.4,0.0,13.0,84,1003.1
2026-01-07 21:00:00,1.9,0.0,13.0,86,1003.3
2026-01-07 22:00:00,1.8,0.1,11.1,87,1003.1
2026-01-07 23:00:00,1.5,0.0,11.1,88,1003.1
2026-01-08 00:00:00,1.0,0.0,9.3,90,1003.0
2026-01-08 01:00:00,0.7,0.0,9.3,90,1003.0
2026-01-08 02:00:00,0.4,0.0,9.3,91,1003.1
2026-01-08 03:00:00,-0.1,0.0,7.4,94,1003.1
2026-01-08 04:00:00,-0.4,0.0,7.4,94,1003.2
2026-01-08 05:00:00,-0.8,0.0,7.4,94,1003.1
2026-01-08 06:00:00,-1.0,0.0,7.4,93,1003.1
2026-01-08 07:00:00,-1.3,0.0,5.5,94,1003.0
2026-01-08 08:00:00,-1.4,0.0,5.5,92,1002.7
2026-01-08 09:00:00,-1.2,0.0,5.5,92,1002.6
2026-01-08 10:00:00,-0.5,0.0,5.5,88,1002.3
2026-01-08 11:00:00,0.5,0.0,5.5,86,1002.0
2026-01-08 12:00:00,1.2,0.0,5.5,83,1001.3
2026-01-08 13:00:00,1.6,0.0,5.5,82,1000.2
2026-01-08 14:00:00,1.8,0.0,3.7,81,999.6
2026-01-08 15:00:00,1.8,0.0,3.7,81,998.6
2026-01-08 16:00:00,1.7,0.0,3.7,79,998.0
2026-01-08 17:00:00,1.3,0.0,5.5,82,997.1
2026-01-08 18:00:00,1.2,0.0,7.4,83,996.2
2026-01-08 19:00:00,1.4,0.0,9.3,83,995.4
2026-01-08 20:00:00,1.6,0.0,11.1,84,994.6
2026-01-08 21:00:00,1.8,0.0,13.0,85,994.0
2026-01-08 22:00:00,1.3,0.1,11.1,88,993.8
2026-01-08 23:00:00,1.7,0.2,13.0,87,993.6
2026-01-09 00:00:00,1.8,0.2,13.0,88,993.1
2026-01-09 01:00:00,2.0,0.2,13.0,88,993.2
2026-01-09 02:00:00,2.2,0.2,14.8,89,993.3
2026-01-09 03:00:00,2.3,0.2,14.8,89,993.5
2026-01-09 04:00:00,2.2,0.2,16.7,88,993.7
2026-01-09 05:00:00,2.3,0.2,16.7,91,994.3
2026-01-09 06:00:00,2.3,0.2,14.8,92,994.8
2026-01-09 07:00:00,2.4,0.7,14.8,92,995.6
2026-01-09 08:00:00,2.6,0.7,13.0,92,996.3
2026-01-09 09:00:00,2.7,0.7,13.0,92,997.0
2026-01-09 10:00:00,2.9,0.7,11.1,90,998.3
2026-01-09 11:00:00,3.0,0.7,11.1,90,999.0
2026-01-09 12:00:00,3.2,0.7,11.1,89,999.3
2026-01-09 13:00:00,3.5,0.4,11.1,88,999.9
2026-01-09 14:00:00,3.7,0.4,11.1,86,1000.7
2026-01-09 15:00:00,3.6,0.4,9.3,84,1001.6
2026-01-09 16:00:00,3.9,0.4,9.3,80,1002.4
2026-01-09 17:00:00,3.3,0.4,11.1,84,1003.4
2026-01-09 18:00:00,2.9,0.4,9.3,85,1004.3
2026-01-09 19:00:00,2.7,0.1,9.3,85,1005.2
2026-01-09 20:00:00,2.4,0.1,9.3,86,1005.9
2026-01-09 21:00:00,1.8,0.1,9.3,89,1006.5
2026-01-09 22:00:00,1.4,0.1,7.4,87,1007.7
2026-01-09 23:00:00,1.1,0.1,7.4,86,1008.4
2026-01-10 00:00:00,0.6,0.1,7.4,88,1009.0
2026-01-10 01:00:00,0.3,0.0,5.5,88,1009.6
2026-01-10 02:00:00,0.0,0.0,5.5,90,1010.3
2026-01-10 03:00:00,-0.2,0.0,5.5,92,1011.0
2026-01-10 04:00:00,-0.5,0.0,5.5,91,1012.0
2026-01-10 05:00:00,-0.8,0.0,5.5,92,1012.7
2026-01-10 06:00:00,-1.0,0.0,5.5,92,1013.4
2026-01-10 07:00:00,-1.4,0.0,5.5,94,1014.4
2026-01-10 08:00:00,-1.4,0.0,5.5,93,1014.9
2026-01-10 09:00:00,-1.2,0.0,5.5,93,1015.5
2026-01-10 10:00:00,-1.0,0.0,5.5,94,1016.7
2026-01-10 11:00:00,0.0,0.0,5.5,92,1016.9
2026-01-10 12:00:00,1.0,0.0,7.4,87,1016.6
2026-01-10 13:00:00,1.7,0.0,7.4,84,1016.8
2026-01-10 14:00:00,2.0,0.0,7.4,81,1017.1
2026-01-10 15:00:00,2.0,0.0,7.4,79,1017.4
2026-01-10 16:00:00,1.9,0.0,7.4,79,1017.6
2026-01-10 17:00:00,1.5,0.0,7.4,80,1017.6
2026-01-10 18:00:00,1.1,0.0,7.4,82,1017.8
2026-01-10 19:00:00,1.0,0.0,7.4,82,1018.0
2026-01-10 20:00:00,1.0,0.0,9.3,83,1018.0
2026-01-10 21:00:00,1.1,0.0,11.1,82,1017.9
2026-01-10 22:00:00,1.2,0.0,11.1,82,1017.8
2026-01-10 23:00:00,1.3,0.0,13.0,80,1017.5
2026-01-11 00:00:00,1.4,0.0,13.0,81,1017.0
2026-01-11 01:00:00,1.4,0.0,13.0,81,1016.3
2026-01-11 02:00:00,1.4,0.0,13.0,80,1015.6
2026-01-11 03:00:00,1.5,0.0,14.8,83,1014.7
2026-01-11 04:00:00,1.8,0.0,16.7,84,1013.5
2026-01-11 05:00:00,2.1,0.0,18.5,82,1012.4
2026-01-11 06:00:00,2.3,0.0,18.5,84,1011.1
2026-01-11 07:00:00,2.7,0.4,20.4,83,1010.0
2026-01-11 08:00:00,3.0,0.5,22.2,82,1008.7
2026-01-11 09:00:00,3.0,0.6,24.1,82,1007.6
2026-01-11 10:00:00,3.1,0.5,24.1,82,1006.5
2026-01-11 11:00:00,3.1,0.5,24.1,84,1005.3
2026-01-11 12:00:00,3.5,0.5,25.9,84,1003.8
2026-01-11 13:00:00,3.7,0.4,27.8,84,1002.4
2026-01-11 14:00:00,4.1,0.3,27.8,84,1001.0
2026-01-11 15:00:00,4.6,0.3,27.8,84,999.3
2026-01-11 16:00:00,5.1,0.3,27.8,85,997.6
2026-01-11 17:00:00,5.3,0.4,27.8,86,996.1
2026-01-11 18:00:00,5.8,0.4,27.8,86,994.3
2026-01-11 19:00:00,6.1,0.2,27.8,85,992.6
2026-01-11 20:00:00,6.4,0.2,27.8,85,991.0
2026-01-11 21:00:00,6.6,0.1,27.8,88,989.6
2026-01-11 22:00:00,7.2,0.2,29.6,84,989.2
2026-01-11 23:00:00,7.5,0.2,29.6,84,989.2
2026-01-12 00:00:00,7.8,0.0,29.6,84,989.0
2026-01-12 01:00:00,7.9,0.0,27.8,83,989.2
2026-01-12 02:00:00,8.0,0.0,29.6,81,989.5
2026-01-12 03:00:00,7.9,0.0,27.8,81,989.8
2026-01-12 04:00:00,8.4,0.0,31.5,78,990.0
2026-01-12 05:00:00,8.4,0.0,29.6,77,990.2
2026-01-12 06:00:00,8.4,0.0,27.8,76,990.3
2026-01-12 07:00:00,8.6,0.0,25.9,74,990.9
2026-01-12 08:00:00,8.4,0.0,24.1,75,991.3
2026-01-12 09:00:00,8.5,0.0,24.1,76,991.8
2026-01-12 10:00:00,8.7,0.0,22.2,76,992.0
2026-01-12 11:00:00,9.4,0.0,24.1,75,992.2
2026-01-12 12:00:00,9.9,0.0,24.1,75,992.2
2026-01-12 13:00:00,10.1,0.0,22.2,75,992.3
2026-01-12 14:00:00,10.0,0.0,22.2,76,992.7
2026-01-12 15:00:00,9.7,0.0,20.4,77,992.9
2026-01-12 16:00:00,9.3,0.0,18.5,79,992.8
2026-01-12 17:00:00,9.1,0.0,16.7,79,993.2
2026-01-12 18:00:00,8.4,0.0,14.8,80,993.5
2026-01-12 19:00:00,8.3,0.0,14.8,79,994.2
2026-01-12 20:00:00,8.2,0.0,13.0,80,994.7
2026-01-12 21:00:00,8.0,0.0,13.0,80,995.1
2026-01-12 22:00:00,7.7,0.0,13.0,84,995.6
2026-01-12 23:00:00,7.7,0.0,13.0,83,996.1
2026-01-13 00:00:00,7.7,0.0,11.1,83,996.4
2026-01-13 01:00:00,7.7,0.0,11.1,82,996.9
2026-01-13 02:00:00,7.6,0.0,11.1,82,997.3
2026-01-13 03:00:00,7.6,0.0,11.1,82,997.6
2026-01-13 04:00:00,7.6,0.0,9.3,82,997.8
2026-01-13 05:00:00,7.6,0.0,9.3,82,997.7
2026-01-13 06:00:00,7.6,0.0,9.3,82,997.6
2026-01-13 07:00:00,7.6,0.0,7.4,81,997.6
2026-01-13 08:00:00,7.6,0.0,7.4,81,997.4
2026-01-13 09:00:00,7.7,0.8,7.4,80,997.6
2026-01-13 10:00:00,7.7,0.3,9.3,82,997.6
2026-01-13 11:00:00,7.6,0.4,9.3,84,997.6
2026-01-13 12:00:00,7.3,0.4,11.1,84,997.9
2026-01-13 13:00:00,7.2,0.5,13.0,82,998.0
2026-01-13 14:00:00,6.8,0.4,13.0,81,998.5
2026-01-13 15:00:00,6.4,0.3,13.0,79,998.7
2026-01-13 16:00:00,5.9,0.0,14.8,75,1000.4
2026-01-13 17:00:00,5.0,0.0,14.8,78,1000.8
2026-01-13 18:00:00,4.0,0.0,14.8,80,1001.5
2026-01-13 19:00:00,3.8,0.0,14.8,79,1002.3
2026-01-13 20:00:00,3.6,0.0,14.8,80,1003.1
2026-01-13 21:00:00,3.4,0.0,14.8,79,1003.8
2026-01-13 22:00:00,3.2,0.0,14.8,80,1004.2
2026-01-13 23:00:00,3.2,0.0,13.0,79,1004.8
2026-01-14 00:00:00,3.0,0.0,13.0,80,1005.3
2026-01-14 01:00:00,3.0,0.0,13.0,80,1005.9
2026-01-14 02:00:00,2.8,0.0,13.0,82,1006.3
2026-01-14 03:00:00,2.8,0.0,11.1,82,1006.5
2026-01-14 04:00:00,2.7,0.0,11.1,82,1006.8
2026-01-14 05:00:00,2.7,0.0,11.1,83,1007.0
2026-01-14 06:00:00,2.7,0.0,11.1,83,1007.0
2026-01-14 07:00:00,2.9,0.0,11.1,82,1007.4
2026-01-14 08:00:00,2.9,0.0,11.1,82,1007.7
2026-01-14 09:00:00,3.2,0.0,9.3,83,1008.0
2026-01-14 10:00:00,3.9,0.0,11.1,81,1008.2
2026-01-14 11:00:00,4.6,0.0,13.0,80,1008.0
2026-01-14 12:00:00,5.5,0.0,13.0,77,1007.7
2026-01-14 13:00:00,5.7,0.0,14.8,77,1007.0
2026-01-14 14:00:00,5.7,0.0,14.8,77,1006.4
2026-01-14 15:00:00,5.7,0.0,14.8,77,1005.9
2026-01-14 16:00:00,5.9,0.0,14.8,74,1005.3
2026-01-14 17:00:00,5.5,0.0,14.8,75,1004.3
2026-01-14 18:00:00,4.7,0.0,13.0,77,1003.6
2026-01-14 19:00:00,4.7,0.0,13.0,74,1002.7
2026-01-14 20:00:00,4.6,0.0,13.0,74,1001.9
2026-01-14 21:00:00,4.4,0.0,14.8,74,1001.0
2026-01-14 22:00:00,4.5,0.0,13.0,76,1000.1
2026-01-14 23:00:00,4.5,0.0,13.0,78,999.2
2026-01-15 00:00:00,4.6,0.0,13.0,80,998.4
2026-01-15 01:00:00,4.7,0.0,13.0,81,997.6
2026-01-15 02:00:00,5.1,0.0,13.0,80,996.9
2026-01-15 03:00:00,5.4,0.0,13.0,81,996.1
2026-01-15 04:00:00,5.5,0.0,14.8,82,995.9
2026-01-15 05:00:00,5.6,0.0,13.0,81,995.8
2026-01-15 06:00:00,5.6,0.0,13.0,80,995.9
2026-01-15 07:00:00,5.7,0.0,11.1,78,996.5
2026-01-15 08:00:00,5.5,0.0,11.1,78,997.1
2026-01-15 09:00:00,5.7,0.0,11.1,77,997.6
2026-01-15 10:00:00,5.6,0.0,9.3,79,998.0
2026-01-15 11:00:00,6.4,0.0,11.1,78,998.2
2026-01-15 12:00:00,7.1,0.0,11.1,76,998.3
2026-01-15 13:00:00,7.4,0.0,11.1,76,998.1
2026-01-15 14:00:00,7.4,0.0,9.3,76,998.0
2026-01-15 15:00:00,6.9,0.0,7.4,77,997.7
2026-01-15 16:00:00,6.6,0.0,5.5,77,997.6
2026-01-15 17:00:00,5.9,0.0,5.5,79,997.4
2026-01-15 18:00:00,3.8,0.0,5.5,91,997.3
2026-01-15 19:00:00,3.6,0.0,5.5,91,997.1
2026-01-15 20:00:00,3.6,0.0,5.5,89,996.9
2026-01-15 21:00:00,3.4,0.0,7.4,88,996.9
2026-01-15 22:00:00,3.2,0.0,7.4,89,996.7
2026-01-15 23:00:00,3.0,0.0,7.4,87,996.6
2026-01-16 00:00:00,2.5,0.0,9.3,91,996.5
2026-01-16 01:00:00,2.3,0.0,7.4,89,996.9
2026-01-16 02:00:00,2.0,0.0,7.4,89,997.3
2026-01-16 03:00:00,1.3,0.0,7.4,91,997.6
2026-01-16 04:00:00,0.0,0.0,7.4,92,999.0
2026-01-16 05:00:00,-0.2,0.0,7.4,90,999.6
2026-01-16 06:00:00,-0.2,0.0,5.5,90,1000.2
2026-01-16 07:00:00,-0.1,0.0,7.4,91,1001.1
2026-01-16 08:00:00,-0.1,0.0,5.5,92,1001.7
2026-01-16 09:00:00,0.3,0.0,5.5,93,1002.4
2026-01-16 10:00:00,0.9,0.0,5.5,92,1003.1
2026-01-16 11:00:00,1.9,0.0,7.4,92,1003.7
2026-01-16 12:00:00,3.0,0.0,7.4,89,1003.9
2026-01-16 13:00:00,3.7,0.0,7.4,87,1004.4
2026-01-16 14:00:00,4.2,0.0,7.4,86,1005.0
2026-01-16 15:00:00,4.6,0.0,7.4,83,1005.6
2026-01-16 16:00:00,4.7,0.0,7.4,84,1006.2
2026-01-16 17:00:00,4.2,0.0,7.4,85,1007.0
2026-01-16 18:00:00,3.6,0.0,7.4,86,1007.7
2026-01-16 19:00:00,3.5,0.0,7.4,87,1008.4
2026-01-16 20:00:00,3.5,0.0,7.4,86,1008.9
2026-01-16 21:00:00,3.5,0.0,7.4,85,1009.2
2026-01-16 22:00:00,3.6,0.0,7.4,86,1009.8
2026-01-16 23:00:00,3.8,0.0,5.5,84,1010.1
2026-01-17 00:00:00,3.8,0.0,5.5,86,1010.2
2026-01-17 01:00:00,3.9,0.0,7.4,86,1010.5
2026-01-17 02:00:00,4.0,0.3,7.4,87,1010.6
2026-01-17 03:00:00,4.3,0.5,7.4,88,1010.7
2026-01-17 04:00:00,4.5,0.4,7.4,88,1011.0
2026-01-17 05:00:00,4.7,0.5,7.4,88,1011.4
2026-01-17 06:00:00,4.8,0.6,7.4,89,1011.9
2026-01-17 07:00:00,5.1,0.2,7.4,88,1012.5
2026-01-17 08:00:00,5.6,0.2,7.4,88,1013.0
2026-01-17 09:00:00,5.9,0.2,7.4,87,1013.5
2026-01-17 10:00:00,5.8,0.2,5.5,90,1013.9
2026-01-17 11:00:00,6.2,0.2,5.5,90,1014.4
2026-01-17 12:00:00,6.6,0.2,5.5,90,1014.8
2026-01-17 13:00:00,6.9,0.1,5.5,88,1015.2
2026-01-17 14:00:00,7.0,0.1,5.5,88,1015.7
2026-01-17 15:00:00,6.9,0.1,5.5,87,1016.4
2026-01-17 16:00:00,6.8,0.2,5.5,85,1017.0
2026-01-17 17:00:00,6.5,0.0,5.5,85,1017.6
2026-01-17 18:00:00,5.5,0.0,5.5,91,1018.3
2026-01-17 19:00:00,5.4,0.0,5.5,89,1019.0
2026-01-17 20:00:00,5.0,0.0,5.5,90,1019.4
2026-01-17 21:00:00,4.8,0.0,5.5,91,1019.8
2026-01-17 22:00:00,4.3,0.0,5.5,91,1020.2
2026-01-17 23:00:00,4.3,0.0,5.5,89,1020.5
2026-01-18 00:00:00,4.2,0.0,5.5,90,1020.7
2026-01-18 01:00:00,4.0,0.0,5.5,91,1021.0
2026-01-18 02:00:00,4.1,0.0,5.5,91,1021.0
2026-01-18 03:00:00,4.1,0.0,5.5,92,1020.9
2026-01-18 04:00:00,4.2,0.0,3.7,91,1021.0
2026-01-18 05:00:00,4.1,0.0,3.7,93,1020.6
2026-01-18 06:00:00,4.1,0.0,3.7,92,1020.2
2026-01-18 07:00:00,4.4,0.0,3.7,91,1020.2
2026-01-18 08:00:00,4.8,0.0,5.5,91,1020.2
2026-01-18 09:00:00,5.4,0.0,5.5,89,1020.3
2026-01-18 10:00:00,5.5,0.0,5.5,93,1019.9
2026-01-18 11:00:00,5.8,0.0,5.5,93,1019.3
2026-01-18 12:00:00,6.0,0.2,5.5,94,1018.7
2026-01-18 13:00:00,6.4,0.5,5.5,93,1018.1
2026-01-18 14:00:00,6.4,0.6,5.5,92,1017.4
2026-01-18 15:00:00,6.3,0.7,5.5,93,1016.6
2026-01-18 16:00:00,6.8,0.2,5.5,89,1015.8
2026-01-18 17:00:00,6.5,0.2,5.5,91,1015.6
2026-01-18 18:00:00,6.1,0.2,5.5,93,1015.1
2026-01-18 19:00:00,6.0,0.4,7.4,93,1014.8
2026-01-18 20:00:00,5.9,0.4,5.5,94,1014.4
2026-01-18 21:00:00,5.7,0.3,7.4,95,1014.1
2026-01-18 22:00:00,5.8,0.3,7.4,93,1013.7
2026-01-18 23:00:00,5.7,0.3,7.4,91,1013.6
2026-01-19 00:00:00,5.4,0.3,5.5,92,1013.4
2026-01-19 01:00:00,5.4,0.3,5.5,91,1013.3
2026-01-19 02:00:00,5.2,0.3,5.5,91,1013.1
2026-01-19 03:00:00,5.2,0.3,5.5,91,1012.9
2026-01-19 04:00:00,5.1,0.3,3.7,92,1012.9
2026-01-19 05:00:00,5.0,0.3,3.7,94,1012.8
2026-01-19 06:00:00,5.1,0.3,3.7,93,1012.6
2026-01-19 07:00:00,4.9,0.2,3.7,96,1012.6
2026-01-19 08:00:00,5.0,0.2,3.7,95,1012.6
2026-01-19 09:00:00,5.3,0.2,5.5,95,1012.7
2026-01-19 10:00:00,5.3,0.2,5.5,99,1013.1
2026-01-19 11:00:00,5.9,0.2,5.5,97,1013.0
2026-01-19 12:00:00,6.6,0.1,5.5,95,1012.8
2026-01-19 13:00:00,7.1,0.2,5.5,93,1012.5
2026-01-19 14:00:00,7.4,0.1,5.5,92,1012.3
2026-01-19 15:00:00,7.5,0.0,5.5,89,1012.4
2026-01-19 16:00:00,7.7,0.0,5.5,87,1012.1
2026-01-19 17:00:00,7.2,0.0,5.5,89,1012.1
2026-01-19 18:00:00,7.2,0.0,5.5,89,1012.1
2026-01-19 19:00:00,7.2,0.0,7.4,89,1012.0
2026-01-19 20:00:00,7.3,0.0,7.4,90,1011.9
2026-01-19 21:00:00,7.3,0.0,7.4,90,1011.7
2026-01-19 22:00:00,7.7,0.0,7.4,88,1011.3
2026-01-19 23:00:00,7.9,0.0,7.4,87,1010.8
2026-01-20 00:00:00,7.9,0.0,9.3,88,1010.4
2026-01-20 01:00:00,8.0,0.0,9.3,87,1010.2
2026-01-20 02:00:00,8.0,0.0,9.3,87,1009.9
2026-01-20 03:00:00,8.1,0.0,9.3,87,1009.5
2026-01-20 04:00:00,7.8,0.0,9.3,88,1009.2
2026-01-20 05:00:00,7.7,0.0,9.3,88,1008.9
2026-01-20 06:00:00,7.6,0.0,9.3,88,1008.8
2026-01-20 07:00:00,7.6,0.0,11.1,88,1008.6
2026-01-20 08:00:00,7.6,0.0,11.1,89,1008.5
2026-01-20 09:00:00,7.8,0.0,11.1,88,1008.4
2026-01-20 10:00:00,8.0,0.0,11.1,88,1008.0
2026-01-20 11:00:00,8.4,0.0,14.8,86,1007.5
2026-01-20 12:00:00,8.8,0.0,16.7,84,1007.0
2026-01-20 13:00:00,9.1,0.0,18.5,81,1006.4
2026-01-20 14:00:00,9.1,0.0,18.5,79,1005.9
2026-01-20 15:00:00,9.1,0.0,16.7,76,1005.4
2026-01-20 16:00:00,9.1,0.0,16.7,78,1004.4
2026-01-20 17:00:00,8.5,0.0,18.5,79,1003.8
2026-01-20 18:00:00,7.6,0.0,18.5,82,1003.3
2026-01-20 19:00:00,7.6,0.0,20.4,81,1002.5
2026-01-20 20:00:00,7.6,0.0,20.4,81,1001.6
2026-01-20 21:00:00,7.6,0.0,20.4,79,1001.1
2026-01-20 22:00:00,7.6,0.0,20.4,80,1000.2
2026-01-20 23:00:00,7.6,0.0,18.5,80,999.3
2026-01-21 00:00:00,7.6,0.0,18.5,80,998.6
2026-01-21 01:00:00,7.6,0.3,16.7,80,997.5
2026-01-21 02:00:00,7.6,0.4,16.7,81,996.7
2026-01-21 03:00:00,7.5,0.5,16.7,82,996.0
2026-01-21 04:00:00,7.6,0.5,14.8,82,994.4
2026-01-21 05:00:00,7.5,0.5,13.0,83,993.3
2026-01-21 06:00:00,7.2,0.5,11.1,85,992.5
2026-01-21 07:00:00,7.1,0.1,11.1,85,992.0
2026-01-21 08:00:00,6.7,0.1,9.3,85,991.8
2026-01-21 09:00:00,6.9,0.1,9.3,83,991.8
2026-01-21 10:00:00,6.2,0.0,11.1,88,990.9
2026-01-21 11:00:00,6.5,0.0,13.0,86,990.8
2026-01-21 12:00:00,7.0,0.0,14.8,85,990.6
2026-01-21 13:00:00,7.2,0.2,16.7,85,989.9
2026-01-21 14:00:00,7.7,0.4,18.5,86,989.2
2026-01-21 15:00:00,8.0,0.5,18.5,85,988.4
2026-01-21 16:00:00,8.7,0.4,20.4,86,988.0
2026-01-21 17:00:00,8.7,0.5,22.2,87,987.9
2026-01-21 18:00:00,8.3,0.4,22.2,89,987.8
2026-01-21 19:00:00,8.3,0.2,24.1,88,988.0
2026-01-21 20:00:00,8.4,0.2,22.2,88,988.2
2026-01-21 21:00:00,8.4,0.2,22.2,87,988.5
2026-01-21 22:00:00,9.5,0.1,22.2,82,988.5
2026-01-21 23:00:00,9.4,0.1,22.2,83,988.8
2026-01-22 00:00:00,9.2,0.1,22.2,83,989.3
2026-01-22 01:00:00,9.2,0.2,20.4,83,990.0
2026-01-22 02:00:00,9.0,0.2,20.4,84,990.2
2026-01-22 03:00:00,8.9,0.2,20.4,84,990.3
2026-01-22 04:00:00,8.9,0.2,22.2,83,991.0
2026-01-22 05:00:00,8.8,0.2,22.2,83,991.0
2026-01-22 06:00:00,7.1,0.2,24.1,93,990.9
2026-01-22 07:00:00,7.1,0.2,24.1,92,991.2
2026-01-22 08:00:00,7.0,0.2,24.1,91,991.2
2026-01-22 09:00:00,7.0,0.2,24.1,90,991.7
2026-01-22 10:00:00,7.7,0.5,24.1,84,991.3
2026-01-22 11:00:00,7.5,0.5,24.1,84,991.3
2026-01-22 12:00:00,7.3,0.5,24.1,84,991.5
2026-01-22 13:00:00,7.2,0.4,25.9,83,991.4
2026-01-22 14:00:00,7.1,0.5,24.1,82,991.5
2026-01-22 15:00:00,6.8,0.5,24.1,82,991.4
2026-01-22 16:00:00,6.9,0.5,25.9,80,990.9
2026-01-22 17:00:00,6.5,0.5,27.8,82,990.5
2026-01-22 18:00:00,6.0,0.5,27.8,84,990.3
2026-01-22 19:00:00,5.9,0.9,29.6,85,989.9
2026-01-22 20:00:00,5.7,0.9,27.8,86,989.6
2026-01-22 21:00:00,5.8,0.9,27.8,85,989.3
2026-01-22 22:00:00,6.6,0.9,27.8,81,988.7
2026-01-22 23:00:00,6.5,0.9,29.6,81,988.4
2026-01-23 00:00:00,6.5,0.9,29.6,82,988.0
2026-01-23 01:00:00,6.6,0.6,29.6,83,988.1
2026-01-23 02:00:00,6.7,0.6,29.6,83,987.9
2026-01-23 03:00:00,6.9,0.5,29.6,82,987.7
2026-01-23 04:00:00,7.1,0.6,27.8,84,987.6
2026-01-23 05:00:00,7.3,0.5,25.9,84,987.6
2026-01-23 06:00:00,7.4,0.5,24.1,84,987.7
2026-01-23 07:00:00,7.4,0.3,22.2,84,988.2
2026-01-23 08:00:00,7.4,0.3,20.4,83,988.6
2026-01-23 09:00:00,7.4,0.3,20.4,84,989.3
2026-01-23 10:00:00,7.5,0.3,20.4,85,989.5
2026-01-23 11:00:00,7.5,0.3,22.2,86,989.7
2026-01-23 12:00:00,7.5,0.3,24.1,86,989.6
2026-01-23 13:00:00,7.5,0.4,24.1,87,989.8
2026-01-23 14:00:00,7.5,0.4,24.1,86,989.8
2026-01-23 15:00:00,7.5,0.4,24.1,86,990.0
2026-01-23 16:00:00,7.7,0.4,25.9,86,989.9
2026-01-23 17:00:00,7.4,0.4,25.9,88,990.1
2026-01-23 18:00:00,7.0,0.4,27.8,90,990.5
2026-01-23 19:00:00,6.9,0.6,27.8,90,990.9
2026-01-23 20:00:00,6.9,0.6,25.9,90,991.3
2026-01-23 21:00:00,6.9,0.6,25.9,89,991.7
2026-01-23 22:00:00,7.6,0.6,24.1,84,991.7
2026-01-23 23:00:00,7.6,0.6,24.1,84,992.3
2026-01-24 00:00:00,7.5,0.6,24.1,84,992.7
2026-01-24 01:00:00,7.4,0.2,22.2,85,993.4
2026-01-24 02:00:00,7.4,0.2,22.2,84,993.7
2026-01-24 03:00:00,7.5,0.1,22.2,84,994.0
2026-01-24 04:00:00,7.4,0.4,24.1,83,994.5
2026-01-24 05:00:00,7.3,0.4,22.2,83,994.8
2026-01-24 06:00:00,7.0,0.4,22.2,84,995.2
2026-01-24 07:00:00,7.0,0.0,22.2,84,995.7
2026-01-24 08:00:00,6.9,0.0,22.2,84,996.0
2026-01-24 09:00:00,6.9,0.0,22.2,85,996.5
2026-01-24 10:00:00,7.0,0.0,20.4,86,996.2
2026-01-24 11:00:00,7.3,0.0,20.4,84,996.3
2026-01-24 12:00:00,7.5,0.0,20.4,83,996.5
2026-01-24 13:00:00,7.8,0.2,20.4,81,996.4
2026-01-24 14:00:00,7.8,0.1,20.4,81,996.6
2026-01-24 15:00:00,7.6,0.1,20.4,79,996.6
2026-01-24 16:00:00,7.7,0.2,20.4,78,996.7
2026-01-24 17:00:00,7.2,0.2,22.2,80,996.6
2026-01-24 18:00:00,6.7,0.0,22.2,82,996.7
2026-01-24 19:00:00,6.6,0.0,24.1,83,996.5
2026-01-24 20:00:00,6.7,0.0,24.1,82,996.3
2026-01-24 21:00:00,6.7,0.0,24.1,82,996.1
2026-01-24 22:00:00,7.6,0.0,24.1,76,995.8
2026-01-24 23:00:00,7.5,0.0,25.9,76,995.6
2026-01-25 00:00:00,7.5,0.0,24.1,76,995.2
2026-01-25 01:00:00,7.3,0.1,24.1,79,995.1
2026-01-25 02:00:00,7.3,0.1,25.9,79,994.8
2026-01-25 03:00:00,7.4,0.1,25.9,79,994.4
2026-01-25 04:00:00,7.4,0.1,25.9,79,994.3
2026-01-25 05:00:00,7.2,0.1,25.9,80,994.4
2026-01-25 06:00:00,5.8,0.1,25.9,88,994.6
2026-01-25 07:00:00,5.8,0.2,25.9,88,995.2
2026-01-25 08:00:00,5.8,0.2,24.1,88,995.5
2026-01-25 09:00:00,5.7,0.2,24.1,89,996.3
2026-01-25 10:00:00,6.4,0.2,24.1,84,996.7
2026-01-25 11:00:00,6.4,0.2,22.2,84,997.3
2026-01-25 12:00:00,6.4,0.2,22.2,83,997.9
2026-01-25 13:00:00,6.3,0.1,20.4,83,998.3
2026-01-25 14:00:00,6.4,0.1,20.4,82,998.7
2026-01-25 15:00:00,6.2,0.1,18.5,82,999.1
2026-01-25 16:00:00,6.4,0.1,18.5,80,999.5
2026-01-25 17:00:00,6.0,0.1,18.5,82,1000.0
2026-01-25 18:00:00,5.3,0.1,16.7,86,1000.5
2026-01-25 19:00:00,5.2,0.3,16.7,86,1000.9
2026-01-25 20:00:00,5.2,0.3,16.7,87,1001.3
2026-01-25 21:00:00,5.0,0.3,14.8,88,1001.7
2026-01-25 22:00:00,5.0,0.3,14.8,86,1002.1
2026-01-25 23:00:00,5.0,0.3,14.8,86,1002.3
2026-01-26 00:00:00,4.7,0.2,13.0,88,1002.3
2026-01-26 01:00:00,4.7,0.2,13.0,88,1002.4
2026-01-26 02:00:00,4.6,0.2,13.0,86,1002.3
2026-01-26 03:00:00,4.6,0.2,13.0,86,1002.1
2026-01-26 04:00:00,4.4,0.1,11.1,86,1002.1
2026-01-26 05:00:00,4.5,0.1,11.1,86,1002.0
2026-01-26 06:00:00,4.4,0.2,11.1,87,1002.0
2026-01-26 07:00:00,4.4,0.1,11.1,87,1002.0
2026-01-26 08:00:00,4.4,0.1,11.1,87,1002.0
2026-01-26 09:00:00,4.1,0.1,11.1,89,1002.0
2026-01-26 10:00:00,4.6,0.1,11.1,88,1002.3
2026-01-26 11:00:00,5.0,0.1,11.1,85,1002.1
2026-01-26 12:00:00,5.3,0.0,13.0,83,1001.6
2026-01-26 13:00:00,5.5,0.0,13.0,82,1001.1
2026-01-26 14:00:00,5.6,0.0,13.0,80,1000.8
2026-01-26 15:00:00,5.4,0.0,13.0,79,1000.5
2026-01-26 16:00:00,5.7,0.0,13.0,76,1000.3
2026-01-26 17:00:00,5.3,0.0,13.0,77,1000.2
2026-01-26 18:00:00,4.6,0.0,13.0,79,1000.2
2026-01-26 19:00:00,4.5,0.0,14.8,78,999.9
2026-01-26 20:00:00,4.5,0.0,16.7,78,999.6
2026-01-26 21:00:00,4.4,0.0,16.7,77,999.3
2026-01-26 22:00:00,5.0,0.0,16.7,75,998.9
2026-01-26 23:00:00,5.0,0.0,16.7,74,998.1
2026-01-27 00:00:00,5.0,0.0,16.7,74,997.2
2026-01-27 01:00:00,5.0,0.0,18.5,75,996.4
2026-01-27 02:00:00,5.1,0.0,18.5,76,995.4
2026-01-27 03:00:00,5.3,0.0,22.2,75,994.2
2026-01-27 04:00:00,5.3,0.0,24.1,77,993.0
2026-01-27 05:00:00,5.5,0.1,25.9,77,991.7
2026-01-27 06:00:00,5.1,0.1,29.6,81,990.3
2026-01-27 07:00:00,5.1,0.6,31.5,82,989.5
2026-01-27 08:00:00,5.1,0.7,31.5,84,988.3
2026-01-27 09:00:00,5.1,0.8,31.5,85,987.8
2026-01-27 10:00:00,5.8,0.7,31.5,80,986.4
2026-01-27 11:00:00,5.3,0.7,31.5,83,986.3
2026-01-27 12:00:00,5.0,0.7,29.6,86,985.9
2026-01-27 13:00:00,5.0,1.6,29.6,86,985.6
2026-01-27 14:00:00,5.0,1.5,27.8,86,985.3
2026-01-27 15:00:00,5.0,1.5,25.9,86,984.8
2026-01-27 16:00:00,5.2,1.6,27.8,86,984.3
2026-01-27 17:00:00,5.4,1.5,27.8,85,984.1
2026-01-27 18:00:00,5.4,1.4,25.9,87,983.9
2026-01-27 19:00:00,5.4,0.2,25.9,88,984.2
2026-01-27 20:00:00,5.5,0.2,22.2,89,984.4
2026-01-27 21:00:00,5.5,0.2,20.4,88,984.9
2026-01-27 22:00:00,7.3,0.0,18.5,80,984.3
2026-01-27 23:00:00,7.4,0.0,16.7,80,985.0
2026-01-28 00:00:00,7.3,0.0,14.8,81,985.7
2026-01-28 01:00:00,7.1,0.0,13.0,81,986.6
2026-01-28 02:00:00,6.9,0.0,11.1,81,987.4
2026-01-28 03:00:00,6.5,0.0,9.3,82,988.3
2026-01-28 04:00:00,5.8,0.0,7.4,84,989.3
2026-01-28 05:00:00,5.2,0.0,5.5,85,990.0
2026-01-28 06:00:00,4.9,0.0,5.5,85,990.7
2026-01-28 07:00:00,4.2,0.0,5.5,87,991.6
2026-01-28 08:00:00,3.8,0.0,5.5,88,992.3
2026-01-28 09:00:00,3.9,0.0,5.5,88,993.2
2026-01-28 10:00:00,4.4,0.0,3.7,87,993.8
2026-01-28 11:00:00,5.2,0.0,5.5,85,994.3
2026-01-28 12:00:00,6.2,0.0,5.5,81,994.7
2026-01-28 13:00:00,6.6,0.0,5.5,80,994.9
2026-01-28 14:00:00,6.6,0.0,5.5,79,995.4
2026-01-28 15:00:00,6.6,0.0,5.5,79,995.9
2026-01-28 16:00:00,6.3,0.0,5.5,79,996.3
2026-01-28 17:00:00,5.8,0.0,5.5,80,996.7
2026-01-28 18:00:00,5.3,0.0,5.5,82,997.2
2026-01-28 19:00:00,4.5,0.0,7.4,87,997.4
2026-01-28 20:00:00,4.4,0.0,7.4,88,998.0
2026-01-28 21:00:00,4.3,0.0,7.4,89,998.4
2026-01-28 22:00:00,4.6,0.0,5.5,90,997.9
2026-01-28 23:00:00,4.7,0.0,5.5,89,998.2
2026-01-29 00:00:00,4.7,0.0,5.5,89,998.3
2026-01-29 01:00:00,4.7,0.0,7.4,89,998.7
2026-01-29 02:00:00,4.7,0.0,7.4,89,998.8
2026-01-29 03:00:00,4.9,0.0,7.4,88,998.8
2026-01-29 04:00:00,4.9,0.0,9.3,88,998.9
2026-01-29 05:00:00,5.0,0.0,9.3,87,998.9
2026-01-29 06:00:00,4.7,0.0,9.3,88,999.0
2026-01-29 07:00:00,4.7,0.0,11.1,88,999.2
2026-01-29 08:00:00,4.6,0.0,11.1,88,999.3
2026-01-29 09:00:00,4.8,0.0,13.0,86,999.5
2026-01-29 10:00:00,4.9,0.0,11.1,86,999.2
2026-01-29 11:00:00,5.2,0.0,13.0,83,999.0
2026-01-29 12:00:00,5.3,0.0,14.8,82,998.8
2026-01-29 13:00:00,5.4,0.0,14.8,80,998.5
2026-01-29 14:00:00,5.4,0.0,14.8,78,998.4
2026-01-29 15:00:00,5.3,0.0,14.8,77,998.2
2026-01-29 16:00:00,5.2,0.0,14.8,74,997.8
2026-01-29 17:00:00,4.6,0.0,14.8,76,997.6
2026-01-29 18:00:00,3.7,0.0,14.8,80,997.4
2026-01-29 19:00:00,3.7,0.0,16.7,79,996.9
2026-01-29 20:00:00,3.7,0.0,16.7,79,996.6
2026-01-29 21:00:00,3.6,0.0,16.7,80,996.2
2026-01-29 22:00:00,4.2,0.0,14.8,76,995.7
2026-01-29 23:00:00,4.2,0.0,14.8,75,995.5
2026-01-30 00:00:00,4.1,0.0,14.8,76,995.2
2026-01-30 01:00:00,4.0,0.0,14.8,77,994.8
2026-01-30 02:00:00,3.8,0.0,14.8,78,994.4
2026-01-30 03:00:00,4.0,0.0,14.8,77,993.9
2026-01-30 04:00:00,3.8,0.0,16.7,77,993.3
2026-01-30 05:00:00,3.7,0.0,16.7,77,992.9
2026-01-30 06:00:00,3.8,0.1,16.7,78,992.4
2026-01-30 07:00:00,3.8,0.2,18.5,79,992.1
2026-01-30 08:00:00,3.9,0.3,18.5,79,991.6
2026-01-30 09:00:00,4.2,0.3,18.5,80,991.3
2026-01-30 10:00:00,4.0,0.3,16.7,84,991.1
2026-01-30 11:00:00,4.2,0.3,18.5,85,990.9
2026-01-30 12:00:00,4.5,0.3,18.5,86,990.6
2026-01-30 13:00:00,4.8,0.9,18.5,87,990.3
2026-01-30 14:00:00,5.2,0.9,18.5,86,990.1
2026-01-30 15:00:00,5.4,0.9,18.5,86,989.9
2026-01-30 16:00:00,5.8,0.2,18.5,84,989.7
2026-01-30 17:00:00,5.9,0.2,20.4,85,989.7
2026-01-30 18:00:00,5.9,0.2,20.4,85,989.7
2026-01-30 19:00:00,5.9,0.3,22.2,86,989.8
2026-01-30 20:00:00,6.0,0.3,22.2,87,989.9
2026-01-30 21:00:00,6.0,0.2,22.2,88,990.0
2026-01-30 22:00:00,6.1,0.2,22.2,87,990.3
2026-01-30 23:00:00,6.2,0.2,22.2,88,990.5
2026-01-31 00:00:00,6.2,0.2,22.2,89,990.6
2026-01-31 01:00:00,6.2,0.2,22.2,90,990.7
2026-01-31 02:00:00,6.2,0.2,22.2,90,990.9
2026-01-31 03:00:00,6.2,0.2,24.1,89,991.0
2026-01-31 04:00:00,6.2,0.2,24.1,90,991.4
2026-01-31 05:00:00,6.2,0.2,24.1,90,991.9
2026-01-31 06:00:00,6.2,0.2,22.2,89,992.5
2026-01-31 07:00:00,7.0,0.1,20.4,85,993.1
2026-01-31 08:00:00,6.9,0.1,18.5,86,994.1
2026-01-31 09:00:00,6.7,0.1,16.7,87,995.0
2026-01-31 10:00:00,7.1,0.2,16.7,84,995.8
2026-01-31 11:00:00,7.6,0.0,14.8,82,996.4
2026-01-31 12:00:00,8.0,0.0,16.7,81,996.9
2026-01-31 13:00:00,8.2,0.0,14.8,78,997.4
2026-01-31 14:00:00,8.4,0.0,14.8,77,997.7
2026-01-31 15:00:00,8.4,0.0,13.0,76,998.3
2026-01-31 16:00:00,8.0,0.0,13.0,78,998.6
2026-01-31 17:00:00,7.4,0.0,13.0,80,999.1
2026-01-31 18:00:00,6.2,0.0,13.0,86,999.3
2026-01-31 19:00:00,6.2,0.0,13.0,86,999.8
2026-01-31 20:00:00,6.2,0.0,13.0,86,1000.0
2026-01-31 21:00:00,6.2,0.0,13.0,86,1000.2
2026-01-31 22:00:00,6.2,0.0,11.1,86,1000.1
2026-01-31 23:00:00,6.2,0.0,11.1,87,1000.1
2026-02-01 00:00:00,6.2,0.0,11.1,87,1000.4
2026-02-01 01:00:00,6.2,0.2,9.3,87,1000.1
2026-02-01 02:00:00,6.1,0.2,9.3,89,1000.1
2026-02-01 03:00:00,6.1,0.2,9.3,89,999.9
2026-02-01 04:00:00,6.0,0.0,9.3,88,1000.1
2026-02-01 05:00:00,5.9,0.0,7.4,88,1000.0
2026-02-01 06:00:00,5.7,0.0,7.4,89,1000.2
2026-02-01 07:00:00,5.8,0.0,7.4,88,1000.1
2026-02-01 08:00:00,5.8,0.0,7.4,89,1000.4
2026-02-01 09:00:00,5.9,0.0,7.4,89,1000.7
2026-02-01 10:00:00,6.3,0.0,9.3,88,1000.9
2026-02-01 11:00:00,6.9,0.0,9.3,87,1001.1
2026-02-01 12:00:00,7.2,0.0,9.3,86,1001.1
2026-02-01 13:00:00,7.3,0.0,9.3,85,1001.1
2026-02-01 14:00:00,7.3,0.0,9.3,84,1000.8
2026-02-01 15:00:00,7.3,0.0,9.3,84,1000.7
2026-02-01 16:00:00,7.2,0.0,9.3,84,1000.8
2026-02-01 17:00:00,7.1,0.0,9.3,84,1000.9
2026-02-01 18:00:00,6.0,0.0,9.3,89,1001.2
2026-02-01 19:00:00,5.8,0.0,9.3,91,1001.2
2026-02-01 20:00:00,5.7,0.0,11.1,90,1001.1
2026-02-01 21:00:00,5.5,0.0,11.1,91,1001.0
2026-02-01 22:00:00,5.2,0.0,11.1,93,1000.9
2026-02-01 23:00:00,5.1,0.0,11.1,95,1000.8
2026-02-02 00:00:00,5.0,0.0,11.1,95,1000.7
2026-02-02 01:00:00,4.8,0.0,11.1,97,1000.4
2026-02-02 02:00:00,4.8,0.0,11.1,97,999.6
2026-02-02 03:00:00,5.1,0.0,11.1,96,999.7
2026-02-02 04:00:00,5.0,0.0,13.0,96,999.4
2026-02-02 05:00:00,5.2,0.0,14.8,93,999.4
2026-02-02 06:00:00,4.8,0.0,14.8,95,998.8
2026-02-02 07:00:00,4.9,0.1,14.8,94,999.7
2026-02-02 08:00:00,5.2,0.1,14.8,93,999.4
2026-02-02 09:00:00,5.6,0.1,18.5,90,999.8
2026-02-02 10:00:00,5.9,0.1,18.5,89,1000.2
2026-02-02 11:00:00,6.0,0.1,20.4,88,999.9
2026-02-02 12:00:00,6.0,0.1,22.2,87,999.5
2026-02-02 13:00:00,6.1,0.2,22.2,86,999.1
2026-02-02 14:00:00,6.2,0.2,22.2,85,999.3
2026-02-02 15:00:00,6.1,0.2,22.2,84,999.2
2026-02-02 16:00:00,5.7,0.2,20.4,86,999.2
2026-02-02 17:00:00,5.6,0.2,20.4,85,999.2
2026-02-02 18:00:00,5.0,0.1,20.4,87,999.2
2026-02-02 19:00:00,5.0,0.1,20.4,86,999.1
2026-02-02 20:00:00,4.9,0.1,22.2,86,1000.0
2026-02-02 21:00:00,4.9,0.1,22.2,86,999.7
2026-02-02 22:00:00,4.8,0.1,22.2,85,999.5
2026-02-02 23:00:00,4.8,0.1,22.2,83,1000.2
2026-02-03 00:00:00,4.7,0.1,20.4,84,999.6
2026-02-03 01:00:00,4.7,0.1,20.4,84,999.3
2026-02-03 02:00:00,4.7,0.1,22.2,84,999.3
2026-02-03 03:00:00,4.7,0.1,20.4,84,999.1
2026-02-03 04:00:00,4.7,0.1,22.2,84,998.4
2026-02-03 05:00:00,4.7,0.1,22.2,85,998.5
2026-02-03 06:00:00,4.5,0.1,22.2,86,997.9
2026-02-03 07:00:00,4.5,0.0,24.1,86,998.3
2026-02-03 08:00:00,4.5,0.0,22.2,86,998.8
2026-02-03 09:00:00,4.5,0.0,24.1,86,998.9
2026-02-03 10:00:00,4.5,0.0,24.1,87,998.8
2026-02-03 11:00:00,4.5,0.0,24.1,86,999.3
2026-02-03 12:00:00,4.5,0.0,24.1,84,997.9
2026-02-03 13:00:00,4.4,0.2,24.1,85,998.5
2026-02-03 14:00:00,4.5,0.2,22.2,84,998.1
2026-02-03 15:00:00,4.4,0.2,22.2,85,997.4
2026-02-03 16:00:00,4.3,0.2,20.4,86,997.3
2026-02-03 17:00:00,4.0,0.2,20.4,85,997.2
2026-02-03 18:00:00,3.7,0.2,20.4,87,997.1
2026-02-03 19:00:00,2.9,0.3,20.4,91,997.0
2026-02-03 20:00:00,2.8,0.3,20.4,93,997.0
2026-02-03 21:00:00,3.0,0.3,20.4,94,996.7
2026-02-03 22:00:00,2.8,0.3,18.5,95,996.8
2026-02-03 23:00:00,2.9,0.3,18.5,95,996.6
2026-02-04 00:00:00,3.0,0.3,16.7,93,996.8
2026-02-04 01:00:00,2.8,0.6,16.7,94,997.1
2026-02-04 02:00:00,2.8,0.7,16.7,95,997.0
2026-02-04 03:00:00,2.8,0.7,16.7,95,996.4
2026-02-04 04:00:00,3.1,0.3,14.8,93,996.9
2026-02-04 05:00:00,2.9,0.2,16.7,95,996.3
2026-02-04 06:00:00,3.1,0.2,14.8,95,995.9
2026-02-04 07:00:00,3.2,0.3,14.8,95,995.9
2026-02-04 08:00:00,3.4,0.3,14.8,97,995.6
2026-02-04 09:00:00,3.5,0.3,14.8,97,996.3
2026-02-04 10:00:00,3.9,0.3,14.8,99,996.5
2026-02-04 11:00:00,4.5,0.3,16.7,95,996.4
2026-02-04 12:00:00,5.0,0.3,16.7,95,995.9
2026-02-04 13:00:00,5.0,0.1,16.7,93,995.3
2026-02-04 14:00:00,5.5,0.1,16.7,88,995.1
2026-02-04 15:00:00,5.5,0.1,16.7,87,995.1
2026-02-04 16:00:00,5.9,0.0,16.7,86,995.4
2026-02-04 17:00:00,5.7,0.0,16.7,85,995.5
2026-02-04 18:00:00,4.8,0.0,14.8,89,995.6
2026-02-04 19:00:00,4.8,0.0,14.8,89,995.3
2026-02-04 20:00:00,4.6,0.0,14.8,89,995.1
2026-02-04 21:00:00,4.5,0.0,13.0,90,995.2
2026-02-04 22:00:00,4.5,0.0,13.0,90,995.3
2026-02-04 23:00:00,4.5,0.0,13.0,89,995.6
2026-02-05 00:00:00,4.5,0.0,13.0,89,995.2
2026-02-05 01:00:00,4.5,0.2,13.0,88,995.1
2026-02-05 02:00:00,4.3,0.2,11.1,88,995.0
2026-02-05 03:00:00,4.3,0.2,13.0,88,994.2
2026-02-05 04:00:00,4.3,0.2,13.0,88,994.1
2026-02-05 05:00:00,4.3,0.2,13.0,89,994.3
2026-02-05 06:00:00,4.1,0.2,13.0,89,994.8
2026-02-05 07:00:00,4.1,0.1,13.0,89,994.8
2026-02-05 08:00:00,4.2,0.1,13.0,87,995.0
2026-02-05 09:00:00,4.5,0.1,13.0,86,995.2
2026-02-05 10:00:00,4.9,0.1,14.8,85,995.4
2026-02-05 11:00:00,5.0,0.1,14.8,86,995.7
2026-02-05 12:00:00,5.1,0.1,16.7,85,995.5
2026-02-05 13:00:00,4.9,0.4,16.7,86,996.1
2026-02-05 14:00:00,5.3,0.4,16.7,84,996.2
2026-02-05 15:00:00,4.9,0.4,14.8,86,996.1
2026-02-05 16:00:00,5.0,0.4,14.8,85,996.0
2026-02-05 17:00:00,4.8,0.4,14.8,84,996.7
2026-02-05 18:00:00,4.2,0.4,14.8,87,996.2
2026-02-05 19:00:00,4.3,0.3,14.8,86,996.3
2026-02-05 20:00:00,4.1,0.3,13.0,85,996.5
2026-02-05 21:00:00,4.1,0.3,13.0,84,996.3
2026-02-05 22:00:00,3.9,0.2,13.0,87,997.1
2026-02-05 23:00:00,3.8,0.2,13.0,87,997.5
2026-02-06 00:00:00,3.7,0.2,13.0,86,997.6
2026-02-06 01:00:00,3.8,0.3,13.0,85,997.9
2026-02-06 02:00:00,3.7,0.3,13.0,86,998.0
2026-02-06 03:00:00,3.6,0.3,13.0,88,997.6
2026-02-06 04:00:00,3.9,0.3,13.0,86,997.5
2026-02-06 05:00:00,3.7,0.3,13.0,88,997.5
2026-02-06 06:00:00,3.6,0.3,13.0,88,997.2
2026-02-06 07:00:00,3.7,0.4,13.0,87,997.6
2026-02-06 08:00:00,3.9,0.4,14.8,86,996.9
2026-02-06 09:00:00,4.0,0.4,14.8,87,997.6
2026-02-06 10:00:00,4.1,0.4,16.7,89,997.4
2026-02-06 11:00:00,4.6,0.4,16.7,88,998.3
2026-02-06 12:00:00,5.0,0.4,18.5,86,997.8
2026-02-06 13:00:00,5.3,0.6,18.5,84,997.6
2026-02-06 14:00:00,5.7,0.6,18.5,81,997.9
2026-02-06 15:00:00,5.5,0.6,18.5,79,996.7
2026-02-06 16:00:00,5.1,0.6,18.5,80,996.7
2026-02-06 17:00:00,4.6,0.6,16.7,82,997.0
2026-02-06 18:00:00,4.0,0.6,16.7,81,996.2
2026-02-06 19:00:00,3.9,0.7,16.7,83,996.4
2026-02-06 20:00:00,3.8,0.8,16.7,84,996.7
2026-02-06 21:00:00,2.8,0.8,16.7,89,997.1
2026-02-06 22:00:00,2.8,0.6,16.7,87,996.5
2026-02-06 23:00:00,2.8,0.7,14.8,85,996.5
2026-02-07 00:00:00,2.8,0.7,14.8,84,996.8
2026-02-07 01:00:00,2.7,0.6,14.8,85,996.8
2026-02-07 02:00:00,2.6,0.7,14.8,86,996.8
2026-02-07 03:00:00,2.9,0.7,14.8,85,996.9
2026-02-07 04:00:00,2.5,0.7,14.8,86,996.8
2026-02-07 05:00:00,1.6,0.7,14.8,91,996.7
2026-02-07 06:00:00,1.6,0.6,14.8,91,996.4
2026-02-07 07:00:00,1.6,0.1,14.8,90,997.1
2026-02-07 08:00:00,1.6,0.1,14.8,90,997.2
2026-02-07 09:00:00,1.9,0.1,14.8,89,998.2
2026-02-07 10:00:00,2.3,0.1,16.7,89,999.0
2026-02-07 11:00:00,3.0,0.1,16.7,86,999.0
2026-02-07 12:00:00,3.6,0.1,18.5,83,998.9
2026-02-07 13:00:00,4.1,0.2,18.5,80,998.9
2026-02-07 14:00:00,4.3,0.2,18.5,79,998.9
2026-02-07 15:00:00,4.2,0.2,18.5,80,999.0
2026-02-07 16:00:00,3.8,0.2,18.5,80,999.3
2026-02-07 17:00:00,3.4,0.3,18.5,83,999.6
2026-02-07 18:00:00,3.0,0.3,16.7,83,1000.2
2026-02-07 19:00:00,1.9,0.3,16.7,89,1000.5
2026-02-07 20:00:00,1.7,0.3,16.7,90,1000.7
2026-02-07 21:00:00,1.5,0.3,16.7,90,1001.3
2026-02-07 22:00:00,1.3,0.2,16.7,90,1000.6
2026-02-07 23:00:00,1.7,0.2,16.7,87,1002.1
2026-02-08 00:00:00,0.8,0.2,14.8,92,1000.9
2026-02-08 01:00:00,0.7,0.3,14.8,92,1000.9
2026-02-08 02:00:00,0.7,0.2,16.7,92,1001.0
2026-02-08 03:00:00,0.7,0.2,14.8,93,1000.9
2026-02-08 04:00:00,1.5,0.3,14.8,88,1001.0
2026-02-08 05:00:00,0.9,0.3,14.8,92,1001.1
2026-02-08 06:00:00,1.5,0.0,14.8,91,1001.3
2026-02-08 07:00:00,1.4,0.0,14.8,90,1001.5
2026-02-08 08:00:00,1.5,0.0,14.8,92,1001.7
2026-02-08 09:00:00,1.7,0.0,14.8,90,1002.6
2026-02-08 10:00:00,2.2,0.0,14.8,89,1003.1
2026-02-08 11:00:00,2.9,0.0,16.7,86,1003.1
2026-02-08 12:00:00,3.4,0.0,18.5,84,1003.8
2026-02-08 13:00:00,3.9,0.0,18.5,81,1003.6
2026-02-08 14:00:00,4.0,0.0,18.5,81,1003.6
2026-02-08 15:00:00,4.0,0.0,18.5,80,1003.9
2026-02-08 16:00:00,3.6,0.0,16.7,81,1005.2
2026-02-08 17:00:00,3.3,0.0,16.7,86,1005.6
2026-02-08 18:00:00,3.0,0.0,14.8,85,1006.2
2026-02-08 19:00:00,2.6,0.3,14.8,86,1006.2
2026-02-08 20:00:00,2.5,0.3,14.8,85,1006.5
2026-02-08 21:00:00,2.2,0.3,14.8,85,1006.9
2026-02-08 22:00:00,2.0,0.0,14.8,86,1006.8
2026-02-08 23:00:00,2.0,0.4,14.8,85,1006.9
2026-02-09 00:00:00,1.4,0.4,14.8,89,1006.9
2026-02-09 01:00:00,1.3,0.2,14.8,90,1006.2
2026-02-09 02:00:00,1.2,0.2,14.8,92,1006.2
2026-02-09 03:00:00,1.1,0.2,14.8,93,1006.1
2026-02-09 04:00:00,1.2,0.2,13.0,92,1006.0
2026-02-09 05:00:00,2.2,0.2,14.8,85,1006.5
2026-02-09 06:00:00,2.2,0.2,14.8,83,1006.4
2026-02-09 07:00:00,2.2,0.3,14.8,83,1006.6
2026-02-09 08:00:00,2.4,0.0,14.8,81,1006.7
2026-02-09 09:00:00,2.7,0.0,16.7,81,1007.3
2026-02-09 10:00:00,3.2,0.0,16.7,79,1007.4
2026-02-09 11:00:00,3.9,0.0,18.5,75,1007.2
2026-02-09 12:00:00,4.4,0.0,18.5,73,1006.9
2026-02-09 13:00:00,4.9,0.0,22.2,71,1006.8
2026-02-09 14:00:00,5.1,0.0,22.2,70,1006.7
2026-02-09 15:00:00,5.2,0.0,22.2,69,1006.7
2026-02-09 16:00:00,4.9,0.0,22.2,71,1006.8
2026-02-09 17:00:00,5.0,0.0,24.1,76,1003.4
2026-02-09 18:00:00,4.8,0.0,22.2,76,1003.7
2026-02-09 19:00:00,4.6,0.0,20.4,77,1003.7
2026-02-09 20:00:00,4.4,0.0,20.4,77,1003.8
2026-02-09 21:00:00,4.1,0.0,20.4,79,1004.0
2026-02-09 22:00:00,4.0,0.0,20.4,79,1004.1
2026-02-09 23:00:00,7.7,0.0,11.1,82,996.0
2026-02-10 00:00:00,7.5,0.0,11.1,84,995.7
2026-02-10 01:00:00,7.5,0.0,13.0,85,995.2
2026-02-10 02:00:00,7.4,0.1,11.1,85,994.7
2026-02-10 03:00:00,7.4,0.2,13.0,86,994.0
2026-02-10 04:00:00,7.2,0.1,13.0,86,993.3
2026-02-10 05:00:00,7.3,0.1,14.8,86,992.7
2026-02-10 06:00:00,7.3,0.1,14.8,86,992.2
2026-02-10 07:00:00,7.2,0.3,16.7,87,991.6
2026-02-10 08:00:00,7.4,0.3,16.7,86,991.4
2026-02-10 09:00:00,7.4,0.3,16.7,87,991.0
2026-02-10 10:00:00,7.4,0.3,16.7,88,990.4
2026-02-10 11:00:00,7.5,0.3,16.7,88,989.8
2026-02-10 12:00:00,7.5,0.3,16.7,90,989.3
2026-02-10 13:00:00,7.5,0.4,16.7,90,988.8
2026-02-10 14:00:00,7.5,0.4,16.7,89,987.6
2026-02-10 15:00:00,7.5,0.4,16.7,90,987.0
2026-02-10 16:00:00,7.5,0.4,14.8,89,986.3
2026-02-10 17:00:00,7.4,0.4,14.8,90,985.7
2026-02-10 18:00:00,6.9,0.4,14.8,92,985.1
2026-02-10 19:00:00,6.6,0.5,14.8,91,984.6
2026-02-10 20:00:00,6.8,0.5,14.8,90,983.9
2026-02-10 21:00:00,6.7,0.6,14.8,91,983.6
2026-02-10 22:00:00,6.7,0.5,14.8,91,982.9
2026-02-10 23:00:00,6.7,0.5,14.8,91,982.6
2026-02-11 00:00:00,6.5,0.6,14.8,93,982.3
2026-02-11 01:00:00,6.4,0.6,14.8,93,982.2
2026-02-11 02:00:00,6.2,0.6,13.0,97,981.8
2026-02-11 03:00:00,6.2,0.6,14.8,96,981.6
2026-02-11 04:00:00,6.2,0.6,14.8,96,981.7
2026-02-11 05:00:00,6.0,0.6,14.8,97,981.6
2026-02-11 06:00:00,5.9,0.6,14.8,97,981.7
2026-02-11 07:00:00,5.8,0.6,14.8,96,981.9
2026-02-11 08:00:00,5.6,0.6,14.8,98,982.2
2026-02-11 09:00:00,5.7,0.6,14.8,98,982.2
2026-02-11 10:00:00,6.1,0.6,14.8,97,982.0
2026-02-11 11:00:00,6.2,0.6,14.8,98,982.2
2026-02-11 12:00:00,6.5,0.6,16.7,97,982.0
2026-02-11 13:00:00,6.8,0.6,16.7,94,981.5
2026-02-11 14:00:00,6.7,0.6,16.7,95,981.0
2026-02-11 15:00:00,6.8,0.6,14.8,95,980.4
2026-02-11 16:00:00,6.9,0.6,14.8,92,980.2
2026-02-11 17:00:00,6.8,0.6,14.8,92,979.6
2026-02-11 18:00:00,6.1,0.6,14.8,95,979.4
2026-02-11 19:00:00,6.0,1.0,14.8,95,978.7
2026-02-11 20:00:00,5.8,1.0,14.8,95,978.4
2026-02-11 21:00:00,5.7,1.0,14.8,95,978.3
2026-02-11 22:00:00,5.6,1.0,14.8,95,978.0
2026-02-11 23:00:00,5.4,1.0,14.8,95,978.0
2026-02-12 00:00:00,5.2,0.9,13.0,95,978.3
2026-02-12 01:00:00,5.1,0.7,14.8,95,978.5
2026-02-12 02:00:00,4.9,0.7,14.8,96,978.3
2026-02-12 03:00:00,4.8,0.7,13.0,95,978.8
2026-02-12 04:00:00,4.9,0.7,13.0,94,979.5
2026-02-12 05:00:00,4.5,0.7,14.8,94,980.3
2026-02-12 06:00:00,4.3,0.7,16.7,94,981.1
2026-02-12 07:00:00,4.0,0.5,16.7,94,981.8
2026-02-12 08:00:00,4.0,0.5,16.7,93,982.8
2026-02-12 09:00:00,4.1,0.5,16.7,90,984.2
2026-02-12 10:00:00,4.4,0.4,16.7,87,984.7
2026-02-12 11:00:00,5.0,0.5,18.5,82,985.5
2026-02-12 12:00:00,5.1,0.5,16.7,78,986.9
2026-02-12 13:00:00,5.5,0.4,16.7,75,987.4
2026-02-12 14:00:00,5.5,0.4,16.7,75,987.7
2026-02-12 15:00:00,5.3,0.4,18.5,75,988.3
2026-02-12 16:00:00,4.8,0.4,16.7,76,989.2
2026-02-12 17:00:00,4.0,0.4,14.8,78,989.8
2026-02-12 18:00:00,3.1,0.3,14.8,82,990.1
2026-02-12 19:00:00,2.8,0.6,14.8,82,990.7
2026-02-12 20:00:00,2.1,0.6,14.8,87,991.2
2026-02-12 21:00:00,2.0,0.6,14.8,85,991.5
2026-02-12 22:00:00,1.6,0.0,14.8,85,991.6
2026-02-12 23:00:00,1.1,0.0,14.8,86,992.1
2026-02-13 00:00:00,0.9,0.0,13.0,85,992.4
2026-02-13 01:00:00,0.5,0.0,13.0,86,992.5
2026-02-13 02:00:00,0.2,0.0,13.0,86,992.8
2026-02-13 03:00:00,0.0,0.0,13.0,87,993.0
2026-02-13 04:00:00,-0.2,0.0,13.0,86,992.3
2026-02-13 05:00:00,-0.4,0.0,13.0,87,992.9
2026-02-13 06:00:00,-0.7,0.0,13.0,88,993.4
2026-02-13 07:00:00,-1.3,0.0,11.1,90,993.7
2026-02-13 08:00:00,-1.0,0.0,11.1,89,994.3
2026-02-13 09:00:00,-0.4,0.0,13.0,85,994.9
2026-02-13 10:00:00,0.5,0.0,13.0,82,995.2
2026-02-13 11:00:00,1.7,0.0,14.8,76,995.7
2026-02-13 12:00:00,2.8,0.0,16.7,73,996.3
2026-02-13 13:00:00,3.3,0.0,16.7,69,996.6
2026-02-13 14:00:00,3.6,0.0,16.7,66,996.2
2026-02-13 15:00:00,3.4,0.0,16.7,67,996.3
2026-02-13 16:00:00,3.2,0.2,14.8,71,1002.0
2026-02-13 17:00:00,2.6,0.2,13.0,74,1003.2
2026-02-13 18:00:00,1.6,0.2,11.1,78,1004.2
2026-02-13 19:00:00,1.5,0.1,11.1,79,1005.4
2026-02-13 20:00:00,1.3,0.1,11.1,80,1006.5
2026-02-13 21:00:00,0.7,0.0,11.1,84,1007.4
2026-02-13 22:00:00,0.4,0.1,11.1,84,1008.2
2026-02-13 23:00:00,0.0,0.1,11.1,85,1008.8
2026-02-14 00:00:00,-0.3,0.0,11.1,86,1009.4
2026-02-14 01:00:00,-0.8,0.0,11.1,86,1010.2
2026-02-14 02:00:00,-1.1,0.0,11.1,86,1010.9
2026-02-14 03:00:00,-1.3,0.0,11.1,86,1011.4
2026-02-14 04:00:00,-1.6,0.0,11.1,86,1011.8
2026-02-14 05:00:00,-1.8,0.0,11.1,86,1012.3
2026-02-14 06:00:00,-2.0,0.0,11.1,86,1012.8
2026-02-14 07:00:00,-2.1,0.0,11.1,87,1013.6
2026-02-14 08:00:00,-1.8,0.0,11.1,86,1014.1
2026-02-14 09:00:00,-1.4,0.0,11.1,86,1014.8
2026-02-14 10:00:00,-0.1,0.0,11.1,80,1015.0
2026-02-14 11:00:00,1.0,0.0,11.1,76,1015.2
2026-02-14 12:00:00,2.2,0.0,13.0,71,1015.1
2026-02-14 13:00:00,3.2,0.0,13.0,67,1014.8
2026-02-14 14:00:00,3.7,0.0,13.0,65,1014.8
2026-02-14 15:00:00,3.9,0.0,13.0,64,1014.6
2026-02-14 16:00:00,4.0,0.0,9.3,62,1014.6
2026-02-14 17:00:00,3.2,0.0,7.4,66,1014.3
2026-02-14 18:00:00,2.3,0.0,7.4,70,1014.2
2026-02-14 19:00:00,2.1,0.0,7.4,72,1013.5
2026-02-14 20:00:00,2.1,0.0,9.3,73,1012.8
2026-02-14 21:00:00,2.1,0.0,11.1,73,1011.8
2026-02-14 22:00:00,2.2,0.0,11.1,73,1010.8
2026-02-14 23:00:00,2.3,0.0,13.0,74,1009.9
2026-02-15 00:00:00,2.3,0.0,14.8,75,1008.8
2026-02-15 01:00:00,2.3,0.0,14.8,76,1007.4
2026-02-15 02:00:00,2.3,0.2,16.7,78,1006.1
2026-02-15 03:00:00,2.4,0.2,16.7,79,1004.4
2026-02-15 04:00:00,2.4,0.2,18.5,82,1003.0
2026-02-15 05:00:00,2.4,0.2,18.5,84,1001.6
2026-02-15 06:00:00,2.4,0.1,16.7,84,1000.2
2026-02-15 07:00:00,3.3,0.0,16.7,80,999.5
2026-02-15 08:00:00,3.5,0.0,16.7,81,998.3
2026-02-15 09:00:00,3.7,0.0,14.8,82,997.7
2026-02-15 10:00:00,4.1,0.0,14.8,86,996.9
2026-02-15 11:00:00,4.8,0.0,16.7,85,995.6
2026-02-15 12:00:00,5.5,0.0,14.8,83,994.3
2026-02-15 13:00:00,5.9,0.3,14.8,82,993.2
2026-02-15 14:00:00,6.0,0.3,14.8,83,992.2
2026-02-15 15:00:00,5.9,0.4,13.0,83,991.3
2026-02-15 16:00:00,6.0,0.4,11.1,83,990.5
2026-02-15 17:00:00,5.8,0.4,9.3,83,989.9
2026-02-15 18:00:00,4.7,0.3,9.3,88,989.6
2026-02-15 19:00:00,4.7,0.2,9.3,86,989.2
2026-02-15 20:00:00,4.7,0.0,9.3,84,989.0
2026-02-15 21:00:00,4.6,0.0,11.1,84,989.1
2026-02-15 22:00:00,4.6,0.0,11.1,83,988.7
2026-02-15 23:00:00,4.6,0.0,11.1,83,988.6
2026-02-16 00:00:00,4.5,0.0,9.3,84,988.7
2026-02-16 01:00:00,4.5,0.0,9.3,83,988.4
2026-02-16 02:00:00,4.5,0.0,9.3,83,988.2
2026-02-16 03:00:00,4.4,0.0,11.1,83,988.1
2026-02-16 04:00:00,4.4,0.0,11.1,83,988.2
2026-02-16 05:00:00,4.5,0.0,11.1,82,988.4
2026-02-16 06:00:00,4.4,0.0,13.0,83,988.8
2026-02-16 07:00:00,4.5,0.0,13.0,82,989.1
2026-02-16 08:00:00,4.5,0.0,13.0,83,989.5
2026-02-16 09:00:00,4.6,0.0,13.0,84,990.0
2026-02-16 10:00:00,5.0,0.0,16.7,80,989.7
2026-02-16 11:00:00,5.9,0.0,18.5,76,990.1
2026-02-16 12:00:00,6.7,0.0,20.4,72,990.3
2026-02-16 13:00:00,7.3,0.0,20.4,69,990.9
2026-02-16 14:00:00,7.5,0.0,20.4,68,991.6
2026-02-16 15:00:00,7.4,0.0,18.5,68,992.5
2026-02-16 16:00:00,6.8,0.0,16.7,70,993.4
2026-02-16 17:00:00,6.1,0.0,16.7,73,994.4
2026-02-16 18:00:00,4.7,0.0,16.7,79,995.5
2026-02-16 19:00:00,4.4,0.0,16.7,79,996.8
2026-02-16 20:00:00,4.1,0.0,16.7,79,998.2
2026-02-16 21:00:00,3.6,0.0,16.7,79,999.4
2026-02-16 22:00:00,3.1,0.0,18.5,79,1000.4
2026-02-16 23:00:00,2.3,0.0,18.5,79,1001.5
2026-02-17 00:00:00,1.8,0.0,18.5,79,1002.6
2026-02-17 01:00:00,1.4,0.0,18.5,79,1003.2
2026-02-17 02:00:00,1.5,0.0,20.4,76,1003.9
2026-02-17 03:00:00,1.2,0.0,20.4,78,1004.8
2026-02-17 04:00:00,1.3,0.0,20.4,78,1005.8
2026-02-17 05:00:00,1.5,0.0,20.4,76,1006.8
2026-02-17 06:00:00,1.4,0.0,20.4,76,1007.8
2026-02-17 07:00:00,1.3,0.0,20.4,75,1009.1
2026-02-17 08:00:00,1.3,0.0,18.5,74,1010.2
2026-02-17 09:00:00,1.4,0.0,18.5,74,1011.5
2026-02-17 10:00:00,2.1,0.0,18.5,66,1014.3
2026-02-17 11:00:00,3.2,0.0,18.5,62,1015.0
2026-02-17 12:00:00,4.0,0.0,18.5,58,1015.3
2026-02-17 13:00:00,4.5,0.0,18.5,56,1015.6
2026-02-17 14:00:00,4.7,0.0,16.7,56,1016.0
2026-02-17 15:00:00,4.5,0.0,14.8,57,1016.3
2026-02-17 16:00:00,4.1,0.0,11.1,59,1016.2
2026-02-17 17:00:00,3.6,0.0,9.3,62,1016.3
2026-02-17 18:00:00,2.7,0.0,7.4,67,1016.4
2026-02-17 19:00:00,2.1,0.0,7.4,69,1016.3
2026-02-17 20:00:00,1.4,0.0,7.4,72,1016.1
2026-02-17 21:00:00,0.9,0.0,7.4,75,1015.8
2026-02-17 22:00:00,0.6,0.0,7.4,77,1015.4
2026-02-17 23:00:00,0.7,0.0,7.4,76,1015.0
2026-02-18 00:00:00,0.4,0.0,7.4,78,1014.2
2026-02-18 01:00:00,0.5,0.0,7.4,77,1013.8
2026-02-18 02:00:00,0.5,0.0,7.4,77,1013.1
2026-02-18 03:00:00,0.6,0.0,7.4,77,1012.3
2026-02-18 04:00:00,1.2,0.0,7.4,76,1011.6
2026-02-18 05:00:00,1.3,0.0,9.3,78,1011.0
2026-02-18 06:00:00,1.6,0.0,11.1,78,1010.4
2026-02-18 07:00:00,1.9,0.0,11.1,78,1009.8
2026-02-18 08:00:00,2.3,0.0,13.0,76,1009.1
2026-02-18 09:00:00,3.0,0.0,13.0,76,1008.5
2026-02-18 10:00:00,3.8,0.0,14.8,74,1008.0
2026-02-18 11:00:00,4.6,0.0,18.5,70,1007.4
2026-02-18 12:00:00,4.9,0.0,20.4,70,1006.6
2026-02-18 13:00:00,4.9,0.0,22.2,69,1005.8
2026-02-18 14:00:00,4.9,0.0,22.2,68,1004.8
2026-02-18 15:00:00,4.9,0.0,22.2,66,1003.7
2026-02-18 16:00:00,4.8,0.0,22.2,66,1003.3
2026-02-18 17:00:00,4.6,0.0,22.2,66,1002.8
2026-02-18 18:00:00,4.1,0.0,20.4,69,1002.5
2026-02-18 19:00:00,3.9,0.0,20.4,70,1002.5
2026-02-18 20:00:00,3.7,0.0,20.4,72,1002.1
2026-02-18 21:00:00,3.7,0.0,20.4,71,1001.8
2026-02-18 22:00:00,3.4,0.0,20.4,73,1001.6
2026-02-18 23:00:00,3.5,0.0,20.4,74,1001.4
2026-02-19 00:00:00,3.4,0.0,18.5,75,1001.2
2026-02-19 01:00:00,3.6,0.0,18.5,75,1001.3
2026-02-19 02:00:00,3.5,0.0,16.7,76,1001.3
2026-02-19 03:00:00,3.5,0.0,16.7,77,1001.4
2026-02-19 04:00:00,4.1,0.0,18.5,74,1000.6
2026-02-19 05:00:00,4.2,0.0,18.5,74,1001.1
2026-02-19 06:00:00,4.3,0.0,18.5,75,1001.6
2026-02-19 07:00:00,4.5,0.0,18.5,75,1002.3
2026-02-19 08:00:00,4.6,0.0,16.7,75,1002.8
2026-02-19 09:00:00,4.9,0.0,16.7,75,1003.5
2026-02-19 10:00:00,5.0,0.0,16.7,76,1004.1
2026-02-19 11:00:00,5.1,0.0,14.8,78,1004.8
2026-02-19 12:00:00,5.2,0.0,14.8,79,1005.5
2026-02-19 13:00:00,5.2,0.1,13.0,80,1005.9
2026-02-19 14:00:00,5.2,0.1,13.0,81,1006.4
2026-02-19 15:00:00,5.1,0.2,11.1,81,1006.8
2026-02-19 16:00:00,5.1,0.2,9.3,80,1007.3
2026-02-19 17:00:00,4.9,0.2,9.3,82,1007.8
2026-02-19 18:00:00,4.6,0.2,7.4,83,1008.3
2026-02-19 19:00:00,4.2,0.0,5.5,85,1008.6
2026-02-19 20:00:00,4.0,0.0,5.5,85,1009.1
2026-02-19 21:00:00,3.8,0.0,7.4,86,1009.4
2026-02-19 22:00:00,3.6,0.0,7.4,87,1009.5
2026-02-19 23:00:00,3.2,0.0,7.4,89,1009.7
2026-02-20 00:00:00,3.2,0.0,7.4,89,1009.8
2026-02-20 01:00:00,3.4,0.0,9.3,87,1010.0
2026-02-20 02:00:00,3.4,0.0,9.3,86,1010.0
2026-02-20 03:00:00,3.6,0.0,9.3,86,1010.0
2026-02-20 04:00:00,4.0,0.0,11.1,83,1009.8
2026-02-20 05:00:00,4.4,0.0,11.1,82,1009.4
2026-02-20 06:00:00,4.6,0.0,13.0,82,1009.1
2026-02-20 07:00:00,4.8,0.0,14.8,83,1008.7
2026-02-20 08:00:00,5.2,0.0,16.7,83,1008.2
2026-02-20 09:00:00,5.7,0.0,18.5,84,1007.6
2026-02-20 10:00:00,6.8,0.2,22.2,81,1006.9
2026-02-20 11:00:00,7.8,0.2,25.9,78,1006.1
2026-02-20 12:00:00,8.9,0.2,27.8,76,1005.2
2026-02-20 13:00:00,9.5,0.2,27.8,74,1004.5
2026-02-20 14:00:00,9.8,0.2,29.6,75,1004.0
2026-02-20 15:00:00,9.9,0.2,29.6,74,1003.5
2026-02-20 16:00:00,9.8,0.3,27.8,74,1003.8
2026-02-20 17:00:00,9.5,0.2,25.9,74,1004.3
2026-02-20 18:00:00,8.9,0.0,24.1,76,1004.5
2026-02-20 19:00:00,8.5,0.0,24.1,76,1005.0
2026-02-20 20:00:00,8.4,0.0,22.2,75,1005.4
2026-02-20 21:00:00,8.3,0.0,22.2,76,1005.6
2026-02-20 22:00:00,8.1,0.0,20.4,80,1006.1
2026-02-20 23:00:00,8.2,0.0,20.4,79,1006.7
2026-02-21 00:00:00,8.2,0.0,20.4,79,1007.3
2026-02-21 01:00:00,8.1,0.0,20.4,80,1008.1
2026-02-21 02:00:00,8.2,0.0,18.5,79,1008.5
2026-02-21 03:00:00,8.1,0.0,18.5,80,1008.9
2026-02-21 04:00:00,8.2,0.0,16.7,79,1009.4
2026-02-21 05:00:00,8.0,0.0,14.8,80,1009.7
2026-02-21 06:00:00,7.7,0.0,14.8,82,1010.2
2026-02-21 07:00:00,7.8,0.0,13.0,81,1010.6
2026-02-21 08:00:00,7.9,0.0,13.0,82,1011.0
2026-02-21 09:00:00,8.5,0.0,13.0,82,1011.4
2026-02-21 10:00:00,9.3,0.0,14.8,80,1011.5
2026-02-21 11:00:00,10.0,0.0,16.7,81,1011.6
2026-02-21 12:00:00,10.6,0.0,18.5,80,1011.7
2026-02-21 13:00:00,11.0,0.0,18.5,78,1011.4
2026-02-21 14:00:00,11.0,0.0,20.4,78,1011.1
2026-02-21 15:00:00,11.0,0.0,20.4,78,1010.7
2026-02-21 16:00:00,10.9,0.0,18.5,80,1010.2
2026-02-21 17:00:00,10.8,0.5,18.5,81,1009.9
2026-02-21 18:00:00,10.6,0.6,18.5,82,1009.6
2026-02-21 19:00:00,10.4,0.3,16.7,84,1009.3
2026-02-21 20:00:00,10.5,0.3,16.7,85,1009.1
2026-02-21 21:00:00,10.6,0.2,16.7,84,1009.0
2026-02-21 22:00:00,10.6,0.2,16.7,86,1008.4
2026-02-21 23:00:00,10.7,0.2,14.8,85,1008.3
2026-02-22 00:00:00,10.6,0.0,14.8,86,1008.0
2026-02-22 01:00:00,10.5,0.0,13.0,86,1007.7
2026-02-22 02:00:00,10.4,0.0,13.0,86,1007.2
2026-02-22 03:00:00,10.3,0.0,13.0,86,1006.9
2026-02-22 04:00:00,10.2,0.0,13.0,85,1006.6
2026-02-22 05:00:00,10.0,0.0,11.1,84,1006.4
2026-02-22 06:00:00,9.8,0.0,13.0,83,1006.4
2026-02-22 07:00:00,9.7,0.0,13.0,82,1006.4
2026-02-22 08:00:00,9.6,0.0,14.8,80,1006.7
2026-02-22 09:00:00,9.9,0.0,16.7,79,1007.0
2026-02-22 10:00:00,10.6,0.0,20.4,76,1007.0
2026-02-22 11:00:00,11.3,0.0,24.1,72,1007.0
2026-02-22 12:00:00,11.8,0.0,25.9,69,1006.9
2026-02-22 13:00:00,12.0,0.0,27.8,67,1006.7
2026-02-22 14:00:00,11.9,0.0,27.8,65,1006.6
2026-02-22 15:00:00,11.7,0.0,27.8,65,1006.4
2026-02-22 16:00:00,11.2,0.0,25.9,67,1006.3
2026-02-22 17:00:00,10.5,0.0,24.1,69,1006.3
2026-02-22 18:00:00,9.9,0.0,22.2,71,1006.2
2026-02-22 19:00:00,9.3,0.0,22.2,72,1006.2
2026-02-22 20:00:00,9.0,0.0,22.2,74,1006.0
2026-02-22 21:00:00,8.8,0.0,20.4,74,1006.0
2026-02-22 22:00:00,8.5,0.0,22.2,75,1005.9
2026-02-22 23:00:00,8.4,0.0,20.4,75,1005.8
2026-02-23 00:00:00,8.3,0.0,20.4,75,1005.7
2026-02-23 01:00:00,8.2,0.0,20.4,76,1005.4
2026-02-23 02:00:00,8.2,0.0,20.4,76,1005.2
2026-02-23 03:00:00,8.1,0.0,20.4,76,1004.9
2026-02-23 04:00:00,8.1,0.0,20.4,76,1004.6
2026-02-23 05:00:00,8.2,0.0,20.4,76,1004.4
2026-02-23 06:00:00,8.2,0.0,20.4,76,1004.3
2026-02-23 07:00:00,8.2,0.0,20.4,76,1004.5
2026-02-23 08:00:00,8.6,0.0,20.4,75,1004.8
2026-02-23 09:00:00,8.9,0.0,22.2,75,1004.9
2026-02-23 10:00:00,9.5,0.0,22.2,74,1005.4
2026-02-23 11:00:00,10.2,0.0,24.1,72,1006.0
2026-02-23 12:00:00,10.6,0.0,24.1,71,1006.0
2026-02-23 13:00:00,10.7,0.0,22.2,70,1006.5
2026-02-23 14:00:00,10.9,0.0,22.2,71,1006.6
2026-02-23 15:00:00,10.8,0.0,20.4,72,1006.9
2026-02-23 16:00:00,10.8,0.0,22.2,68,1006.9
2026-02-23 17:00:00,10.3,0.0,20.4,70,1007.5
2026-02-23 18:00:00,9.2,0.0,14.8,76,1008.1
2026-02-23 19:00:00,9.1,0.0,13.0,77,1008.9
2026-02-23 20:00:00,9.0,0.0,11.1,79,1009.6
2026-02-23 21:00:00,8.6,0.0,11.1,82,1010.0
2026-02-23 22:00:00,8.5,0.4,9.3,84,1010.4
2026-02-23 23:00:00,8.5,0.4,9.3,86,1010.6
2026-02-24 00:00:00,8.5,0.5,9.3,88,1010.6
2026-02-24 01:00:00,8.5,0.1,9.3,88,1010.5
2026-02-24 02:00:00,8.8,0.1,11.1,88,1010.3
2026-02-24 03:00:00,9.0,0.0,13.0,88,1009.9
2026-02-24 04:00:00,9.0,0.0,13.0,87,1009.9
2026-02-24 05:00:00,9.1,0.0,14.8,85,1009.8
2026-02-24 06:00:00,9.1,0.0,16.7,84,1009.8
2026-02-24 07:00:00,9.6,0.0,16.7,80,1010.1
2026-02-24 08:00:00,9.7,0.0,16.7,80,1010.0
2026-02-24 09:00:00,10.1,0.0,18.5,80,1010.1
2026-02-24 10:00:00,11.1,0.0,20.4,75,1010.3
2026-02-24 11:00:00,11.8,0.0,24.1,73,1010.2
2026-02-24 12:00:00,12.5,0.0,24.1,70,1010.1
2026-02-24 13:00:00,12.8,0.0,25.9,68,1009.8
2026-02-24 14:00:00,13.1,0.0,25.9,66,1009.5
2026-02-24 15:00:00,13.1,0.0,24.1,65,1009.2
2026-02-24 16:00:00,12.8,0.0,22.2,68,1009.2
2026-02-24 17:00:00,12.4,0.0,18.5,69,1009.5
2026-02-24 18:00:00,10.9,0.0,16.7,74,1009.8
2026-02-24 19:00:00,10.8,0.0,14.8,74,1010.0
2026-02-24 20:00:00,10.6,0.0,13.0,75,1010.1
2026-02-24 21:00:00,10.4,0.0,13.0,75,1010.1
2026-02-24 22:00:00,10.3,0.0,13.0,76,1010.1
2026-02-24 23:00:00,10.3,0.0,13.0,77,1010.2
2026-02-25 00:00:00,9.9,0.0,13.0,79,1010.1
2026-02-25 01:00:00,9.5,0.0,13.0,82,1010.1
2026-02-25 02:00:00,9.3,0.0,13.0,82,1010.1
2026-02-25 03:00:00,9.1,0.0,11.1,82,1010.0
2026-02-25 04:00:00,8.9,0.0,11.1,82,1010.0
2026-02-25 05:00:00,8.8,0.0,11.1,82,1010.0
2026-02-25 06:00:00,8.8,0.0,9.3,82,1010.0
2026-02-25 07:00:00,9.0,0.0,9.3,81,1010.0
2026-02-25 08:00:00,9.1,0.0,11.1,82,1010.2
2026-02-25 09:00:00,9.6,0.0,11.1,82,1010.3
2026-02-25 10:00:00,10.9,0.0,14.8,81,1010.0
2026-02-25 11:00:00,11.7,0.0,16.7,79,1009.8
2026-02-25 12:00:00,12.6,0.0,18.5,77,1009.4
2026-02-25 13:00:00,13.1,0.0,20.4,76,1009.1
2026-02-25 14:00:00,13.3,0.0,22.2,76,1008.9
2026-02-25 15:00:00,13.2,0.0,24.1,76,1008.8
2026-02-25 16:00:00,13.2,0.0,24.1,76,1008.9
2026-02-25 17:00:00,13.0,0.0,22.2,77,1009.1
2026-02-25 18:00:00,12.0,0.0,22.2,81,1009.1
2026-02-25 19:00:00,11.9,0.0,20.4,81,1009.0
2026-02-25 20:00:00,11.7,0.0,20.4,81,1008.8
2026-02-25 21:00:00,11.7,0.0,20.4,80,1008.7
2026-02-25 22:00:00,11.5,0.0,20.4,80,1008.6
2026-02-25 23:00:00,11.4,0.0,20.4,78,1008.7
2026-02-26 00:00:00,11.1,0.0,20.4,80,1008.7
2026-02-26 01:00:00,10.9,0.0,20.4,80,1008.5
2026-02-26 02:00:00,10.7,0.0,20.4,80,1008.4
2026-02-26 03:00:00,10.5,0.0,20.4,81,1008.2
2026-02-26 04:00:00,10.2,0.0,20.4,82,1008.1
2026-02-26 05:00:00,10.3,0.0,20.4,80,1007.9
2026-02-26 06:00:00,10.3,0.0,20.4,80,1007.9
2026-02-26 07:00:00,10.5,0.0,20.4,80,1008.0
2026-02-26 08:00:00,10.6,0.0,20.4,80,1007.8
2026-02-26 09:00:00,10.9,0.0,22.2,80,1007.8
2026-02-26 10:00:00,11.3,0.0,24.1,79,1006.3
2026-02-26 11:00:00,11.7,0.0,27.8,79,1005.5
2026-02-26 12:00:00,12.0,0.0,29.6,78,1004.5
2026-02-26 13:00:00,12.3,0.1,31.5,76,1003.8
2026-02-26 14:00:00,12.2,0.1,31.5,76,1003.3
2026-02-26 15:00:00,12.1,0.1,33.3,76,1002.8
2026-02-26 16:00:00,11.9,0.1,31.5,76,1002.6
2026-02-26 17:00:00,11.9,0.1,29.6,76,1002.5
2026-02-26 18:00:00,10.9,0.1,25.9,82,1002.3
2026-02-26 19:00:00,10.8,0.0,24.1,81,1002.7
2026-02-26 20:00:00,10.8,0.0,22.2,80,1003.0
2026-02-26 21:00:00,10.8,0.0,20.4,80,1003.3
2026-02-26 22:00:00,10.7,0.0,20.4,78,1003.7
2026-02-26 23:00:00,10.7,0.0,18.5,77,1004.0
2026-02-27 00:00:00,10.4,0.0,14.8,78,1004.3
2026-02-27 01:00:00,10.1,0.0,13.0,78,1004.2
2026-02-27 02:00:00,9.7,0.0,11.1,79,1004.2
2026-02-27 03:00:00,9.3,0.0,9.3,82,1004.1
2026-02-27 04:00:00,8.7,0.0,9.3,83,1004.2
2026-02-27 05:00:00,8.4,0.0,7.4,82,1004.4
2026-02-27 06:00:00,8.0,0.0,7.4,84,1004.5
2026-02-27 07:00:00,7.7,0.0,7.4,84,1004.8
2026-02-27 08:00:00,7.7,0.0,7.4,83,1005.1
2026-02-27 09:00:00,7.9,0.0,9.3,83,1005.3
2026-02-27 10:00:00,9.0,0.0,7.4,82,1007.6
2026-02-27 11:00:00,9.6,0.0,7.4,80,1007.9
2026-02-27 12:00:00,10.2,0.0,7.4,75,1008.1
2026-02-27 13:00:00,10.7,0.0,7.4,71,1008.2
2026-02-27 14:00:00,10.9,0.0,9.3,69,1008.4
2026-02-27 15:00:00,10.7,0.0,9.3,69,1008.8
2026-02-27 16:00:00,10.3,0.0,9.3,69,1009.2
2026-02-27 17:00:00,9.5,0.0,9.3,72,1009.9
2026-02-27 18:00:00,7.6,0.0,9.3,82,1010.6
2026-02-27 19:00:00,7.4,0.0,9.3,82,1011.0
2026-02-27 20:00:00,7.1,0.0,9.3,83,1011.5
2026-02-27 21:00:00,6.7,0.0,11.1,85,1011.9
2026-02-27 22:00:00,6.4,0.0,11.1,86,1012.3
2026-02-27 23:00:00,6.2,0.0,11.1,87,1012.4
2026-02-28 00:00:00,5.8,0.0,11.1,90,1012.7
2026-02-28 01:00:00,5.6,0.0,11.1,90,1013.0
2026-02-28 02:00:00,5.4,0.0,11.1,90,1013.0
2026-02-28 03:00:00,5.1,0.0,11.1,92,1013.1
2026-02-28 04:00:00,5.2,0.0,13.0,87,1012.8
2026-02-28 05:00:00,5.0,0.0,13.0,89,1013.0
2026-02-28 06:00:00,5.0,0.0,13.0,88,1013.4
2026-02-28 07:00:00,5.0,0.0,13.0,88,1013.8
2026-02-28 08:00:00,5.3,0.0,13.0,86,1014.2
2026-02-28 09:00:00,5.8,0.0,13.0,85,1014.6
2026-02-28 10:00:00,6.5,0.0,13.0,81,1014.8
2026-02-28 11:00:00,7.1,0.0,13.0,77,1014.9
2026-02-28 12:00:00,7.5,0.0,11.1,75,1015.0
2026-02-28 13:00:00,7.8,0.0,9.3,73,1015.0
2026-02-28 14:00:00,7.8,0.0,9.3,72,1014.9
2026-02-28 15:00:00,7.7,0.0,9.3,71,1014.9
2026-02-28 16:00:00,7.3,0.2,9.3,73,1014.9
2026-02-28 17:00:00,6.5,0.2,9.3,76,1014.9
2026-02-28 18:00:00,5.5,0.2,7.4,78,1015.1
2026-02-28 19:00:00,4.8,0.0,7.4,80,1015.2
2026-02-28 20:00:00,3.9,0.0,7.4,81,1015.1
2026-02-28 21:00:00,3.5,0.0,9.3,81,1014.9
2026-02-28 22:00:00,3.4,0.0,9.3,81,1014.6
2026-02-28 23:00:00,3.5,0.0,9.3,81,1013.9
2026-03-01 00:00:00,3.7,0.0,9.3,81,1013.3
2026-03-01 01:00:00,3.9,0.0,9.3,81,1012.6
2026-03-01 02:00:00,4.1,0.0,9.3,81,1011.9
2026-03-01 03:00:00,4.1,0.0,9.3,81,1011.0
2026-03-01 04:00:00,4.5,0.0,11.1,81,1010.4
2026-03-01 05:00:00,5.0,0.0,11.1,79,1009.9
2026-03-01 06:00:00,5.2,0.0,11.1,79,1009.5
2026-03-01 07:00:00,5.6,0.0,11.1,78,1009.0
2026-03-01 08:00:00,5.9,0.0,13.0,80,1008.5
2026-03-01 09:00:00,6.6,0.0,13.0,81,1007.9
2026-03-01 10:00:00,7.5,0.0,16.7,79,1007.5
2026-03-01 11:00:00,8.3,0.0,18.5,79,1006.9
2026-03-01 12:00:00,9.4,0.0,22.2,78,1006.4
2026-03-01 13:00:00,10.0,0.0,22.2,77,1006.0
2026-03-01 14:00:00,10.6,0.0,24.1,77,1005.5
2026-03-01 15:00:00,10.9,0.1,25.9,78,1005.1
2026-03-01 16:00:00,10.9,0.0,25.9,79,1004.9
2026-03-01 17:00:00,10.9,0.0,24.1,80,1004.9
2026-03-01 18:00:00,10.9,0.0,24.1,80,1004.7
2026-03-01 19:00:00,11.5,0.3,24.1,76,1004.8
2026-03-01 20:00:00,11.4,0.0,22.2,75,1004.9
2026-03-01 21:00:00,11.3,0.0,24.1,75,1004.6
2026-03-01 22:00:00,11.3,0.0,24.1,75,1004.5
2026-03-01 23:00:00,11.2,0.0,24.1,76,1004.4
2026-03-02 00:00:00,11.2,0.0,25.9,76,1004.1
2026-03-02 01:00:00,11.2,0.0,25.9,76,1003.9
2026-03-02 02:00:00,11.0,0.0,25.9,78,1003.8
2026-03-02 03:00:00,10.7,0.0,25.9,78,1003.7
2026-03-02 04:00:00,11.3,0.0,25.9,76,1003.5
2026-03-02 05:00:00,11.3,0.0,25.9,75,1003.7
2026-03-02 06:00:00,11.5,0.0,25.9,75,1004.0
2026-03-02 07:00:00,11.5,0.0,25.9,74,1004.5
2026-03-02 08:00:00,11.3,0.0,25.9,75,1004.9
2026-03-02 09:00:00,11.4,0.0,25.9,75,1005.6
2026-03-02 10:00:00,11.8,0.0,25.9,74,1006.1
2026-03-02 11:00:00,12.2,0.0,25.9,74,1006.4
2026-03-02 12:00:00,12.5,0.0,25.9,73,1006.9
2026-03-02 13:00:00,12.5,0.0,25.9,73,1007.3
2026-03-02 14:00:00,12.4,0.0,25.9,72,1007.7
2026-03-02 15:00:00,12.3,0.0,24.1,71,1008.3
2026-03-02 16:00:00,11.7,0.0,22.2,71,1008.9
2026-03-02 17:00:00,11.1,0.0,20.4,71,1009.6
2026-03-02 18:00:00,10.2,0.0,16.7,73,1010.5
2026-03-02 19:00:00,9.3,0.0,16.7,74,1011.5
2026-03-02 20:00:00,8.4,0.0,16.7,74,1012.3
2026-03-02 21:00:00,8.1,0.0,14.8,74,1013.2
2026-03-02 22:00:00,7.7,0.0,16.7,74,1015.6
2026-03-02 23:00:00,7.3,0.0,14.8,74,1017.1
2026-03-03 00:00:00,6.5,0.0,13.0,75,1018.3
2026-03-03 01:00:00,5.9,0.0,13.0,76,1019.9
2026-03-03 02:00:00,5.3,0.0,11.1,76,1021.1
2026-03-03 03:00:00,4.3,0.0,11.1,79,1022.1
2026-03-03 04:00:00,3.6,0.0,9.3,80,1023.3
2026-03-03 05:00:00,3.0,0.0,9.3,82,1024.2
2026-03-03 06:00:00,2.8,0.0,9.3,82,1025.1
2026-03-03 07:00:00,3.1,0.0,9.3,81,1026.0
2026-03-03 08:00:00,3.7,0.0,9.3,79,1026.8
2026-03-03 09:00:00,5.0,0.0,9.3,75,1027.5
2026-03-03 10:00:00,6.5,0.0,7.4,70,1028.2
2026-03-03 11:00:00,7.9,0.0,7.4,64,1028.6
2026-03-03 12:00:00,9.0,0.0,7.4,60,1028.8
2026-03-03 13:00:00,9.9,0.0,7.4,56,1028.9
2026-03-03 14:00:00,10.0,0.0,9.3,56,1029.0
2026-03-03 15:00:00,9.8,0.0,9.3,57,1029.0
2026-03-03 16:00:00,9.4,0.0,9.3,57,1028.9
2026-03-03 17:00:00,8.5,0.0,9.3,60,1029.0
2026-03-03 18:00:00,7.4,0.0,7.4,65,1029.1
2026-03-03 19:00:00,6.2,0.0,7.4,70,1029.4
2026-03-03 20:00:00,5.1,0.0,7.4,75,1029.4
2026-03-03 21:00:00,4.4,0.0,5.5,79,1029.4
2026-03-03 22:00:00,3.9,0.0,7.4,81,1029.4
2026-03-03 23:00:00,3.4,0.0,7.4,83,1029.1
2026-03-04 00:00:00,3.2,0.0,7.4,84,1028.9
2026-03-04 01:00:00,3.0,0.0,7.4,85,1028.2
2026-03-04 02:00:00,3.1,0.0,7.4,85,1027.7
2026-03-04 03:00:00,3.3,0.0,7.4,85,1027.1
2026-03-04 04:00:00,3.6,0.0,7.4,84,1026.6
2026-03-04 05:00:00,3.9,0.0,7.4,84,1026.2
2026-03-04 06:00:00,4.3,0.0,7.4,86,1026.0
2026-03-04 07:00:00,4.6,0.0,7.4,86,1025.7
2026-03-04 08:00:00,5.3,0.0,9.3,88,1025.6
2026-03-04 09:00:00,6.4,0.0,11.1,86,1025.3
2026-03-04 10:00:00,7.5,0.0,13.0,86,1025.0
2026-03-04 11:00:00,8.9,0.0,14.8,80,1024.4
2026-03-04 12:00:00,10.2,0.0,16.7,75,1024.0
2026-03-04 13:00:00,11.3,0.0,18.5,70,1023.2
2026-03-04 14:00:00,12.0,0.0,18.5,68,1022.5
2026-03-04 15:00:00,12.2,0.0,18.5,68,1021.6
2026-03-04 16:00:00,12.1,0.0,18.5,69,1020.9
2026-03-04 17:00:00,11.8,0.0,16.7,70,1020.5
2026-03-04 18:00:00,9.4,0.0,14.8,82,1020.1
2026-03-04 19:00:00,9.3,0.0,13.0,82,1019.8
2026-03-04 20:00:00,9.1,0.0,13.0,82,1019.6
2026-03-04 21:00:00,9.0,0.0,13.0,83,1019.2
2026-03-04 22:00:00,8.5,0.0,11.1,81,1018.3
2026-03-04 23:00:00,8.5,0.0,11.1,80,1017.7
2026-03-05 00:00:00,8.4,0.0,11.1,81,1017.3
2026-03-05 01:00:00,8.3,0.0,11.1,82,1016.9
2026-03-05 02:00:00,8.3,0.0,11.1,81,1016.3
2026-03-05 03:00:00,8.1,0.0,9.3,82,1015.8
2026-03-05 04:00:00,8.0,0.0,9.3,81,1015.4
2026-03-05 05:00:00,7.8,0.0,9.3,81,1015.0
2026-03-05 06:00:00,7.8,0.0,9.3,82,1014.7
2026-03-05 07:00:00,7.9,0.0,9.3,83,1014.6
2026-03-05 08:00:00,8.2,0.0,9.3,84,1014.5
2026-03-05 09:00:00,9.2,0.0,11.1,82,1014.3
2026-03-05 10:00:00,10.4,0.0,13.0,79,1014.2
2026-03-05 11:00:00,11.6,0.0,14.8,76,1013.9
2026-03-05 12:00:00,12.8,0.0,14.8,72,1013.6
2026-03-05 13:00:00,13.7,0.0,14.8,68,1013.3
2026-03-05 14:00:00,14.2,0.0,14.8,66,1012.8
2026-03-05 15:00:00,14.3,0.0,13.0,66,1012.6
2026-03-05 16:00:00,13.8,0.0,11.1,69,1012.4
2026-03-05 17:00:00,12.9,0.0,9.3,73,1012.9
2026-03-05 18:00:00,10.1,0.0,7.4,86,1013.2
2026-03-05 19:00:00,9.8,0.0,7.4,87,1013.9
2026-03-05 20:00:00,9.4,0.0,9.3,88,1014.5
2026-03-05 21:00:00,8.9,0.6,11.1,88,1015.2
2026-03-05 22:00:00,8.3,0.3,13.0,90,1016.1
2026-03-05 23:00:00,7.7,0.3,14.8,87,1017.1
2026-03-06 00:00:00,7.0,0.3,16.7,90,1018.1
2026-03-06 01:00:00,6.3,0.5,16.7,91,1018.9
2026-03-06 02:00:00,5.7,0.5,16.7,92,1019.4
2026-03-06 03:00:00,5.2,0.5,16.7,93,1019.9
2026-03-06 04:00:00,5.3,0.5,18.5,93,1020.3
2026-03-06 05:00:00,5.1,0.5,18.5,92,1020.7
2026-03-06 06:00:00,4.9,0.4,16.7,93,1021.1
2026-03-06 07:00:00,4.6,0.8,16.7,92,1021.6
2026-03-06 08:00:00,4.5,0.8,16.7,93,1022.0
2026-03-06 09:00:00,4.7,0.8,16.7,93,1022.6
2026-03-06 10:00:00,4.9,0.8,16.7,92,1023.1
2026-03-06 11:00:00,5.2,0.8,16.7,90,1023.5
2026-03-06 12:00:00,6.1,0.7,16.7,85,1023.8
2026-03-06 13:00:00,6.5,0.2,14.8,82,1024.0
2026-03-06 14:00:00,6.7,0.2,14.8,78,1024.0
2026-03-06 15:00:00,7.0,0.1,13.0,76,1024.1
2026-03-06 16:00:00,6.7,0.0,9.3,75,1024.6
2026-03-06 17:00:00,6.3,0.0,7.4,76,1024.7
2026-03-06 18:00:00,5.6,0.0,7.4,80,1025.1
2026-03-06 19:00:00,5.2,0.0,5.5,82,1025.5
2026-03-06 20:00:00,4.6,0.0,5.5,83,1025.9
2026-03-06 21:00:00,3.9,0.0,5.5,85,1026.3
2026-03-06 22:00:00,3.3,0.0,7.4,86,1026.5
2026-03-06 23:00:00,2.7,0.0,7.4,88,1026.7
2026-03-07 00:00:00,2.1,0.0,7.4,89,1026.8
2026-03-07 01:00:00,1.5,0.0,7.4,88,1026.7
2026-03-07 02:00:00,1.0,0.0,7.4,88,1026.5
2026-03-07 03:00:00,0.6,0.0,7.4,89,1026.3
2026-03-07 04:00:00,0.4,0.0,7.4,88,1026.1
2026-03-07 05:00:00,0.2,0.0,7.4,88,1026.2
2026-03-07 06:00:00,0.6,0.0,7.4,86,1026.2
2026-03-07 07:00:00,0.9,0.0,7.4,85,1026.5
2026-03-07 08:00:00,2.0,0.0,7.4,82,1026.7
2026-03-07 09:00:00,3.7,0.0,9.3,77,1026.8
2026-03-07 10:00:00,5.4,0.0,9.3,72,1026.9
2026-03-07 11:00:00,7.1,0.0,9.3,63,1026.8
2026-03-07 12:00:00,8.3,0.0,11.1,60,1026.4
2026-03-07 13:00:00,9.2,0.0,11.1,58,1026.0
2026-03-07 14:00:00,9.8,0.0,13.0,57,1025.6
2026-03-07 15:00:00,9.9,0.0,13.0,58,1025.1
2026-03-07 16:00:00,8.8,0.0,11.1,60,1024.7
2026-03-07 17:00:00,8.0,0.0,11.1,64,1024.6
2026-03-07 18:00:00,6.6,0.0,7.4,70,1024.6
2026-03-07 19:00:00,5.9,0.0,7.4,73,1024.9
2026-03-07 20:00:00,4.9,0.0,5.5,76,1025.1
2026-03-07 21:00:00,4.5,0.0,5.5,77,1025.3
2026-03-07 22:00:00,4.1,0.0,7.4,78,1025.2
2026-03-07 23:00:00,3.9,0.0,7.4,79,1025.0
2026-03-08 00:00:00,3.4,0.0,7.4,82,1024.9
2026-03-08 01:00:00,3.1,0.0,7.4,83,1024.6
2026-03-08 02:00:00,2.9,0.0,7.4,84,1024.2
2026-03-08 03:00:00,2.6,0.0,7.4,88,1023.8
2026-03-08 04:00:00,2.4,0.0,5.5,89,1023.5
2026-03-08 05:00:00,2.5,0.0,5.5,90,1023.4
2026-03-08 06:00:00,3.0,0.0,7.4,89,1023.3
2026-03-08 07:00:00,3.4,0.0,7.4,88,1023.3
2026-03-08 08:00:00,4.2,0.0,7.4,87,1023.3
2026-03-08 09:00:00,5.6,0.0,7.4,84,1023.3
2026-03-08 10:00:00,7.3,0.0,9.3,79,1023.1
2026-03-08 11:00:00,8.7,0.0,11.1,74,1022.8
2026-03-08 12:00:00,9.7,0.0,13.0,72,1022.2
2026-03-08 13:00:00,10.3,0.0,13.0,71,1021.7
2026-03-08 14:00:00,10.6,0.0,13.0,73,1021.2
2026-03-08 15:00:00,10.9,0.0,13.0,73,1020.6
2026-03-08 16:00:00,10.5,0.0,13.0,80,1020.7
2026-03-08 17:00:00,10.3,0.0,11.1,81,1020.5
2026-03-08 18:00:00,9.6,0.0,11.1,86,1020.1
2026-03-08 19:00:00,9.5,0.0,9.3,86,1020.2
2026-03-08 20:00:00,9.4,0.0,9.3,87,1020.2
2026-03-08 21:00:00,9.4,0.0,9.3,87,1020.1
2026-03-08 22:00:00,9.3,0.0,9.3,88,1020.0
2026-03-08 23:00:00,9.3,0.0,7.4,87,1019.8
2026-03-09 00:00:00,9.1,0.0,7.4,88,1019.7
2026-03-09 01:00:00,8.9,0.0,7.4,88,1019.1
2026-03-09 02:00:00,8.8,0.0,7.4,88,1018.6
2026-03-09 03:00:00,8.6,0.0,7.4,88,1018.1
2026-03-09 04:00:00,8.4,0.0,7.4,88,1017.8
2026-03-09 05:00:00,8.2,0.0,7.4,88,1017.7
2026-03-09 06:00:00,8.2,0.0,7.4,88,1017.6
2026-03-09 07:00:00,8.4,0.0,7.4,88,1017.6
2026-03-09 08:00:00,8.7,0.0,9.3,88,1017.5
2026-03-09 09:00:00,9.3,0.0,9.3,87,1017.5
2026-03-09 10:00:00,10.3,0.0,11.1,85,1017.2
2026-03-09 11:00:00,11.3,0.0,13.0,81,1016.9
2026-03-09 12:00:00,12.1,0.0,14.8,78,1016.4
2026-03-09 13:00:00,12.7,0.0,14.8,75,1015.8
2026-03-09 14:00:00,13.0,0.0,16.7,74,1015.2
2026-03-09 15:00:00,13.0,0.0,16.7,73,1014.7
2026-03-09 16:00:00,12.0,0.0,16.7,78,1013.7
2026-03-09 17:00:00,11.7,0.0,14.8,78,1013.4
2026-03-09 18:00:00,10.7,0.0,13.0,81,1013.4
2026-03-09 19:00:00,10.3,0.0,11.1,81,1013.2
2026-03-09 20:00:00,9.8,0.0,11.1,82,1013.0
2026-03-09 21:00:00,9.2,0.0,11.1,83,1012.9
2026-03-09 22:00:00,8.9,0.0,9.3,83,1012.7
2026-03-09 23:00:00,8.6,0.0,9.3,83,1012.5
2026-03-10 00:00:00,8.2,0.0,9.3,84,1012.4
2026-03-10 01:00:00,7.8,0.0,11.1,84,1011.8
2026-03-10 02:00:00,7.5,0.0,11.1,85,1011.5
2026-03-10 03:00:00,7.2,0.0,11.1,86,1011.1
2026-03-10 04:00:00,7.0,0.0,11.1,85,1010.6
2026-03-10 05:00:00,7.0,0.0,11.1,84,1010.5
2026-03-10 06:00:00,7.2,0.0,13.0,82,1010.4
2026-03-10 07:00:00,7.3,0.0,13.0,80,1010.3
2026-03-10 08:00:00,7.7,0.0,14.8,78,1010.1
2026-03-10 09:00:00,8.5,0.0,18.5,76,1009.9
2026-03-10 10:00:00,9.5,0.0,22.2,72,1009.6
2026-03-10 11:00:00,10.4,0.0,24.1,70,1009.1
2026-03-10 12:00:00,11.1,0.0,27.8,68,1008.6
2026-03-10 13:00:00,11.2,0.0,29.6,68,1007.6
2026-03-10 14:00:00,11.4,0.0,31.5,68,1006.6
2026-03-10 15:00:00,11.5,0.0,33.3,67,1005.7
2026-03-10 16:00:00,11.0,0.0,31.5,69,1004.8
2026-03-10 17:00:00,10.9,0.0,29.6,70,1003.8
2026-03-10 18:00:00,10.5,0.0,29.6,71,1002.9
2026-03-10 19:00:00,10.2,0.0,27.8,73,1001.8
2026-03-10 20:00:00,10.2,0.1,27.8,74,1000.6
2026-03-10 21:00:00,10.2,0.2,27.8,76,999.4
2026-03-10 22:00:00,10.1,0.1,27.8,77,998.2
2026-03-10 23:00:00,10.2,0.1,29.6,77,996.9
2026-03-11 00:00:00,10.2,0.1,29.6,78,995.7
2026-03-11 01:00:00,10.1,0.1,29.6,77,995.3
2026-03-11 02:00:00,9.7,0.1,29.6,78,995.0
2026-03-11 03:00:00,9.1,0.1,29.6,78,994.8
2026-03-11 04:00:00,9.1,0.3,29.6,76,994.8
2026-03-11 05:00:00,8.7,0.0,29.6,76,994.9
2026-03-11 06:00:00,8.2,0.0,31.5,77,995.8
2026-03-11 07:00:00,8.3,0.0,29.6,73,997.1
2026-03-11 08:00:00,8.3,0.0,29.6,74,997.8
2026-03-11 09:00:00,8.6,0.0,29.6,73,998.6
2026-03-11 10:00:00,9.2,0.0,33.3,68,999.8
2026-03-11 11:00:00,9.7,0.0,33.3,64,1000.8
2026-03-11 12:00:00,10.1,0.0,33.3,62,1001.8
2026-03-11 13:00:00,10.4,0.0,33.3,60,1002.7
2026-03-11 14:00:00,10.6,0.0,31.5,59,1003.7
2026-03-11 15:00:00,10.2,0.0,29.6,60,1004.3
2026-03-11 16:00:00,9.8,0.0,25.9,62,1005.1
2026-03-11 17:00:00,9.2,0.0,24.1,64,1005.9
2026-03-11 18:00:00,8.7,0.0,24.1,67,1006.6
2026-03-11 19:00:00,8.2,0.0,22.2,70,1007.0
2026-03-11 20:00:00,8.0,0.0,24.1,71,1007.1
2026-03-11 21:00:00,8.1,0.0,25.9,71,1007.1
2026-03-11 22:00:00,8.1,0.0,25.9,72,1006.5
2026-03-11 23:00:00,8.3,0.0,27.8,70,1006.0
2026-03-12 00:00:00,8.3,0.0,29.6,72,1005.2
2026-03-12 01:00:00,8.4,0.0,31.5,73,1004.2
2026-03-12 02:00:00,8.2,0.0,33.3,75,1003.3
2026-03-12 03:00:00,8.2,0.0,35.2,76,1002.4
2026-03-12 04:00:00,8.2,0.0,37.0,78,1001.3
2026-03-12 05:00:00,8.6,0.0,38.9,76,1000.3
2026-03-12 06:00:00,9.1,0.3,42.6,74,999.2
2026-03-12 07:00:00,9.7,0.2,42.6,72,997.9
2026-03-12 08:00:00,9.8,0.2,42.6,74,996.7
2026-03-12 09:00:00,10.5,0.2,44.5,74,995.8
2026-03-12 10:00:00,10.8,0.1,42.6,74,995.2
2026-03-12 11:00:00,11.0,0.2,44.5,77,993.3
2026-03-12 12:00:00,11.1,0.2,44.5,80,991.6
2026-03-12 13:00:00,11.3,1.6,42.6,80,991.0
2026-03-12 14:00:00,11.3,1.6,40.8,82,990.4
2026-03-12 15:00:00,10.8,1.6,38.9,84,989.9
2026-03-12 16:00:00,10.3,1.7,35.2,86,989.6
2026-03-12 17:00:00,10.0,1.6,33.3,86,989.4
2026-03-12 18:00:00,9.1,1.4,29.6,84,989.5
2026-03-12 19:00:00,8.5,0.7,27.8,83,989.7
2026-03-12 20:00:00,7.9,0.6,25.9,81,990.0
2026-03-12 21:00:00,7.5,0.6,24.1,80,990.0
2026-03-12 22:00:00,7.0,0.6,24.1,79,989.4
2026-03-12 23:00:00,6.7,0.6,24.1,77,988.7
2026-03-13 00:00:00,6.5,0.6,24.1,76,987.8
2026-03-13 01:00:00,6.1,0.1,24.1,74,987.7
2026-03-13 02:00:00,5.5,0.1,25.9,74,987.4
2026-03-13 03:00:00,4.8,0.1,27.8,75,987.3
2026-03-13 04:00:00,5.2,1.0,29.6,72,986.9
2026-03-13 05:00:00,5.1,0.0,29.6,71,986.7
2026-03-13 06:00:00,5.3,0.0,31.5,68,986.9
2026-03-13 07:00:00,5.7,0.0,31.5,67,987.3
2026-03-13 08:00:00,5.9,0.0,31.5,69,987.7
2026-03-13 09:00:00,6.6,0.0,31.5,68,988.0
2026-03-13 10:00:00,7.5,0.0,31.5,65,988.7
2026-03-13 11:00:00,8.0,0.0,33.3,64,989.5
2026-03-13 12:00:00,8.6,0.0,31.5,62,990.3
2026-03-13 13:00:00,9.1,0.0,31.5,61,990.8
2026-03-13 14:00:00,8.9,0.0,29.6,62,991.2
2026-03-13 15:00:00,8.7,0.0,27.8,64,991.7
2026-03-13 16:00:00,8.2,0.0,24.1,65,992.2
2026-03-13 17:00:00,7.3,0.0,22.2,69,992.6
2026-03-13 18:00:00,6.5,0.0,18.5,72,993.3
2026-03-13 19:00:00,5.8,0.0,16.7,76,994.1
2026-03-13 20:00:00,5.4,0.0,14.8,77,994.7
2026-03-13 21:00:00,5.0,0.0,13.0,79,995.3
2026-03-13 22:00:00,4.8,0.0,13.0,80,995.8
2026-03-13 23:00:00,4.6,0.0,13.0,80,996.2
2026-03-14 00:00:00,4.3,0.0,13.0,80,996.7
2026-03-14 01:00:00,3.9,0.0,13.0,81,997.1
2026-03-14 02:00:00,3.9,0.0,13.0,81,997.3
2026-03-14 03:00:00,3.4,0.0,13.0,82,997.8
2026-03-14 04:00:00,3.3,0.0,13.0,80,997.5
2026-03-14 05:00:00,3.0,0.0,13.0,81,998.1
2026-03-14 06:00:00,3.1,0.0,13.0,81,998.8
2026-03-14 07:00:00,3.4,0.0,13.0,80,999.6
2026-03-14 08:00:00,3.9,0.0,14.8,79,1000.2
2026-03-14 09:00:00,4.9,0.0,14.8,76,1000.9
2026-03-14 10:00:00,6.2,0.0,16.7,71,1001.4
2026-03-14 11:00:00,7.4,0.0,18.5,65,1001.9
2026-03-14 12:00:00,8.3,0.0,18.5,60,1002.3
2026-03-14 13:00:00,9.2,0.0,18.5,55,1002.5
2026-03-14 14:00:00,9.4,0.0,18.5,55,1002.6
2026-03-14 15:00:00,9.1,0.0,16.7,56,1002.7
2026-03-14 16:00:00,8.5,0.0,16.7,60,1003.1
2026-03-14 17:00:00,7.7,0.0,14.8,64,1003.5
2026-03-14 18:00:00,6.8,0.0,13.0,68,1003.9
2026-03-14 19:00:00,6.0,0.0,11.1,73,1004.5
2026-03-14 20:00:00,5.3,0.0,11.1,78,1005.0
2026-03-14 21:00:00,5.0,0.0,11.1,79,1005.5
2026-03-14 22:00:00,4.6,0.0,11.1,82,1005.7
2026-03-14 23:00:00,4.5,0.0,9.3,82,1005.7
2026-03-15 00:00:00,4.5,0.0,11.1,83,1005.6
2026-03-15 01:00:00,4.5,0.0,11.1,84,1005.4
2026-03-15 02:00:00,4.7,0.0,11.1,84,1005.2
2026-03-15 03:00:00,4.8,0.0,11.1,84,1004.8
2026-03-15 04:00:00,4.9,0.0,14.8,84,1005.6
2026-03-15 05:00:00,5.3,0.0,16.7,82,1004.5
2026-03-15 06:00:00,5.9,0.0,20.4,81,1003.6
2026-03-15 07:00:00,6.4,0.0,22.2,78,1002.4
2026-03-15 08:00:00,7.1,0.0,25.9,77,1001.5
2026-03-15 09:00:00,7.8,0.0,27.8,76,1000.6
2026-03-15 10:00:00,8.6,0.1,29.6,74,1000.1
2026-03-15 11:00:00,9.2,0.1,31.5,74,999.5
2026-03-15 12:00:00,9.7,0.1,31.5,72,998.9
2026-03-15 13:00:00,9.6,0.1,31.5,72,998.8
2026-03-15 14:00:00,9.4,0.1,27.8,74,998.6
2026-03-15 15:00:00,9.1,0.1,27.8,71,998.7
2026-03-15 16:00:00,8.4,0.1,24.1,73,999.0
2026-03-15 17:00:00,7.7,0.1,22.2,74,999.3
2026-03-15 18:00:00,7.2,0.1,22.2,74,999.9
2026-03-15 19:00:00,6.5,0.2,20.4,74,1000.4
2026-03-15 20:00:00,5.9,0.2,20.4,74,1001.0
2026-03-15 21:00:00,5.4,0.2,20.4,75,1001.3
2026-03-15 22:00:00,5.4,0.0,20.4,74,1001.8
2026-03-15 23:00:00,5.0,0.0,20.4,74,1002.1
2026-03-16 00:00:00,4.6,0.0,20.4,74,1002.3
2026-03-16 01:00:00,4.1,0.0,20.4,75,1002.6
2026-03-16 02:00:00,4.4,0.0,20.4,72,1003.0
2026-03-16 03:00:00,3.7,0.0,20.4,76,1003.3
2026-03-16 04:00:00,3.7,0.0,20.4,75,1003.6
2026-03-16 05:00:00,4.0,0.0,20.4,75,1003.9
2026-03-16 06:00:00,4.4,0.0,22.2,74,1004.3
2026-03-16 07:00:00,5.0,0.0,22.2,74,1005.1
2026-03-16 08:00:00,5.9,0.0,22.2,72,1005.6
2026-03-16 09:00:00,6.9,0.0,24.1,73,1005.9
2026-03-16 10:00:00,8.1,0.0,25.9,69,1006.3
2026-03-16 11:00:00,8.8,0.0,27.8,68,1006.6
2026-03-16 12:00:00,9.3,0.0,27.8,68,1006.7
2026-03-16 13:00:00,9.6,0.0,27.8,69,1006.8
2026-03-16 14:00:00,9.7,0.2,29.6,71,1006.7
2026-03-16 15:00:00,9.7,0.3,29.6,73,1006.5
2026-03-16 16:00:00,9.5,0.2,27.8,77,1006.3
2026-03-16 17:00:00,9.6,0.2,25.9,79,1006.0
2026-03-16 18:00:00,9.6,0.2,25.9,82,1005.6
2026-03-16 19:00:00,9.8,0.1,25.9,83,1005.8
2026-03-16 20:00:00,10.1,0.1,25.9,82,1006.0
2026-03-16 21:00:00,10.3,0.1,27.8,82,1006.1
2026-03-16 22:00:00,10.4,0.0,25.9,78,1006.1
2026-03-16 23:00:00,10.7,0.0,25.9,78,1006.2
2026-03-17 00:00:00,10.9,0.0,25.9,78,1006.2
2026-03-17 01:00:00,10.9,0.0,25.9,79,1006.2
2026-03-17 02:00:00,11.2,0.0,25.9,79,1006.0
2026-03-17 03:00:00,11.2,0.0,27.8,78,1005.9
2026-03-17 04:00:00,11.3,0.0,27.8,76,1005.8
2026-03-17 05:00:00,11.4,0.0,29.6,76,1005.8
2026-03-17 06:00:00,11.7,0.0,29.6,74,1005.6
2026-03-17 07:00:00,11.6,0.0,29.6,75,1005.8
2026-03-17 08:00:00,11.8,0.0,29.6,74,1006.2
2026-03-17 09:00:00,12.2,0.0,31.5,73,1006.5
2026-03-17 10:00:00,12.8,0.0,33.3,70,1006.8
2026-03-17 11:00:00,13.2,0.0,35.2,67,1007.0
2026-03-17 12:00:00,13.7,0.0,37.0,64,1007.2
2026-03-17 13:00:00,14.0,0.0,35.2,62,1007.0
2026-03-17 14:00:00,14.4,0.0,35.2,60,1006.9
2026-03-17 15:00:00,14.5,0.0,35.2,59,1007.1
2026-03-17 16:00:00,14.4,0.0,31.5,60,1007.3
2026-03-17 17:00:00,13.8,0.0,27.8,62,1007.7
2026-03-17 18:00:00,13.3,0.0,24.1,63,1008.2
2026-03-17 19:00:00,12.6,0.0,22.2,66,1009.0
2026-03-17 20:00:00,11.8,0.0,20.4,69,1009.7
2026-03-17 21:00:00,11.0,0.0,18.5,72,1010.5
2026-03-17 22:00:00,11.1,0.0,14.8,69,1010.2
2026-03-17 23:00:00,10.7,0.0,13.0,72,1010.8
2026-03-18 00:00:00,10.2,0.0,13.0,75,1011.5
2026-03-18 01:00:00,9.7,0.0,13.0,77,1012.6
2026-03-18 02:00:00,9.4,0.0,11.1,78,1013.3
2026-03-18 03:00:00,9.0,0.0,11.1,79,1014.0
2026-03-18 04:00:00,8.6,0.0,9.3,81,1014.9
2026-03-18 05:00:00,8.3,0.0,9.3,83,1015.7
2026-03-18 06:00:00,8.2,0.0,7.4,84,1016.6
2026-03-18 07:00:00,8.6,0.0,7.4,85,1017.6
2026-03-18 08:00:00,9.2,0.0,7.4,85,1018.8
2026-03-18 09:00:00,10.5,0.0,7.4,81,1019.6
2026-03-18 10:00:00,11.6,0.0,9.3,79,1020.1
2026-03-18 11:00:00,12.9,0.0,9.3,74,1020.4
2026-03-18 12:00:00,14.2,0.0,9.3,70,1020.6
2026-03-18 13:00:00,14.6,0.0,9.3,69,1020.8
2026-03-18 14:00:00,15.0,0.0,9.3,68,1021.0
2026-03-18 15:00:00,15.0,0.0,11.1,68,1021.5
2026-03-18 16:00:00,14.4,0.0,9.3,70,1022.0
2026-03-18 17:00:00,13.3,0.0,9.3,74,1023.0
2026-03-18 18:00:00,11.4,0.0,7.4,78,1023.7
2026-03-18 19:00:00,11.1,0.0,7.4,78,1024.6
2026-03-18 20:00:00,9.9,0.0,7.4,81,1025.2
2026-03-18 21:00:00,9.4,0.0,7.4,81,1025.7
2026-03-18 22:00:00,8.7,0.0,7.4,84,1026.3
2026-03-18 23:00:00,8.1,0.0,7.4,85,1027.0
2026-03-19 00:00:00,7.8,0.0,7.4,87,1027.5
2026-03-19 01:00:00,7.2,0.0,7.4,91,1027.9
2026-03-19 02:00:00,6.9,0.0,5.5,93,1027.9
2026-03-19 03:00:00,6.3,0.0,5.5,97,1028.0
2026-03-19 04:00:00,6.3,0.0,5.5,97,1028.0
2026-03-19 05:00:00,6.0,0.0,5.5,100,1028.1
2026-03-19 06:00:00,6.1,0.0,7.4,100,1028.2
2026-03-19 07:00:00,6.7,0.0,5.5,99,1028.6
2026-03-19 08:00:00,7.5,0.0,7.4,95,1029.0
2026-03-19 09:00:00,8.5,0.0,7.4,91,1029.5
2026-03-19 10:00:00,9.4,0.0,9.3,90,1029.5
2026-03-19 11:00:00,10.1,0.0,11.1,87,1029.4
2026-03-19 12:00:00,10.9,0.0,13.0,82,1029.3
2026-03-19 13:00:00,11.0,0.0,13.0,81,1029.1
2026-03-19 14:00:00,11.3,0.0,13.0,78,1028.7
2026-03-19 15:00:00,11.3,0.0,13.0,76,1028.5
2026-03-19 16:00:00,11.2,0.0,11.1,74,1028.5
2026-03-19 17:00:00,10.4,0.0,11.1,77,1028.4
2026-03-19 18:00:00,9.1,0.0,9.3,84,1028.1
2026-03-19 19:00:00,8.6,0.0,7.4,84,1028.1
2026-03-19 20:00:00,7.6,0.0,7.4,88,1028.0
2026-03-19 21:00:00,7.1,0.0,7.4,90,1027.8
2026-03-19 22:00:00,6.7,0.0,7.4,91,1027.7
2026-03-19 23:00:00,6.0,0.0,5.5,95,1027.3
2026-03-20 00:00:00,5.9,0.0,5.5,95,1027.0
2026-03-20 01:00:00,5.5,0.0,5.5,95,1026.3
2026-03-20 02:00:00,5.3,0.0,5.5,97,1025.7
2026-03-20 03:00:00,5.0,0.0,5.5,100,1025.2
2026-03-20 04:00:00,4.9,0.0,5.5,99,1024.7
2026-03-20 05:00:00,4.9,0.0,7.4,100,1024.5
2026-03-20 06:00:00,5.4,0.0,7.4,99,1024.3
2026-03-20 07:00:00,6.1,0.0,7.4,96,1024.2
2026-03-20 08:00:00,7.2,0.0,9.3,93,1024.0
2026-03-20 09:00:00,8.5,0.0,9.3,87,1023.8
2026-03-20 10:00:00,9.7,0.0,11.1,84,1023.5
2026-03-20 11:00:00,11.4,0.0,11.1,78,1023.1
2026-03-20 12:00:00,12.3,0.0,13.0,75,1022.5
2026-03-20 13:00:00,13.0,0.0,13.0,73,1022.1
2026-03-20 14:00:00,13.5,0.0,13.0,69,1021.5
2026-03-20 15:00:00,13.8,0.0,13.0,68,1020.9
2026-03-20 16:00:00,13.1,0.0,13.0,72,1020.0
2026-03-20 17:00:00,12.8,0.0,13.0,72,1019.8
2026-03-20 18:00:00,11.4,0.0,11.1,77,1019.6
2026-03-20 19:00:00,11.1,0.0,9.3,77,1019.7
2026-03-20 20:00:00,10.0,0.0,9.3,80,1019.9
2026-03-20 21:00:00,9.1,0.0,9.3,81,1020.0
2026-03-20 22:00:00,8.2,0.0,9.3,82,1020.0
2026-03-20 23:00:00,7.4,0.0,9.3,82,1019.9
2026-03-21 00:00:00,6.6,0.0,7.4,84,1020.0
2026-03-21 01:00:00,6.0,0.0,9.3,85,1019.8
2026-03-21 02:00:00,5.4,0.0,9.3,86,1019.7
2026-03-21 03:00:00,4.5,0.0,9.3,89,1019.7
2026-03-21 04:00:00,4.3,0.0,9.3,89,1019.7
2026-03-21 05:00:00,3.8,0.0,9.3,91,1019.9
2026-03-21 06:00:00,4.0,0.0,9.3,91,1020.0
2026-03-21 07:00:00,4.6,0.0,9.3,89,1020.0
2026-03-21 08:00:00,6.0,0.0,7.4,87,1020.0
2026-03-21 09:00:00,7.9,0.0,9.3,81,1020.1
2026-03-21 10:00:00,9.9,0.0,7.4,71,1019.7
2026-03-21 11:00:00,11.6,0.0,7.4,65,1019.3
2026-03-21 12:00:00,13.3,0.0,9.3,58,1018.9
2026-03-21 13:00:00,14.2,0.0,9.3,54,1018.5
2026-03-21 14:00:00,14.5,0.0,11.1,53,1017.9
2026-03-21 15:00:00,14.6,0.0,11.1,54,1017.4
2026-03-21 16:00:00,14.3,0.0,11.1,56,1017.0
2026-03-21 17:00:00,13.8,0.0,11.1,57,1016.9
2026-03-21 18:00:00,11.4,0.0,9.3,67,1016.9
2026-03-21 19:00:00,10.8,0.0,9.3,69,1016.9
2026-03-21 20:00:00,9.7,0.0,7.4,72,1017.0
2026-03-21 21:00:00,8.5,0.0,7.4,76,1016.9
2026-03-21 22:00:00,7.9,0.0,7.4,77,1016.9
2026-03-21 23:00:00,7.2,0.0,7.4,78,1016.5
2026-03-22 00:00:00,6.5,0.0,7.4,81,1016.2
2026-03-22 01:00:00,5.9,0.0,9.3,82,1015.9
2026-03-22 02:00:00,5.3,0.0,9.3,84,1015.6
2026-03-22 03:00:00,4.9,0.0,9.3,85,1015.4
2026-03-22 04:00:00,4.6,0.0,9.3,86,1015.0
2026-03-22 05:00:00,4.5,0.0,9.3,86,1014.8
2026-03-22 06:00:00,4.8,0.0,11.1,86,1014.5
2026-03-22 07:00:00,5.0,0.0,11.1,87,1014.6
2026-03-22 08:00:00,5.8,0.0,11.1,88,1014.6
2026-03-22 09:00:00,7.1,0.0,13.0,85,1014.6
2026-03-22 10:00:00,8.7,0.0,11.1,76,1014.4
2026-03-22 11:00:00,9.5,0.0,11.1,76,1014.3
2026-03-22 12:00:00,10.7,0.0,13.0,71,1014.3
2026-03-22 13:00:00,11.1,0.0,13.0,71,1014.4
2026-03-22 14:00:00,11.5,0.0,13.0,70,1014.5
2026-03-22 15:00:00,11.5,0.0,13.0,70,1014.8
2026-03-22 16:00:00,11.3,0.0,13.0,70,1015.2
2026-03-22 17:00:00,10.8,0.0,13.0,71,1015.6
2026-03-22 18:00:00,9.6,0.0,11.1,72,1016.3
2026-03-22 19:00:00,8.9,0.0,11.1,71,1017.2
2026-03-22 20:00:00,7.8,0.0,11.1,71,1018.1
2026-03-22 21:00:00,6.8,0.0,11.1,72,1019.0
2026-03-22 22:00:00,6.1,0.0,11.1,73,1019.4
2026-03-22 23:00:00,5.3,0.0,11.1,73,1019.8
2026-03-23 00:00:00,4.6,0.0,11.1,76,1019.9
2026-03-23 01:00:00,3.8,0.0,9.3,77,1020.2
2026-03-23 02:00:00,3.1,0.0,9.3,79,1020.5
2026-03-23 03:00:00,2.5,0.0,9.3,81,1020.7
2026-03-23 04:00:00,2.2,0.0,9.3,82,1020.8
2026-03-23 05:00:00,2.0,0.0,9.3,84,1021.1
2026-03-23 06:00:00,2.3,0.0,9.3,83,1021.2
2026-03-23 07:00:00,3.1,0.0,7.4,79,1021.2
2026-03-23 08:00:00,4.2,0.0,7.4,76,1021.1
2026-03-23 09:00:00,5.9,0.0,9.3,72,1021.1
2026-03-23 10:00:00,7.7,0.0,9.3,67,1019.8
2026-03-23 11:00:00,8.6,0.0,11.1,63,1019.2
2026-03-23 12:00:00,9.4,0.0,14.8,61,1018.4
2026-03-23 13:00:00,9.6,0.0,16.7,62,1017.5
2026-03-23 14:00:00,9.9,0.0,18.5,61,1016.7
2026-03-23 15:00:00,10.1,0.0,20.4,61,1016.0
2026-03-23 16:00:00,10.0,0.0,22.2,63,1015.2
2026-03-23 17:00:00,10.0,0.0,22.2,62,1014.5
2026-03-23 18:00:00,9.7,0.0,20.4,64,1013.9
2026-03-23 19:00:00,9.4,0.0,22.2,68,1013.3
2026-03-23 20:00:00,9.4,0.0,22.2,70,1012.5
2026-03-23 21:00:00,9.8,0.0,24.1,71,1011.6
2026-03-23 22:00:00,9.9,0.0,25.9,73,1010.8
2026-03-23 23:00:00,10.2,0.0,27.8,73,1010.1
2026-03-24 00:00:00,10.2,0.0,27.8,75,1009.0
2026-03-24 01:00:00,10.2,0.0,27.8,78,1008.2
2026-03-24 02:00:00,10.3,0.0,27.8,79,1007.4
2026-03-24 03:00:00,10.4,0.3,27.8,81,1006.8
2026-03-24 04:00:00,10.8,0.0,31.5,79,1005.4
2026-03-24 05:00:00,11.2,0.0,31.5,77,1005.1
2026-03-24 06:00:00,11.7,0.0,31.5,76,1004.8
2026-03-24 07:00:00,12.0,0.0,29.6,75,1004.4
2026-03-24 08:00:00,12.1,0.0,29.6,76,1004.2
2026-03-24 09:00:00,12.5,0.0,29.6,75,1003.9
2026-03-24 10:00:00,13.1,0.0,31.5,72,1003.5
2026-03-24 11:00:00,13.3,0.2,31.5,72,1003.0
2026-03-24 12:00:00,13.4,0.2,31.5,73,1002.4
2026-03-24 13:00:00,13.2,0.8,31.5,74,1001.1
2026-03-24 14:00:00,12.9,0.9,29.6,76,999.8
2026-03-24 15:00:00,12.3,1.0,27.8,79,998.3
2026-03-24 16:00:00,11.6,0.9,25.9,84,996.7
2026-03-24 17:00:00,10.8,0.9,24.1,85,995.0
2026-03-24 18:00:00,10.0,0.9,20.4,86,993.9
2026-03-24 19:00:00,9.1,0.8,20.4,87,993.1
2026-03-24 20:00:00,8.4,0.8,18.5,85,992.6
2026-03-24 21:00:00,7.5,0.8,18.5,86,992.2
2026-03-24 22:00:00,7.2,0.8,18.5,84,992.7
2026-03-24 23:00:00,6.7,0.7,16.7,83,993.3
2026-03-25 00:00:00,6.2,0.6,16.7,82,993.9
2026-03-25 01:00:00,5.7,0.0,16.7,81,994.8
2026-03-25 02:00:00,5.2,0.0,18.5,82,995.8
2026-03-25 03:00:00,4.6,0.0,18.5,82,996.6
2026-03-25 04:00:00,5.0,0.0,20.4,75,997.2
2026-03-25 05:00:00,4.8,0.0,20.4,76,997.9
2026-03-25 06:00:00,5.1,0.0,22.2,73,998.8
2026-03-25 07:00:00,5.3,0.0,24.1,71,999.5
2026-03-25 08:00:00,5.4,0.0,25.9,69,1000.2
2026-03-25 09:00:00,5.8,0.0,27.8,68,1001.1
2026-03-25 10:00:00,6.8,0.0,27.8,62,1001.7
2026-03-25 11:00:00,7.5,0.0,29.6,59,1002.3
2026-03-25 12:00:00,8.1,0.0,27.8,54,1003.0
2026-03-25 13:00:00,8.4,0.0,27.8,52,1004.1
2026-03-25 14:00:00,8.4,0.0,25.9,52,1005.0
2026-03-25 15:00:00,8.1,0.3,24.1,53,1006.0
2026-03-25 16:00:00,7.5,0.1,22.2,56,1007.2
2026-03-25 17:00:00,7.0,0.1,20.4,59,1008.4
2026-03-25 18:00:00,6.3,0.1,18.5,62,1009.6
2026-03-25 19:00:00,5.5,0.1,16.7,66,1010.7
2026-03-25 20:00:00,4.7,0.1,16.7,68,1011.7
2026-03-25 21:00:00,3.8,0.0,14.8,73,1012.8
2026-03-25 22:00:00,3.3,0.0,14.8,74,1013.8
2026-03-25 23:00:00,2.8,0.0,14.8,74,1015.2
2026-03-26 00:00:00,2.3,0.0,14.8,75,1016.0
2026-03-26 01:00:00,1.8,0.0,13.0,76,1016.8
2026-03-26 02:00:00,1.4,0.0,13.0,78,1017.2
2026-03-26 03:00:00,1.0,0.0,13.0,78,1017.6
2026-03-26 04:00:00,0.8,0.0,14.8,75,1018.2
2026-03-26 05:00:00,0.7,0.0,14.8,76,1018.7
2026-03-26 06:00:00,1.1,0.0,14.8,75,1019.1
2026-03-26 07:00:00,1.8,0.0,14.8,73,1019.5
2026-03-26 08:00:00,3.0,0.0,16.7,69,1019.8
2026-03-26 09:00:00,4.4,0.0,16.7,66,1020.0
2026-03-26 10:00:00,5.7,0.0,18.5,60,1020.0
2026-03-26 11:00:00,6.6,0.0,18.5,56,1020.0
2026-03-26 12:00:00,7.4,0.0,18.5,52,1019.8
2026-03-26 13:00:00,7.9,0.0,16.7,50,1019.7
2026-03-26 14:00:00,7.9,0.0,16.7,52,1019.4
2026-03-26 15:00:00,8.0,0.0,16.7,55,1019.3
2026-03-26 16:00:00,7.4,0.0,14.8,58,1019.0
2026-03-26 17:00:00,6.8,0.0,13.0,62,1018.7
2026-03-26 18:00:00,6.5,0.0,11.1,66,1018.5
2026-03-26 19:00:00,6.4,0.0,11.1,71,1018.3
2026-03-26 20:00:00,6.1,0.0,11.1,74,1018.0
2026-03-26 21:00:00,6.3,0.0,13.0,76,1017.4
2026-03-26 22:00:00,7.2,0.0,13.0,72,1016.9
2026-03-26 23:00:00,7.4,0.0,13.0,74,1016.2
2026-03-27 00:00:00,7.6,0.0,13.0,77,1015.3
2026-03-27 01:00:00,7.7,0.1,13.0,79,1014.6
2026-03-27 02:00:00,8.0,0.1,14.8,80,1013.8
2026-03-27 03:00:00,8.2,0.1,14.8,81,1013.1
2026-03-27 04:00:00,8.3,0.1,14.8,83,1012.5
2026-03-27 05:00:00,8.5,0.1,14.8,84,1012.0
2026-03-27 06:00:00,8.6,0.1,14.8,85,1011.8
2026-03-27 07:00:00,8.4,0.3,13.0,86,1012.0
2026-03-27 08:00:00,8.6,0.3,13.0,86,1012.0
2026-03-27 09:00:00,8.9,0.3,14.8,84,1012.3
2026-03-27 10:00:00,9.8,0.0,14.8,77,1012.3
2026-03-27 11:00:00,10.5,0.0,16.7,70,1012.5
2026-03-27 12:00:00,11.0,0.0,18.5,65,1012.5
2026-03-27 13:00:00,11.5,0.0,20.4,60,1012.4
2026-03-27 14:00:00,11.7,0.0,22.2,58,1012.3
2026-03-27 15:00:00,11.5,0.0,22.2,56,1012.5
2026-03-27 16:00:00,10.5,0.0,20.4,58,1012.6
2026-03-27 17:00:00,9.5,0.0,20.4,61,1013.0
2026-03-27 18:00:00,8.6,0.0,18.5,63,1013.5
2026-03-27 19:00:00,7.6,0.0,16.7,64,1013.9
2026-03-27 20:00:00,6.6,0.0,16.7,67,1014.3
2026-03-27 21:00:00,5.8,0.0,14.8,69,1014.6
2026-03-27 22:00:00,5.4,0.0,14.8,68,1015.3
2026-03-27 23:00:00,4.9,0.0,14.8,69,1015.3
2026-03-28 00:00:00,4.5,0.0,16.7,70,1015.3
2026-03-28 01:00:00,3.9,0.0,16.7,71,1015.3
2026-03-28 02:00:00,4.2,0.0,18.5,69,1015.1
2026-03-28 03:00:00,3.5,0.0,18.5,73,1014.9
2026-03-28 04:00:00,3.1,0.0,18.5,72,1014.7
2026-03-28 05:00:00,3.3,0.0,18.5,72,1014.7
2026-03-28 06:00:00,3.7,0.0,20.4,72,1014.6
2026-03-28 07:00:00,4.1,0.0,22.2,72,1015.4
2026-03-28 08:00:00,4.9,0.0,24.1,70,1015.9
2026-03-28 09:00:00,5.8,0.0,25.9,70,1016.6
2026-03-28 10:00:00,7.2,0.0,27.8,63,1017.4
2026-03-28 11:00:00,8.0,0.0,27.8,60,1018.0
2026-03-28 12:00:00,8.9,0.0,29.6,54,1018.9
2026-03-28 13:00:00,9.3,0.0,29.6,52,1019.6
2026-03-28 14:00:00,9.3,0.0,29.6,51,1020.2
2026-03-28 15:00:00,9.0,0.0,27.8,52,1020.7
2026-03-28 16:00:00,8.4,0.0,27.8,53,1021.6
2026-03-28 17:00:00,7.7,0.0,24.1,56,1022.5
2026-03-28 18:00:00,6.9,0.0,22.2,58,1023.3
2026-03-28 19:00:00,6.3,0.0,20.4,60,1024.2
2026-03-28 20:00:00,5.3,0.0,18.5,65,1025.0
2026-03-28 21:00:00,4.7,0.0,18.5,70,1025.6
2026-03-28 22:00:00,4.7,0.0,16.7,67,1026.3
2026-03-28 23:00:00,4.4,0.0,16.7,70,1026.4
2026-03-29 00:00:00,4.1,0.0,14.8,73,1026.4
2026-03-29 02:00:00,3.9,0.0,14.8,76,1026.1
2026-03-29 03:00:00,4.3,0.0,13.0,75,1025.7
2026-03-29 04:00:00,4.1,0.0,13.0,79,1025.1
2026-03-29 05:00:00,4.4,0.0,13.0,77,1024.0
2026-03-29 06:00:00,4.8,0.0,14.8,77,1023.1
2026-03-29 07:00:00,5.4,0.0,18.5,76,1022.2
2026-03-29 08:00:00,5.8,0.0,20.4,77,1020.9
2026-03-29 09:00:00,6.8,0.0,24.1,75,1019.5
2026-03-29 10:00:00,7.6,0.3,29.6,75,1018.1
2026-03-29 11:00:00,8.4,0.2,33.3,72,1016.3
2026-03-29 12:00:00,8.6,0.2,37.0,74,1014.7
2026-03-29 13:00:00,9.0,0.2,38.9,74,1013.1
2026-03-29 14:00:00,9.3,0.2,38.9,74,1012.1
2026-03-29 15:00:00,9.7,0.2,37.0,73,1011.3
2026-03-29 16:00:00,9.8,0.2,35.2,71,1010.8
2026-03-29 17:00:00,9.1,0.2,33.3,71,1011.1
2026-03-29 18:00:00,8.4,0.2,31.5,71,1011.6
2026-03-29 19:00:00,8.0,0.2,29.6,69,1012.0
2026-03-29 20:00:00,7.5,0.1,27.8,69,1012.8
2026-03-29 21:00:00,6.9,0.1,25.9,70,1013.6
2026-03-29 22:00:00,6.4,0.1,24.1,71,1013.9
2026-03-29 23:00:00,6.2,0.0,22.2,71,1013.5
2026-03-30 00:00:00,5.8,0.0,22.2,71,1013.6
2026-03-30 01:00:00,5.5,0.0,22.2,72,1013.8
2026-03-30 02:00:00,5.1,0.0,22.2,74,1013.9
2026-03-30 03:00:00,5.3,0.0,22.2,73,1014.2
2026-03-30 04:00:00,4.6,0.0,22.2,77,1014.4
2026-03-30 05:00:00,4.7,0.0,22.2,76,1014.9
2026-03-30 06:00:00,4.7,0.0,22.2,78,1015.2
2026-03-30 07:00:00,5.1,0.0,22.2,76,1015.7
2026-03-30 08:00:00,5.6,0.0,22.2,74,1016.5
2026-03-30 09:00:00,6.7,0.0,24.1,70,1017.2
2026-03-30 10:00:00,7.8,0.0,25.9,69,1017.7
2026-03-30 11:00:00,8.8,0.0,27.8,64,1018.5
2026-03-30 12:00:00,9.5,0.0,29.6,62,1019.1
2026-03-30 13:00:00,10.0,0.0,29.6,58,1019.7
2026-03-30 14:00:00,10.7,0.0,27.8,55,1020.2
2026-03-30 15:00:00,11.1,0.0,27.8,54,1020.5
2026-03-30 16:00:00,11.3,0.0,25.9,52,1020.9
2026-03-30 17:00:00,10.8,0.0,25.9,52,1021.9
2026-03-30 18:00:00,10.1,0.0,22.2,54,1022.5
2026-03-30 19:00:00,9.0,0.0,20.4,59,1023.1
2026-03-30 20:00:00,8.6,0.0,18.5,61,1023.9
2026-03-30 21:00:00,7.9,0.0,16.7,64,1024.5
2026-03-30 22:00:00,7.6,0.0,16.7,67,1025.0
2026-03-30 23:00:00,7.2,0.0,14.8,70,1025.5
2026-03-31 00:00:00,7.3,0.0,14.8,73,1026.0
2026-03-31 01:00:00,7.3,0.0,13.0,75,1026.3
2026-03-31 02:00:00,7.2,0.0,13.0,78,1026.0
2026-03-31 03:00:00,7.3,0.0,11.1,80,1025.8
2026-03-31 04:00:00,7.5,0.0,11.1,83,1025.7
2026-03-31 05:00:00,7.5,0.0,11.1,85,1025.5
2026-03-31 06:00:00,7.7,0.0,11.1,86,1025.5
2026-03-31 07:00:00,8.2,0.0,13.0,87,1025.6
2026-03-31 08:00:00,8.8,0.0,14.8,87,1025.7
2026-03-31 09:00:00,9.7,0.0,16.7,84,1025.9
2026-03-31 10:00:00,10.9,0.0,18.5,81,1026.3
2026-03-31 11:00:00,12.1,0.0,20.4,75,1026.3
2026-03-31 12:00:00,13.3,0.0,22.2,69,1026.3
2026-03-31 13:00:00,14.1,0.0,22.2,65,1026.3
2026-03-31 14:00:00,14.5,0.0,20.4,64,1026.2
2026-03-31 15:00:00,14.7,0.0,20.4,62,1026.1
2026-03-31 16:00:00,14.8,0.0,18.5,61,1025.9
2026-03-31 17:00:00,14.7,0.0,16.7,64,1025.8
2026-03-31 18:00:00,13.9,0.0,16.7,66,1025.8
2026-03-31 19:00:00,12.4,0.0,13.0,72,1025.9
2026-03-31 20:00:00,12.1,0.0,13.0,72,1026.1
2026-03-31 21:00:00,11.4,0.0,11.1,74,1026.3
2026-03-31 22:00:00,10.7,0.0,11.1,78,1026.5
2026-03-31 23:00:00,9.9,0.0,11.1,81,1026.3
2026-04-01 00:00:00,9.5,0.0,9.3,82,1026.1
2026-04-01 01:00:00,9.0,0.0,9.3,84,1025.8
2026-04-01 02:00:00,8.5,0.0,9.3,85,1025.2
2026-04-01 03:00:00,8.4,0.0,9.3,84,1024.8
2026-04-01 04:00:00,8.0,0.0,9.3,85,1024.3
2026-04-01 05:00:00,7.7,0.0,9.3,85,1023.8
2026-04-01 06:00:00,7.4,0.0,9.3,88,1023.5
2026-04-01 07:00:00,7.6,0.0,11.1,88,1023.1
2026-04-01 08:00:00,8.3,0.0,13.0,87,1022.6
2026-04-01 09:00:00,9.6,0.0,14.8,82,1022.1
2026-04-01 10:00:00,10.8,0.0,16.7,79,1021.6
2026-04-01 11:00:00,11.9,0.0,20.4,74,1020.8
2026-04-01 12:00:00,12.8,0.0,20.4,70,1019.9
2026-04-01 13:00:00,13.2,0.0,22.2,69,1019.1
2026-04-01 14:00:00,13.6,0.0,24.1,66,1018.2
2026-04-01 15:00:00,13.8,0.0,24.1,65,1017.5
2026-04-01 16:00:00,13.5,0.0,24.1,67,1016.9
2026-04-01 17:00:00,13.9,0.0,24.1,61,1016.3
2026-04-01 18:00:00,12.6,0.0,22.2,67,1015.9
2026-04-01 19:00:00,10.2,0.0,18.5,79,1015.8
2026-04-01 20:00:00,9.8,0.2,16.7,78,1016.8
2026-04-01 21:00:00,8.2,0.2,14.8,83,1018.1
2026-04-01 22:00:00,6.8,0.2,14.8,86,1019.4
2026-04-01 23:00:00,6.0,0.2,14.8,87,1020.0
2026-04-02 00:00:00,5.5,0.2,13.0,85,1020.4
2026-04-02 01:00:00,5.1,0.0,11.1,85,1021.0
2026-04-02 02:00:00,4.4,0.0,11.1,85,1021.2
2026-04-02 03:00:00,3.9,0.0,11.1,84,1021.4
2026-04-02 04:00:00,3.1,0.0,11.1,87,1021.5
2026-04-02 05:00:00,2.8,0.0,11.1,85,1021.5
2026-04-02 06:00:00,2.3,0.0,11.1,84,1021.7
2026-04-02 07:00:00,2.3,0.0,11.1,84,1021.7
2026-04-02 08:00:00,3.1,0.0,11.1,80,1021.6
2026-04-02 09:00:00,4.3,0.0,11.1,74,1021.7
2026-04-02 10:00:00,5.6,0.0,11.1,69,1021.8
2026-04-02 11:00:00,7.2,0.0,9.3,62,1021.1
2026-04-02 12:00:00,8.0,0.0,9.3,57,1020.6
2026-04-02 13:00:00,8.6,0.0,9.3,55,1020.0
2026-04-02 14:00:00,8.8,0.0,11.1,54,1019.2
2026-04-02 15:00:00,9.1,0.0,11.1,53,1018.4
2026-04-02 16:00:00,9.2,0.0,13.0,54,1017.6
2026-04-02 17:00:00,9.0,0.0,14.8,56,1016.8
2026-04-02 18:00:00,8.7,0.0,14.8,58,1016.1
2026-04-02 19:00:00,8.1,0.0,14.8,61,1015.5
2026-04-02 20:00:00,7.3,0.0,13.0,67,1014.8
2026-04-02 21:00:00,7.0,0.0,11.1,70,1014.1
2026-04-02 22:00:00,7.0,0.0,13.0,72,1013.2
2026-04-02 23:00:00,6.8,0.0,13.0,74,1012.1
2026-04-03 00:00:00,7.1,0.2,13.0,73,1010.7
2026-04-03 01:00:00,7.1,0.2,14.8,75,1009.4
2026-04-03 02:00:00,7.2,0.1,16.7,76,1007.6
2026-04-03 03:00:00,7.2,0.1,16.7,78,1005.9
2026-04-03 04:00:00,7.2,0.1,18.5,80,1004.3
2026-04-03 05:00:00,7.3,0.1,20.4,82,1003.0
2026-04-03 06:00:00,7.7,0.1,22.2,82,1001.9
2026-04-03 07:00:00,8.5,0.1,24.1,81,1000.9
2026-04-03 08:00:00,9.0,0.1,25.9,80,1000.8
2026-04-03 09:00:00,9.4,0.1,25.9,80,1000.6
2026-04-03 10:00:00,10.1,0.1,25.9,78,1000.7
2026-04-03 11:00:00,10.1,0.1,22.2,87,999.2
2026-04-03 12:00:00,10.5,0.1,22.2,84,999.1
2026-04-03 13:00:00,11.2,0.1,24.1,80,999.0
2026-04-03 14:00:00,11.5,0.1,24.1,76,999.1
2026-04-03 15:00:00,11.5,0.1,24.1,75,999.1
2026-04-03 16:00:00,11.2,0.1,24.1,73,999.2
2026-04-03 17:00:00,10.6,0.1,24.1,72,999.9
2026-04-03 18:00:00,9.7,0.1,24.1,71,1000.8
2026-04-03 19:00:00,8.5,0.0,22.2,72,1001.9
2026-04-03 20:00:00,7.9,0.0,22.2,70,1003.4
2026-04-03 21:00:00,7.0,0.0,20.4,70,1004.9
2026-04-03 22:00:00,6.3,0.0,18.5,72,1006.4
2026-04-03 23:00:00,5.9,0.0,18.5,72,1007.4
2026-04-04 00:00:00,5.5,0.0,16.7,71,1008.4
2026-04-04 01:00:00,4.9,0.0,14.8,74,1009.2
2026-04-04 02:00:00,4.4,0.0,14.8,75,1010.0
2026-04-04 03:00:00,4.0,0.0,13.0,77,1010.7
2026-04-04 04:00:00,3.6,0.0,11.1,79,1011.2
2026-04-04 05:00:00,3.6,0.0,11.1,78,1011.8
2026-04-04 06:00:00,3.6,0.0,11.1,79,1012.1
2026-04-04 07:00:00,4.0,0.0,11.1,78,1012.4
2026-04-04 08:00:00,4.6,0.0,13.0,76,1012.3
2026-04-04 09:00:00,5.4,0.0,14.8,75,1012.0
2026-04-04 10:00:00,6.6,0.0,16.7,72,1011.8
2026-04-04 11:00:00,7.8,0.0,14.8,70,1010.9
2026-04-04 12:00:00,8.0,0.0,16.7,72,1009.9
2026-04-04 13:00:00,8.2,0.0,18.5,76,1008.5
2026-04-04 14:00:00,8.8,0.1,20.4,76,1006.4
2026-04-04 15:00:00,9.8,0.1,22.2,75,1004.2
2026-04-04 16:00:00,10.7,0.1,25.9,74,1002.1
2026-04-04 17:00:00,11.3,0.1,27.8,72,999.6
2026-04-04 18:00:00,11.9,0.1,27.8,69,997.5
2026-04-04 19:00:00,11.5,0.1,31.5,69,995.7
2026-04-04 20:00:00,11.4,0.5,31.5,70,993.2
2026-04-04 21:00:00,11.2,0.5,33.3,71,991.2
2026-04-04 22:00:00,10.5,0.5,35.2,71,989.5
2026-04-04 23:00:00,10.0,0.5,37.0,69,989.1
2026-04-05 00:00:00,9.0,0.5,37.0,69,988.7
2026-04-05 01:00:00,8.0,0.4,37.0,68,989.4
2026-04-05 02:00:00,7.3,0.3,37.0,66,991.7
2026-04-05 03:00:00,6.4,0.0,37.0,66,994.4
2026-04-05 04:00:00,5.6,0.0,35.2,67,996.7
2026-04-05 05:00:00,7.5,0.0,38.9,58,994.5
2026-04-05 06:00:00,6.8,0.0,35.2,62,997.6
2026-04-05 07:00:00,6.5,0.0,33.3,64,1000.8
2026-04-05 08:00:00,6.4,0.0,29.6,66,1002.6
2026-04-05 09:00:00,6.6,0.0,29.6,66,1004.0
2026-04-05 10:00:00,7.1,0.0,29.6,67,1005.5
2026-04-05 11:00:00,7.7,0.0,29.6,64,1006.6
2026-04-05 12:00:00,7.7,0.0,31.5,64,1008.0
2026-04-05 13:00:00,8.1,0.0,33.3,60,1009.2
2026-04-05 14:00:00,8.4,0.0,33.3,57,1010.2
2026-04-05 15:00:00,8.4,0.0,33.3,56,1011.5
2026-04-05 16:00:00,8.2,0.0,33.3,56,1012.5
2026-04-05 17:00:00,7.7,0.0,29.6,57,1013.7
2026-04-05 18:00:00,7.0,0.0,27.8,58,1014.8
2026-04-05 19:00:00,6.3,0.0,24.1,62,1015.7
2026-04-05 20:00:00,5.9,0.0,20.4,63,1017.3
2026-04-05 21:00:00,5.3,0.0,18.5,65,1018.2
2026-04-05 22:00:00,4.6,0.0,14.8,69,1019.4
2026-04-05 23:00:00,4.2,0.0,14.8,71,1020.0
2026-04-06 00:00:00,3.9,0.0,13.0,71,1020.9
2026-04-06 01:00:00,3.4,0.0,11.1,73,1021.5
2026-04-06 02:00:00,3.0,0.0,11.1,74,1022.2
2026-04-06 03:00:00,2.7,0.0,11.1,76,1022.3
2026-04-06 04:00:00,2.3,0.0,9.3,78,1022.5
2026-04-06 05:00:00,3.0,0.0,9.3,73,1022.8
2026-04-06 06:00:00,2.9,0.0,9.3,76,1023.0
2026-04-06 07:00:00,3.4,0.0,9.3,75,1023.4
2026-04-06 08:00:00,4.5,0.0,9.3,73,1023.8
2026-04-06 09:00:00,6.2,0.0,9.3,71,1024.0
2026-04-06 10:00:00,7.7,0.0,11.1,70,1024.1
2026-04-06 11:00:00,9.0,0.0,13.0,66,1024.3
2026-04-06 12:00:00,10.2,0.0,14.8,63,1024.3
2026-04-06 13:00:00,11.0,0.0,14.8,60,1024.3
2026-04-06 14:00:00,11.6,0.0,14.8,58,1024.0
2026-04-06 15:00:00,12.0,0.0,14.8,56,1023.6
2026-04-06 16:00:00,12.3,0.0,16.7,56,1023.5
2026-04-06 17:00:00,12.1,0.0,14.8,58,1023.2
2026-04-06 18:00:00,12.1,0.0,13.0,58,1023.2
2026-04-06 19:00:00,11.8,0.0,11.1,59,1023.3
2026-04-06 20:00:00,10.9,0.0,9.3,62,1023.3
2026-04-06 21:00:00,9.6,0.0,7.4,66,1023.6
2026-04-06 22:00:00,8.5,0.0,7.4,70,1023.8
2026-04-06 23:00:00,7.8,0.0,7.4,72,1023.9
2026-04-07 00:00:00,7.3,0.0,7.4,73,1024.0
2026-04-07 01:00:00,6.7,0.0,7.4,75,1023.9
2026-04-07 02:00:00,6.1,0.0,7.4,77,1023.9
2026-04-07 03:00:00,5.7,0.0,7.4,78,1023.8
2026-04-07 04:00:00,5.4,0.0,7.4,79,1023.7
2026-04-07 05:00:00,5.7,0.0,7.4,78,1023.1
2026-04-07 06:00:00,5.7,0.0,7.4,77,1023.2
2026-04-07 07:00:00,5.9,0.0,7.4,77,1023.1
2026-04-07 08:00:00,6.8,0.0,7.4,76,1023.2
2026-04-07 09:00:00,8.0,0.0,9.3,74,1023.3
2026-04-07 10:00:00,9.4,0.0,9.3,69,1023.2
2026-04-07 11:00:00,10.8,0.0,13.0,66,1023.2
2026-04-07 12:00:00,12.3,0.0,14.8,60,1023.0
2026-04-07 13:00:00,13.9,0.0,16.7,54,1022.9
2026-04-07 14:00:00,14.8,0.0,18.5,52,1022.4
2026-04-07 15:00:00,15.2,0.0,18.5,51,1022.0
2026-04-07 16:00:00,15.5,0.0,18.5,52,1021.5
2026-04-07 17:00:00,15.5,0.0,20.4,53,1021.3
2026-04-07 18:00:00,14.7,0.0,18.5,57,1021.3
2026-04-07 19:00:00,13.4,0.0,14.8,62,1021.3
2026-04-07 20:00:00,12.0,0.0,13.0,67,1021.7
2026-04-07 21:00:00,11.1,0.0,11.1,68,1022.1
2026-04-07 22:00:00,10.3,0.0,9.3,73,1022.3
2026-04-07 23:00:00,10.8,0.0,9.3,71,1021.8
2026-04-08 00:00:00,10.4,0.0,9.3,72,1021.8
2026-04-08 01:00:00,10.3,0.0,9.3,72,1021.7
2026-04-08 02:00:00,10.0,0.0,9.3,74,1021.9
2026-04-08 03:00:00,9.8,0.0,9.3,75,1021.8
2026-04-08 04:00:00,9.3,0.0,7.4,77,1021.8
2026-04-08 05:00:00,9.0,0.0,7.4,78,1021.9
2026-04-08 06:00:00,8.7,0.0,7.4,80,1022.0
2026-04-08 07:00:00,8.8,0.0,7.4,83,1022.1
2026-04-08 08:00:00,9.4,0.0,7.4,83,1022.0
2026-04-08 09:00:00,10.5,0.0,9.3,82,1022.2
2026-04-08 10:00:00,12.1,0.0,9.3,79,1022.0
2026-04-08 11:00:00,13.6,0.0,11.1,75,1021.8
2026-04-08 12:00:00,15.1,0.0,13.0,71,1021.5
2026-04-08 13:00:00,16.3,0.0,13.0,69,1021.3
2026-04-08 14:00:00,16.8,0.0,13.0,69,1020.8
2026-04-08 15:00:00,17.5,0.0,13.0,66,1020.4
2026-04-08 16:00:00,17.4,0.0,13.0,67,1020.3
2026-04-08 17:00:00,17.0,0.0,14.8,69,1020.0
2026-04-08 18:00:00,16.4,0.0,13.0,71,1020.0
2026-04-08 19:00:00,15.3,0.0,13.0,73,1020.1
2026-04-08 20:00:00,14.1,0.0,11.1,77,1020.2
2026-04-08 21:00:00,12.7,0.0,9.3,82,1020.2
2026-04-08 22:00:00,11.9,0.0,9.3,83,1020.2
2026-04-08 23:00:00,12.0,0.0,9.3,80,1019.2
2026-04-09 00:00:00,11.2,0.0,9.3,81,1018.8
2026-04-09 01:00:00,10.7,0.0,7.4,83,1018.7
2026-04-09 02:00:00,10.1,0.0,9.3,86,1018.0
2026-04-09 03:00:00,10.0,0.0,9.3,85,1017.4
2026-04-09 04:00:00,9.8,0.0,9.3,87,1016.8
2026-04-09 05:00:00,9.6,0.0,9.3,86,1016.1
2026-04-09 06:00:00,9.5,0.0,9.3,87,1015.5
2026-04-09 07:00:00,9.8,0.0,11.1,87,1015.0
2026-04-09 08:00:00,10.3,0.0,11.1,87,1014.5
2026-04-09 09:00:00,11.0,0.0,13.0,86,1013.9
2026-04-09 10:00:00,11.8,0.0,14.8,83,1013.3
2026-04-09 11:00:00,12.1,0.0,18.5,80,1012.8
2026-04-09 12:00:00,12.1,0.0,18.5,80,1012.4
2026-04-09 13:00:00,12.1,1.0,20.4,76,1011.8
2026-04-09 14:00:00,11.7,0.3,20.4,76,1011.9
2026-04-09 15:00:00,11.2,0.4,20.4,75,1012.1
2026-04-09 16:00:00,10.7,0.4,22.2,71,1012.2
2026-04-09 17:00:00,9.7,0.4,22.2,71,1012.6
2026-04-09 18:00:00,9.1,0.3,22.2,69,1013.1
2026-04-09 19:00:00,8.4,0.3,22.2,69,1013.5
2026-04-09 20:00:00,7.7,0.0,20.4,70,1014.3
2026-04-09 21:00:00,6.7,0.0,20.4,72,1014.9
2026-04-09 22:00:00,6.1,0.0,18.5,75,1015.0
2026-04-09 23:00:00,5.6,0.0,18.5,78,1014.2
2026-04-10 00:00:00,5.4,0.0,18.5,77,1014.5
2026-04-10 01:00:00,5.0,0.0,18.5,78,1014.8
2026-04-10 02:00:00,4.5,0.0,18.5,78,1015.1
2026-04-10 03:00:00,4.7,0.0,18.5,75,1015.6
2026-04-10 04:00:00,3.8,0.0,18.5,78,1016.1
2026-04-10 05:00:00,3.5,0.0,18.5,78,1016.3
2026-04-10 06:00:00,3.4,0.0,16.7,79,1016.6
2026-04-10 07:00:00,3.8,0.0,16.7,78,1016.9
2026-04-10 08:00:00,4.5,0.0,14.8,75,1017.2
2026-04-10 09:00:00,5.6,0.0,16.7,71,1017.2
2026-04-10 10:00:00,6.9,0.0,14.8,67,1017.3
2026-04-10 11:00:00,8.3,0.0,14.8,60,1016.9
2026-04-10 12:00:00,9.2,0.0,14.8,56,1016.4
2026-04-10 13:00:00,9.8,0.0,14.8,53,1016.0
2026-04-10 14:00:00,10.2,0.0,14.8,51,1015.3
2026-04-10 15:00:00,10.5,0.0,16.7,49,1014.5
2026-04-10 16:00:00,10.5,0.0,18.5,50,1013.8
2026-04-10 17:00:00,9.9,0.0,18.5,54,1012.4
2026-04-10 18:00:00,9.5,0.0,16.7,55,1011.2
2026-04-10 19:00:00,9.1,0.0,16.7,58,1010.2
2026-04-10 20:00:00,8.6,0.0,14.8,61,1009.3
2026-04-10 21:00:00,8.5,0.0,13.0,63,1008.3
2026-04-10 22:00:00,8.3,0.0,13.0,66,1007.4
2026-04-10 23:00:00,8.0,0.0,14.8,67,1006.1
2026-04-11 00:00:00,8.1,0.0,14.8,66,1005.0
2026-04-11 01:00:00,7.9,0.0,16.7,67,1003.8
2026-04-11 02:00:00,7.9,0.3,16.7,68,1002.6
2026-04-11 03:00:00,7.8,0.3,16.7,70,1001.4
2026-04-11 04:00:00,7.9,0.3,14.8,71,1000.1
2026-04-11 05:00:00,7.8,0.3,16.7,74,999.5
2026-04-11 06:00:00,7.8,0.3,16.7,74,998.9
2026-04-11 07:00:00,7.8,0.3,16.7,75,998.7
2026-04-11 08:00:00,7.3,0.5,16.7,77,998.5
2026-04-11 09:00:00,7.4,0.5,18.5,75,998.4
2026-04-11 10:00:00,7.2,0.4,20.4,73,998.5
2026-04-11 11:00:00,7.9,0.5,22.2,67,998.6
2026-04-11 12:00:00,8.4,0.4,24.1,62,998.3
2026-04-11 13:00:00,9.3,0.4,27.8,57,998.1
2026-04-11 14:00:00,9.9,0.0,27.8,54,997.9
2026-04-11 15:00:00,10.3,0.0,29.6,51,997.7
2026-04-11 16:00:00,10.9,0.0,31.5,49,997.8
2026-04-11 17:00:00,9.9,0.2,31.5,60,996.9
2026-04-11 18:00:00,9.7,0.2,29.6,61,997.1
2026-04-11 19:00:00,9.0,0.0,27.8,63,997.0
2026-04-11 20:00:00,8.7,0.0,24.1,63,996.7
2026-04-11 21:00:00,8.3,0.0,22.2,65,996.3
2026-04-11 22:00:00,8.0,0.0,20.4,68,996.0
2026-04-11 23:00:00,7.7,0.2,20.4,70,995.4
2026-04-12 00:00:00,7.8,0.2,22.2,70,994.9
2026-04-12 01:00:00,7.8,0.2,22.2,71,994.5
2026-04-12 02:00:00,7.6,0.0,25.9,73,994.7
2026-04-12 03:00:00,7.3,0.0,25.9,74,995.2
2026-04-12 04:00:00,7.4,0.0,25.9,76,995.5
2026-04-12 05:00:00,7.2,0.0,27.8,77,996.0
2026-04-12 06:00:00,7.5,0.0,27.8,75,996.5
2026-04-12 07:00:00,8.1,0.0,29.6,74,997.2
2026-04-12 08:00:00,8.7,0.0,29.6,72,997.8
2026-04-12 09:00:00,9.6,0.0,31.5,70,998.2
2026-04-12 10:00:00,10.5,0.0,35.2,67,998.8
2026-04-12 11:00:00,11.4,0.0,35.2,62,999.4
2026-04-12 12:00:00,12.1,0.0,37.0,59,1000.1
2026-04-12 13:00:00,12.5,0.0,37.0,58,1000.8
2026-04-12 14:00:00,12.7,0.0,37.0,57,1001.6
2026-04-12 15:00:00,12.8,0.0,35.2,56,1002.3
2026-04-12 16:00:00,12.8,0.0,33.3,56,1003.1
2026-04-12 17:00:00,12.2,0.0,31.5,58,1003.7
2026-04-12 18:00:00,11.6,0.0,27.8,60,1004.7
2026-04-12 19:00:00,9.5,0.0,24.1,67,1005.5
2026-04-12 20:00:00,9.1,0.0,20.4,68,1006.4
2026-04-12 21:00:00,8.5,0.0,16.7,70,1007.1
2026-04-12 22:00:00,7.6,0.0,14.8,75,1007.7
2026-04-12 23:00:00,6.9,0.0,11.1,77,1008.4
2026-04-13 00:00:00,6.3,0.0,11.1,79,1008.9
2026-04-13 01:00:00,5.5,0.0,9.3,82,1009.3
2026-04-13 02:00:00,5.0,0.0,9.3,83,1009.8
2026-04-13 03:00:00,4.3,0.0,9.3,84,1010.1
2026-04-13 04:00:00,3.6,0.0,9.3,86,1010.4
2026-04-13 05:00:00,3.2,0.0,7.4,87,1010.8
2026-04-13 06:00:00,2.9,0.0,7.4,89,1011.1
2026-04-13 07:00:00,3.2,0.0,7.4,89,1011.5
2026-04-13 08:00:00,4.3,0.0,7.4,86,1011.7
2026-04-13 09:00:00,6.1,0.0,9.3,79,1012.0
2026-04-13 10:00:00,8.0,0.0,9.3,73,1012.2
2026-04-13 11:00:00,10.6,0.0,9.3,58,1012.3
2026-04-13 12:00:00,11.2,0.0,9.3,55,1012.1
2026-04-13 13:00:00,11.7,0.0,9.3,53,1011.8
2026-04-13 14:00:00,11.8,0.0,11.1,53,1011.9
2026-04-13 15:00:00,11.8,0.0,13.0,55,1012.0
2026-04-13 16:00:00,11.7,0.0,13.0,56,1012.1
2026-04-13 17:00:00,10.9,0.0,11.1,61,1012.2
2026-04-13 18:00:00,10.2,0.0,11.1,65,1012.5
2026-04-13 19:00:00,8.5,0.0,9.3,73,1012.7
2026-04-13 20:00:00,8.2,0.0,7.4,74,1012.9
2026-04-13 21:00:00,7.4,0.0,5.5,76,1013.1
2026-04-13 22:00:00,6.7,0.0,5.5,79,1013.4
2026-04-13 23:00:00,5.8,0.0,5.5,82,1013.5
2026-04-14 00:00:00,5.2,0.0,5.5,84,1013.6
2026-04-14 01:00:00,4.4,0.0,5.5,87,1013.8
2026-04-14 02:00:00,3.7,0.0,5.5,89,1014.1
2026-04-14 03:00:00,3.2,0.0,5.5,90,1014.3
2026-04-14 04:00:00,2.8,0.0,7.4,90,1014.4
2026-04-14 05:00:00,2.4,0.0,7.4,92,1014.7
2026-04-14 06:00:00,2.3,0.0,7.4,92,1015.0
2026-04-14 07:00:00,3.1,0.0,7.4,90,1015.2
2026-04-14 08:00:00,4.6,0.0,7.4,84,1015.5
2026-04-14 09:00:00,6.5,0.0,7.4,79,1015.6
2026-04-14 10:00:00,8.7,0.0,9.3,73,1015.8
2026-04-14 11:00:00,11.4,0.0,9.3,62,1015.3
2026-04-14 12:00:00,12.1,0.0,11.1,59,1015.1
2026-04-14 13:00:00,12.4,0.0,13.0,59,1014.9
2026-04-14 14:00:00,12.8,0.0,14.8,59,1014.7
2026-04-14 15:00:00,13.0,0.0,16.7,60,1014.7
2026-04-14 16:00:00,12.8,0.0,16.7,62,1014.5
2026-04-14 17:00:00,12.7,0.0,18.5,64,1014.2
2026-04-14 18:00:00,12.4,0.0,16.7,67,1014.1
2026-04-14 19:00:00,11.8,0.0,14.8,70,1014.0
2026-04-14 20:00:00,11.6,0.0,13.0,72,1013.8
2026-04-14 21:00:00,11.5,0.0,11.1,74,1013.6
2026-04-14 22:00:00,11.7,0.0,11.1,75,1013.4
2026-04-14 23:00:00,11.7,0.0,11.1,77,1013.1
2026-04-15 00:00:00,11.7,0.0,9.3,78,1012.7
2026-04-15 01:00:00,11.4,0.0,9.3,81,1012.4
2026-04-15 02:00:00,11.4,0.2,11.1,82,1011.7
2026-04-15 03:00:00,11.5,0.2,11.1,83,1011.1
2026-04-15 04:00:00,11.5,0.2,11.1,84,1010.5
2026-04-15 05:00:00,11.2,0.2,11.1,88,1010.2
2026-04-15 06:00:00,11.4,0.2,11.1,88,1009.9
2026-04-15 07:00:00,11.8,0.2,11.1,87,1009.7
2026-04-15 08:00:00,12.4,0.3,13.0,85,1009.5
2026-04-15 09:00:00,13.2,0.2,14.8,83,1009.3
2026-04-15 10:00:00,13.8,0.2,18.5,81,1009.2
2026-04-15 11:00:00,15.4,0.0,22.2,77,1008.6
2026-04-15 12:00:00,16.1,0.0,25.9,72,1008.2
2026-04-15 13:00:00,16.7,0.0,27.8,68,1007.6
2026-04-15 14:00:00,17.1,0.0,27.8,65,1007.2
2026-04-15 15:00:00,16.7,0.4,27.8,67,1006.8
2026-04-15 16:00:00,16.2,0.4,27.8,68,1006.4
2026-04-15 17:00:00,15.4,0.3,25.9,69,1006.3
2026-04-15 18:00:00,14.7,0.3,24.1,70,1006.4
2026-04-15 19:00:00,12.8,0.3,22.2,77,1006.7
2026-04-15 20:00:00,12.4,0.4,20.4,76,1006.9
2026-04-15 21:00:00,11.8,0.4,18.5,76,1007.3
2026-04-15 22:00:00,11.1,0.0,18.5,76,1007.3
2026-04-15 23:00:00,10.8,0.0,18.5,76,1007.4
2026-04-16 00:00:00,10.5,0.0,18.5,76,1007.3
2026-04-16 01:00:00,10.4,0.0,20.4,78,1007.4
2026-04-16 02:00:00,10.2,0.0,20.4,78,1007.3
2026-04-16 03:00:00,9.8,0.0,20.4,79,1007.4
2026-04-16 04:00:00,9.4,0.0,22.2,82,1007.4
2026-04-16 05:00:00,9.5,0.3,22.2,81,1007.0
2026-04-16 06:00:00,9.7,0.0,22.2,80,1007.5
2026-04-16 07:00:00,10.3,0.0,24.1,78,1008.3
2026-04-16 08:00:00,10.8,0.0,24.1,75,1009.2
2026-04-16 09:00:00,11.4,0.0,27.8,71,1010.1
2026-04-16 10:00:00,12.2,0.0,27.8,67,1010.8
2026-04-16 11:00:00,13.1,0.0,29.6,62,1011.6
2026-04-16 12:00:00,13.6,0.0,29.6,60,1012.3
2026-04-16 13:00:00,14.3,0.0,29.6,56,1013.0
2026-04-16 14:00:00,14.6,0.0,29.6,54,1013.5
2026-04-16 15:00:00,15.0,0.0,29.6,53,1014.0
2026-04-16 16:00:00,15.1,0.0,27.8,53,1014.4
2026-04-16 17:00:00,14.7,0.0,25.9,55,1014.5
2026-04-16 18:00:00,14.2,0.0,24.1,57,1014.7
2026-04-16 19:00:00,13.6,0.0,20.4,60,1014.9
2026-04-16 20:00:00,12.8,0.0,16.7,64,1015.1
2026-04-16 21:00:00,12.1,0.0,14.8,67,1015.2
2026-04-16 22:00:00,11.6,0.0,13.0,71,1015.2
2026-04-16 23:00:00,11.3,0.0,11.1,74,1015.4
2026-04-17 00:00:00,11.1,0.3,9.3,76,1015.4
2026-04-17 01:00:00,11.0,0.4,11.1,78,1015.4
2026-04-17 02:00:00,10.7,0.1,11.1,81,1015.1
2026-04-17 03:00:00,10.6,0.1,11.1,82,1014.6
2026-04-17 04:00:00,10.6,0.1,11.1,83,1014.1
2026-04-17 05:00:00,9.9,0.0,9.3,83,1013.8
2026-04-17 06:00:00,10.2,0.0,11.1,83,1013.6
2026-04-17 07:00:00,10.8,0.0,11.1,83,1013.2
2026-04-17 08:00:00,11.1,0.0,13.0,82,1013.0
2026-04-17 09:00:00,11.7,0.0,16.7,81,1012.8
2026-04-17 10:00:00,12.2,0.0,20.4,79,1012.5
2026-04-17 11:00:00,12.6,0.0,22.2,77,1012.6
2026-04-17 12:00:00,12.9,0.0,25.9,76,1012.4
2026-04-17 13:00:00,13.5,0.0,27.8,74,1012.2
2026-04-17 14:00:00,13.8,0.0,27.8,72,1012.1
2026-04-17 15:00:00,14.3,0.1,27.8,69,1011.8
2026-04-17 16:00:00,14.6,0.1,29.6,65,1011.8
2026-04-17 17:00:00,14.3,0.1,27.8,63,1011.7
2026-04-17 18:00:00,14.0,0.0,27.8,61,1012.0
2026-04-17 19:00:00,13.3,0.0,25.9,62,1012.4
2026-04-17 20:00:00,12.4,0.0,22.2,64,1012.8
2026-04-17 21:00:00,11.4,0.0,20.4,67,1013.3
2026-04-17 22:00:00,10.6,0.0,18.5,70,1013.7
2026-04-17 23:00:00,10.1,0.0,16.7,73,1014.1
2026-04-18 00:00:00,9.6,0.0,16.7,75,1014.3
2026-04-18 01:00:00,9.5,0.0,14.8,76,1014.5
2026-04-18 02:00:00,9.1,0.0,14.8,79,1014.5
2026-04-18 03:00:00,8.7,0.0,14.8,80,1014.6
2026-04-18 04:00:00,8.4,0.0,14.8,82,1014.7
2026-04-18 05:00:00,8.7,0.0,14.8,80,1014.9
2026-04-18 06:00:00,8.6,0.0,14.8,80,1015.1
2026-04-18 07:00:00,8.9,0.0,14.8,80,1015.3
2026-04-18 08:00:00,9.5,0.0,16.7,79,1015.6
2026-04-18 09:00:00,10.3,0.0,18.5,75,1016.1
2026-04-18 10:00:00,10.9,0.0,20.4,73,1016.4
2026-04-18 11:00:00,11.5,0.0,22.2,69,1016.7
2026-04-18 12:00:00,11.7,0.0,22.2,70,1017.2
2026-04-18 13:00:00,12.3,0.0,24.1,67,1017.4
2026-04-18 14:00:00,12.7,0.0,24.1,64,1017.8
2026-04-18 15:00:00,13.2,0.0,24.1,61,1018.3
2026-04-18 16:00:00,13.2,0.0,24.1,59,1018.8
2026-04-18 17:00:00,12.7,0.0,22.2,60,1019.3
2026-04-18 18:00:00,12.3,0.0,20.4,58,1019.8
2026-04-18 19:00:00,11.6,0.0,18.5,59,1020.6
2026-04-18 20:00:00,10.4,0.0,16.7,61,1021.2
2026-04-18 21:00:00,9.2,0.0,14.8,64,1021.8
2026-04-18 22:00:00,8.0,0.0,14.8,69,1022.5
2026-04-18 23:00:00,7.8,0.0,13.0,73,1022.9
2026-04-19 00:00:00,7.0,0.0,13.0,75,1023.3
2026-04-19 01:00:00,6.2,0.0,13.0,78,1023.6
2026-04-19 02:00:00,5.4,0.0,11.1,80,1023.8
2026-04-19 03:00:00,5.1,0.0,11.1,80,1024.0
2026-04-19 04:00:00,4.3,0.0,11.1,84,1024.2
2026-04-19 05:00:00,4.0,0.0,11.1,84,1024.3
2026-04-19 06:00:00,3.9,0.0,11.1,85,1024.6
2026-04-19 07:00:00,4.5,0.0,11.1,83,1024.9
2026-04-19 08:00:00,5.5,0.0,11.1,80,1025.0
2026-04-19 09:00:00,7.0,0.0,13.0,74,1025.2
2026-04-19 10:00:00,8.3,0.0,13.0,69,1025.3
2026-04-19 11:00:00,9.5,0.0,13.0,63,1025.4
2026-04-19 12:00:00,10.3,0.0,13.0,59,1025.4
2026-04-19 13:00:00,10.9,0.0,11.1,57,1025.6
2026-04-19 14:00:00,11.4,0.0,11.1,54,1025.5
2026-04-19 15:00:00,11.4,0.0,11.1,56,1025.4
2026-04-19 16:00:00,11.4,0.0,9.3,57,1025.5
2026-04-19 17:00:00,11.1,0.0,9.3,58,1025.4
2026-04-19 18:00:00,10.8,0.0,9.3,60,1025.3
2026-04-19 19:00:00,10.0,0.0,7.4,63,1025.3
2026-04-19 20:00:00,9.1,0.0,7.4,67,1025.4
2026-04-19 21:00:00,7.9,0.0,7.4,72,1025.5
2026-04-19 22:00:00,6.9,0.0,5.5,77,1025.5
2026-04-19 23:00:00,6.7,0.0,5.5,72,1025.9
2026-04-20 00:00:00,6.0,0.0,5.5,75,1025.7
2026-04-20 01:00:00,5.1,0.0,5.5,79,1025.5
2026-04-20 02:00:00,4.3,0.0,5.5,83,1025.3
2026-04-20 03:00:00,4.0,0.0,5.5,84,1025.2
2026-04-20 04:00:00,3.6,0.0,5.5,86,1025.1
2026-04-20 05:00:00,3.4,0.0,5.5,90,1025.1
2026-04-20 06:00:00,3.4,0.0,5.5,92,1025.3
2026-04-20 07:00:00,4.0,0.0,5.5,92,1025.3
2026-04-20 08:00:00,5.2,0.0,5.5,89,1025.4
2026-04-20 09:00:00,6.8,0.0,3.7,82,1025.5
2026-04-20 10:00:00,8.4,0.0,5.5,76,1025.6
2026-04-20 11:00:00,9.4,0.0,7.4,72,1025.7
2026-04-20 12:00:00,10.0,0.0,9.3,69,1025.8
2026-04-20 13:00:00,10.2,0.0,11.1,69,1025.9
2026-04-20 14:00:00,10.6,0.0,13.0,66,1026.0
2026-04-20 15:00:00,10.3,0.0,14.8,67,1026.2
2026-04-20 16:00:00,10.3,0.2,14.8,67,1026.5
2026-04-20 17:00:00,9.9,0.2,14.8,68,1026.7
2026-04-20 18:00:00,9.2,0.0,14.8,70,1027.0
2026-04-20 19:00:00,8.4,0.0,14.8,74,1027.5
2026-04-20 20:00:00,8.0,0.0,11.1,76,1028.0
2026-04-20 21:00:00,6.9,0.0,11.1,82,1028.6
2026-04-20 22:00:00,6.6,0.0,9.3,85,1029.1
2026-04-20 23:00:00,5.6,0.0,7.4,85,1029.1
2026-04-21 00:00:00,5.6,0.0,7.4,87,1029.4
2026-04-21 01:00:00,5.6,0.0,9.3,88,1029.8
2026-04-21 02:00:00,5.5,0.0,9.3,90,1030.0
2026-04-21 03:00:00,5.8,0.0,11.1,90,1030.1
2026-04-21 04:00:00,5.7,0.0,11.1,92,1030.3
2026-04-21 05:00:00,5.7,0.0,11.1,91,1030.5
2026-04-21 06:00:00,5.7,0.0,13.0,91,1030.8
2026-04-21 07:00:00,6.3,0.0,13.0,88,1031.3
2026-04-21 08:00:00,7.0,0.0,14.8,86,1031.7
2026-04-21 09:00:00,8.2,0.0,16.7,80,1031.9
2026-04-21 10:00:00,9.2,0.0,20.4,74,1032.3
2026-04-21 11:00:00,10.0,0.0,20.4,70,1032.5
2026-04-21 12:00:00,10.4,0.0,22.2,64,1032.7
2026-04-21 13:00:00,10.6,0.0,22.2,62,1032.8
2026-04-21 14:00:00,11.1,0.0,24.1,59,1032.8
2026-04-21 15:00:00,11.1,0.0,24.1,58,1032.6
2026-04-21 16:00:00,11.0,0.0,24.1,59,1032.6
2026-04-21 17:00:00,10.5,0.0,22.2,60,1032.2
2026-04-21 18:00:00,9.8,0.0,22.2,63,1031.9
2026-04-21 19:00:00,8.5,0.0,20.4,71,1031.8
2026-04-21 20:00:00,7.7,0.0,16.7,74,1031.8
2026-04-21 21:00:00,7.1,0.0,16.7,78,1031.8
2026-04-21 22:00:00,6.6,0.0,14.8,84,1031.8
2026-04-21 23:00:00,5.9,0.0,14.8,88,1032.0
2026-04-22 00:00:00,5.7,0.0,14.8,91,1032.1
2026-04-22 01:00:00,5.4,0.0,14.8,93,1032.1
2026-04-22 02:00:00,4.9,0.0,14.8,96,1032.1
2026-04-22 03:00:00,4.7,0.0,14.8,98,1032.1
2026-04-22 04:00:00,4.9,0.0,14.8,97,1032.0
2026-04-22 05:00:00,5.0,0.0,14.8,95,1032.1
2026-04-22 06:00:00,5.2,0.0,14.8,93,1032.2
2026-04-22 07:00:00,5.6,0.0,14.8,93,1032.3
2026-04-22 08:00:00,6.2,0.0,16.7,89,1032.4
2026-04-22 09:00:00,7.1,0.0,16.7,84,1032.6
2026-04-22 10:00:00,8.2,0.0,18.5,77,1032.7
2026-04-22 11:00:00,8.8,0.0,18.5,73,1032.7
2026-04-22 12:00:00,8.9,0.0,20.4,71,1032.7
2026-04-22 13:00:00,9.4,0.0,20.4,68,1032.6
2026-04-22 14:00:00,9.3,0.0,20.4,68,1032.4
2026-04-22 15:00:00,9.3,0.0,20.4,67,1032.3
2026-04-22 16:00:00,9.5,0.0,20.4,65,1032.3
2026-04-22 17:00:00,9.4,0.0,20.4,64,1032.0
2026-04-22 18:00:00,8.7,0.0,18.5,68,1032.2
2026-04-22 19:00:00,7.7,0.0,16.7,72,1032.3
2026-04-22 20:00:00,6.7,0.0,14.8,77,1032.4
2026-04-22 21:00:00,6.2,0.0,13.0,82,1032.6
2026-04-22 22:00:00,5.6,0.0,11.1,84,1032.8
2026-04-22 23:00:00,5.2,0.0,9.3,86,1033.0
2026-04-23 00:00:00,4.7,0.0,9.3,88,1033.1
2026-04-23 01:00:00,4.3,0.0,7.4,91,1033.3
2026-04-23 02:00:00,4.0,0.0,7.4,90,1033.3
2026-04-23 03:00:00,3.7,0.0,7.4,91,1033.3
2026-04-23 04:00:00,3.8,0.0,5.5,90,1033.3
2026-04-23 05:00:00,3.8,0.0,5.5,90,1033.5
2026-04-23 06:00:00,4.0,0.0,5.5,90,1033.7
2026-04-23 07:00:00,4.4,0.0,5.5,91,1033.8
2026-04-23 08:00:00,5.4,0.0,5.5,86,1034.1
2026-04-23 09:00:00,6.6,0.0,5.5,82,1034.2
2026-04-23 10:00:00,8.2,0.0,7.4,74,1034.3
2026-04-23 11:00:00,9.0,0.0,9.3,71,1034.3
2026-04-23 12:00:00,9.8,0.0,11.1,66,1033.9
2026-04-23 13:00:00,10.7,0.0,11.1,62,1033.5
2026-04-23 14:00:00,11.3,0.0,13.0,59,1033.0
2026-04-23 15:00:00,12.1,0.0,13.0,55,1032.7
2026-04-23 16:00:00,12.3,0.0,14.8,56,1032.5
2026-04-23 17:00:00,12.1,0.0,13.0,57,1031.6
2026-04-23 18:00:00,12.2,0.0,13.0,56,1031.4
2026-04-23 19:00:00,9.4,0.0,11.1,67,1031.3
2026-04-23 20:00:00,8.5,0.0,9.3,70,1031.2
2026-04-23 21:00:00,6.7,0.0,7.4,80,1031.2
2026-04-23 22:00:00,5.5,0.0,7.4,89,1031.1
2026-04-23 23:00:00,4.3,0.0,7.4,93,1030.8
2026-04-24 00:00:00,3.5,0.0,7.4,94,1030.6
2026-04-24 01:00:00,2.7,0.0,7.4,98,1030.3
2026-04-24 02:00:00,2.3,0.0,7.4,99,1030.0
2026-04-24 03:00:00,1.7,0.0,7.4,100,1029.6
2026-04-24 04:00:00,1.1,0.0,7.4,100,1029.3
2026-04-24 05:00:00,1.0,0.0,7.4,100,1029.0
2026-04-24 06:00:00,1.1,0.0,5.5,100,1028.9
2026-04-24 07:00:00,2.1,0.0,5.5,98,1028.8
2026-04-24 08:00:00,3.3,0.0,5.5,95,1028.7
2026-04-24 09:00:00,5.4,0.0,5.5,88,1028.5
2026-04-24 10:00:00,7.6,0.0,5.5,78,1028.3
2026-04-24 11:00:00,9.5,0.0,7.4,70,1027.8
2026-04-24 12:00:00,11.5,0.0,7.4,61,1027.1
2026-04-24 13:00:00,13.2,0.0,9.3,54,1026.5
2026-04-24 14:00:00,14.4,0.0,11.1,50,1025.8
2026-04-24 15:00:00,15.2,0.0,11.1,48,1025.1
2026-04-24 16:00:00,16.5,0.0,11.1,48,1024.5
2026-04-24 17:00:00,16.7,0.0,13.0,48,1023.8
2026-04-24 18:00:00,16.6,0.0,11.1,49,1023.4
2026-04-24 19:00:00,14.3,0.0,9.3,57,1023.0
2026-04-24 20:00:00,13.1,0.0,9.3,61,1023.0
2026-04-24 21:00:00,11.4,0.0,7.4,67,1023.1
2026-04-24 22:00:00,9.9,0.0,7.4,71,1023.0
2026-04-24 23:00:00,8.8,0.0,7.4,74,1022.9
2026-04-25 00:00:00,7.9,0.0,7.4,76,1022.6
2026-04-25 01:00:00,6.7,0.0,7.4,78,1022.4
2026-04-25 02:00:00,5.7,0.0,7.4,81,1022.1
2026-04-25 03:00:00,4.9,0.0,7.4,83,1021.7
2026-04-25 04:00:00,4.4,0.0,7.4,84,1021.6
2026-04-25 05:00:00,4.0,0.0,7.4,85,1021.4
2026-04-25 06:00:00,4.1,0.0,7.4,86,1021.3
2026-04-25 07:00:00,5.1,0.0,7.4,84,1021.2
2026-04-25 08:00:00,6.7,0.0,7.4,81,1021.3
2026-04-25 09:00:00,8.8,0.0,7.4,76,1021.3
2026-04-25 10:00:00,10.7,0.0,7.4,72,1021.6
2026-04-25 11:00:00,12.4,0.0,11.1,63,1021.6
2026-04-25 12:00:00,12.9,0.0,13.0,61,1021.8
2026-04-25 13:00:00,12.9,0.0,13.0,60,1021.9
2026-04-25 14:00:00,12.6,0.0,14.8,61,1022.4
2026-04-25 15:00:00,12.5,0.0,14.8,61,1022.7
2026-04-25 16:00:00,12.5,0.0,16.7,60,1023.0
2026-04-25 17:00:00,12.2,0.0,16.7,60,1023.1
2026-04-25 18:00:00,11.4,0.0,14.8,62,1023.5
2026-04-25 19:00:00,9.6,0.0,13.0,70,1023.8
2026-04-25 20:00:00,8.6,0.0,13.0,73,1024.2
2026-04-25 21:00:00,7.7,0.0,9.3,77,1024.7
2026-04-25 22:00:00,7.0,0.0,7.4,82,1025.1
2026-04-25 23:00:00,6.6,0.0,7.4,84,1025.4
2026-04-26 00:00:00,6.1,0.0,7.4,85,1025.6
2026-04-26 01:00:00,5.6,0.0,7.4,88,1025.7
2026-04-26 02:00:00,5.1,0.0,5.5,89,1025.7
2026-04-26 03:00:00,4.9,0.0,5.5,89,1025.6
2026-04-26 04:00:00,4.9,0.0,5.5,88,1025.6
2026-04-26 05:00:00,4.6,0.0,5.5,90,1025.7
2026-04-26 06:00:00,4.9,0.0,5.5,91,1025.8
2026-04-26 07:00:00,6.0,0.0,5.5,86,1025.8
2026-04-26 08:00:00,7.1,0.0,5.5,82,1025.8
2026-04-26 09:00:00,8.7,0.0,9.3,78,1025.5
2026-04-26 10:00:00,10.2,0.0,9.3,73,1025.5
2026-04-26 11:00:00,10.7,0.0,11.1,74,1025.0
2026-04-26 12:00:00,11.5,0.0,13.0,72,1024.7
2026-04-26 13:00:00,12.6,0.0,13.0,68,1024.4
2026-04-26 14:00:00,13.1,0.0,13.0,67,1024.0
2026-04-26 15:00:00,13.8,0.0,13.0,65,1023.6
2026-04-26 16:00:00,14.4,0.0,13.0,66,1023.4
2026-04-26 17:00:00,14.6,0.0,13.0,66,1023.1
2026-04-26 18:00:00,14.5,0.0,11.1,68,1022.8
2026-04-26 19:00:00,13.8,0.0,9.3,70,1022.6
2026-04-26 20:00:00,12.9,0.0,9.3,74,1022.9
2026-04-26 21:00:00,11.9,0.0,7.4,76,1023.2
2026-04-26 22:00:00,11.3,0.0,7.4,78,1023.5
2026-04-26 23:00:00,10.7,0.0,7.4,80,1023.6
2026-04-27 00:00:00,10.2,0.0,7.4,80,1023.7
2026-04-27 01:00:00,9.4,0.0,7.4,84,1023.7
2026-04-27 02:00:00,8.8,0.0,7.4,84,1023.7
2026-04-27 03:00:00,8.3,0.0,7.4,85,1023.6
2026-04-27 04:00:00,7.9,0.0,7.4,87,1023.5
2026-04-27 05:00:00,7.3,0.0,9.3,90,1023.7
2026-04-27 06:00:00,7.4,0.0,9.3,90,1023.9
2026-04-27 07:00:00,8.1,0.0,9.3,88,1024.1
2026-04-27 08:00:00,9.4,0.0,11.1,83,1024.3
2026-04-27 09:00:00,10.7,0.0,11.1,79,1024.4
2026-04-27 10:00:00,12.1,0.0,13.0,74,1024.8
2026-04-27 11:00:00,14.1,0.0,11.1,63,1024.5
2026-04-27 12:00:00,14.3,0.0,13.0,62,1024.7
2026-04-27 13:00:00,14.3,0.0,13.0,64,1024.8
2026-04-27 14:00:00,14.4,0.0,14.8,64,1025.1
2026-04-27 15:00:00,13.9,0.0,16.7,68,1025.5
2026-04-27 16:00:00,13.8,0.3,16.7,69,1025.7
2026-04-27 17:00:00,13.1,0.1,14.8,71,1026.0
2026-04-27 18:00:00,12.4,0.1,14.8,74,1026.3
2026-04-27 19:00:00,11.0,0.0,14.8,79,1026.6
2026-04-27 20:00:00,10.5,0.0,13.0,82,1027.0
2026-04-27 21:00:00,9.8,0.0,13.0,84,1027.6
2026-04-27 22:00:00,9.3,0.0,13.0,86,1028.1
2026-04-27 23:00:00,8.9,0.0,11.1,87,1028.5
2026-04-28 00:00:00,8.6,0.0,11.1,88,1028.9
2026-04-28 01:00:00,8.5,0.0,11.1,88,1029.0
2026-04-28 02:00:00,8.1,0.0,11.1,89,1029.3
2026-04-28 03:00:00,7.9,0.0,13.0,90,1029.5
2026-04-28 04:00:00,7.8,0.0,13.0,90,1029.9
2026-04-28 05:00:00,7.8,0.0,11.1,89,1030.2
2026-04-28 06:00:00,8.0,0.0,13.0,87,1030.4
2026-04-28 07:00:00,8.1,0.0,13.0,87,1030.7
2026-04-28 08:00:00,8.6,0.0,13.0,81,1031.0
2026-04-28 09:00:00,9.1,0.0,14.8,79,1031.2
2026-04-28 10:00:00,9.6,0.0,14.8,77,1031.6
2026-04-28 11:00:00,9.8,0.0,16.7,74,1031.9
2026-04-28 12:00:00,9.8,0.0,16.7,72,1031.9
2026-04-28 13:00:00,10.3,0.0,16.7,69,1031.9
2026-04-28 14:00:00,10.2,0.0,16.7,69,1032.0
2026-04-28 15:00:00,10.4,0.0,18.5,66,1031.9
2026-04-28 16:00:00,10.5,0.0,16.7,65,1031.8
2026-04-28 17:00:00,10.2,0.0,16.7,67,1031.6
2026-04-28 18:00:00,9.9,0.0,16.7,67,1031.5
2026-04-28 19:00:00,9.0,0.0,14.8,72,1031.5
2026-04-28 20:00:00,8.5,0.0,13.0,74,1031.7
2026-04-28 21:00:00,7.7,0.0,11.1,79,1032.0
2026-04-28 22:00:00,7.2,0.0,9.3,81,1032.1
2026-04-28 23:00:00,6.5,0.0,9.3,85,1032.0
2026-04-29 00:00:00,6.0,0.0,7.4,88,1032.1
2026-04-29 01:00:00,5.4,0.0,7.4,92,1032.0
2026-04-29 02:00:00,5.0,0.0,9.3,94,1032.1
2026-04-29 03:00:00,5.1,0.0,9.3,93,1032.0
2026-04-29 04:00:00,5.0,0.0,9.3,95,1031.9
2026-04-29 05:00:00,5.0,0.0,9.3,95,1031.9
2026-04-29 06:00:00,5.4,0.0,9.3,95,1032.0
2026-04-29 07:00:00,6.2,0.0,9.3,91,1032.0
2026-04-29 08:00:00,7.2,0.0,9.3,87,1032.2
2026-04-29 09:00:00,8.7,0.0,11.1,79,1032.2
2026-04-29 10:00:00,10.2,0.0,13.0,70,1032.2
2026-04-29 11:00:00,11.1,0.0,14.8,65,1032.1
2026-04-29 12:00:00,11.9,0.0,16.7,58,1032.0
2026-04-29 13:00:00,12.4,0.0,16.7,55,1031.9
2026-04-29 14:00:00,13.0,0.0,18.5,53,1031.8
2026-04-29 15:00:00,13.2,0.0,20.4,52,1031.5
2026-04-29 16:00:00,13.1,0.0,20.4,52,1031.0
2026-04-29 17:00:00,13.1,0.0,20.4,51,1030.9
2026-04-29 18:00:00,12.5,0.0,18.5,53,1030.7
2026-04-29 19:00:00,11.4,0.0,16.7,58,1030.6
2026-04-29 20:00:00,10.2,0.0,14.8,63,1030.8
2026-04-29 21:00:00,8.6,0.0,13.0,71,1030.9
2026-04-29 22:00:00,7.5,0.0,11.1,76,1030.9
2026-04-29 23:00:00,6.8,0.0,9.3,81,1030.8
2026-04-30 00:00:00,6.0,0.0,9.3,84,1030.8
2026-04-30 01:00:00,5.4,0.0,9.3,88,1030.5
2026-04-30 02:00:00,4.9,0.0,9.3,89,1030.2
2026-04-30 03:00:00,4.6,0.0,9.3,89,1029.8
2026-04-30 04:00:00,4.3,0.0,9.3,90,1029.4
2026-04-30 05:00:00,4.5,0.0,9.3,91,1029.2
2026-04-30 06:00:00,4.9,0.0,9.3,91,1029.0
2026-04-30 07:00:00,6.1,0.0,9.3,88,1028.7
2026-04-30 08:00:00,7.9,0.0,11.1,85,1028.6
2026-04-30 09:00:00,9.6,0.0,13.0,78,1028.3
2026-04-30 10:00:00,11.2,0.0,14.8,71,1028.0
2026-04-30 11:00:00,13.7,0.0,16.7,59,1027.0
2026-04-30 12:00:00,14.3,0.0,18.5,56,1026.3
2026-04-30 13:00:00,14.8,0.0,20.4,53,1025.8
2026-04-30 14:00:00,14.9,0.0,22.2,52,1025.3
2026-04-30 15:00:00,15.1,0.0,22.2,50,1024.7
2026-04-30 16:00:00,15.6,0.0,22.2,48,1024.3
2026-04-30 17:00:00,15.5,0.0,22.2,47,1023.8
2026-04-30 18:00:00,14.7,0.0,20.4,49,1023.4
2026-04-30 19:00:00,13.1,0.0,16.7,52,1023.3
2026-04-30 20:00:00,11.2,0.0,14.8,58,1023.4
2026-04-30 21:00:00,9.7,0.0,11.1,63,1023.6
2026-04-30 22:00:00,8.4,0.0,9.3,67,1023.7
2026-04-30 23:00:00,7.7,0.0,7.4,69,1023.6
2026-05-01 00:00:00,6.8,0.0,7.4,71,1023.4
2026-05-01 01:00:00,6.0,0.0,7.4,75,1022.9
2026-05-01 02:00:00,5.3,0.0,7.4,76,1022.5
2026-05-01 03:00:00,4.6,0.0,7.4,78,1022.1
2026-05-01 04:00:00,4.1,0.0,5.5,81,1021.7
2026-05-01 05:00:00,4.1,0.0,5.5,81,1021.5
2026-05-01 06:00:00,4.5,0.0,5.5,81,1021.2
2026-05-01 07:00:00,6.0,0.0,5.5,78,1021.0
2026-05-01 08:00:00,8.2,0.0,5.5,74,1020.8
2026-05-01 09:00:00,11.1,0.0,7.4,66,1020.4
2026-05-01 10:00:00,13.6,0.0,9.3,59,1020.3
2026-05-01 11:00:00,15.5,0.0,9.3,54,1019.6
2026-05-01 12:00:00,17.3,0.0,11.1,49,1019.0
2026-05-01 13:00:00,18.2,0.0,13.0,49,1018.3
2026-05-01 14:00:00,19.2,0.0,13.0,46,1017.7
2026-05-01 15:00:00,19.5,0.0,14.8,48,1017.1
2026-05-01 16:00:00,19.6,0.0,14.8,50,1016.7
2026-05-01 17:00:00,20.0,0.0,14.8,53,1016.4
2026-05-01 18:00:00,18.8,0.0,13.0,57,1016.2
2026-05-01 19:00:00,16.7,0.0,11.1,63,1016.1
2026-05-01 20:00:00,15.9,0.0,9.3,66,1016.0
2026-05-01 21:00:00,14.5,0.0,9.3,73,1016.4
2026-05-01 22:00:00,13.5,1.1,9.3,78,1016.4
2026-05-01 23:00:00,12.8,0.0,9.3,81,1016.6
2026-05-02 00:00:00,12.1,0.0,9.3,81,1016.4
2026-05-02 01:00:00,11.2,0.0,9.3,84,1016.4
2026-05-02 02:00:00,10.7,0.0,9.3,84,1016.0
2026-05-02 03:00:00,10.0,0.0,9.3,85,1015.6
2026-05-02 04:00:00,9.5,0.0,9.3,84,1015.4
2026-05-02 05:00:00,9.2,0.0,9.3,86,1015.0
2026-05-02 06:00:00,9.1,0.0,11.1,87,1014.9
2026-05-02 07:00:00,9.7,0.0,11.1,87,1014.8
2026-05-02 08:00:00,10.7,0.0,13.0,84,1014.6
2026-05-02 09:00:00,11.9,0.0,14.8,81,1014.4
2026-05-02 10:00:00,13.2,0.0,16.7,76,1014.3
2026-05-02 11:00:00,14.4,0.0,16.7,71,1014.2
2026-05-02 12:00:00,15.3,0.0,16.7,67,1013.9
2026-05-02 13:00:00,15.8,0.0,14.8,66,1013.7
2026-05-02 14:00:00,16.4,0.0,14.8,64,1013.4
2026-05-02 15:00:00,16.6,0.0,14.8,62,1013.1
2026-05-02 16:00:00,16.7,0.0,13.0,61,1013.0
2026-05-02 17:00:00,16.3,0.0,13.0,62,1012.6
2026-05-02 18:00:00,15.7,0.0,11.1,64,1012.4
2026-05-02 19:00:00,14.6,0.0,9.3,67,1012.4
2026-05-02 20:00:00,14.1,0.0,9.3,68,1012.4
2026-05-02 21:00:00,13.3,0.0,7.4,72,1012.6
2026-05-02 22:00:00,12.3,0.0,7.4,78,1012.6
2026-05-02 23:00:00,11.6,0.0,7.4,82,1012.6
2026-05-03 00:00:00,11.1,0.0,7.4,86,1012.5
2026-05-03 01:00:00,10.7,0.0,9.3,88,1012.1
2026-05-03 02:00:00,10.3,0.6,9.3,92,1011.9
2026-05-03 03:00:00,9.9,0.7,11.1,94,1011.7
2026-05-03 04:00:00,9.9,0.7,11.1,94,1011.2
2026-05-03 05:00:00,9.7,0.6,11.1,95,1011.0
2026-05-03 06:00:00,9.7,0.7,13.0,97,1010.8
2026-05-03 07:00:00,9.7,0.7,14.8,97,1010.6
2026-05-03 08:00:00,10.2,0.8,14.8,94,1010.9
2026-05-03 09:00:00,10.0,0.8,14.8,94,1011.1
2026-05-03 10:00:00,10.3,0.8,16.7,91,1011.3
2026-05-03 11:00:00,10.5,0.8,16.7,90,1011.3
2026-05-03 12:00:00,10.7,0.7,16.7,89,1011.0
2026-05-03 13:00:00,10.5,0.7,18.5,88,1011.0
2026-05-03 14:00:00,10.3,0.3,20.4,88,1011.1
2026-05-03 15:00:00,10.5,0.3,20.4,84,1011.2
2026-05-03 16:00:00,10.5,0.3,18.5,82,1011.2
2026-05-03 17:00:00,9.1,0.5,18.5,90,1012.1
2026-05-03 18:00:00,8.8,0.5,16.7,90,1012.3
2026-05-03 19:00:00,8.7,0.4,14.8,90,1012.5
2026-05-03 20:00:00,8.5,0.1,13.0,89,1012.9
2026-05-03 21:00:00,8.3,0.1,11.1,89,1013.3
2026-05-03 22:00:00,8.1,0.1,11.1,90,1013.6
2026-05-03 23:00:00,7.7,0.0,9.3,92,1013.9
2026-05-04 00:00:00,7.4,0.0,7.4,92,1014.1
2026-05-04 01:00:00,7.0,0.0,5.5,94,1014.2
2026-05-04 02:00:00,6.7,0.0,5.5,93,1014.3
2026-05-04 03:00:00,6.3,0.0,5.5,93,1014.4
2026-05-04 04:00:00,6.2,0.0,5.5,93,1014.4
2026-05-04 05:00:00,6.1,0.0,5.5,95,1014.5
2026-05-04 06:00:00,6.1,0.0,5.5,95,1014.6
2026-05-04 07:00:00,6.4,0.0,5.5,95,1014.6
2026-05-04 08:00:00,7.8,0.0,7.4,88,1014.7
2026-05-04 09:00:00,9.2,0.0,7.4,82,1014.7
2026-05-04 10:00:00,10.6,0.0,9.3,76,1014.8
2026-05-04 11:00:00,12.0,0.0,11.1,70,1014.7
2026-05-04 12:00:00,13.1,0.0,11.1,66,1014.4
2026-05-04 13:00:00,13.5,0.0,13.0,66,1014.2
2026-05-04 14:00:00,14.1,0.0,13.0,63,1014.0
2026-05-04 15:00:00,14.7,0.0,13.0,60,1013.9
2026-05-04 16:00:00,14.8,0.0,13.0,60,1014.0
2026-05-04 17:00:00,14.8,0.0,13.0,59,1013.6
2026-05-04 18:00:00,14.6,0.0,13.0,60,1013.6
2026-05-04 19:00:00,13.4,0.0,11.1,63,1013.6
2026-05-04 20:00:00,12.9,0.0,9.3,65,1013.8
2026-05-04 21:00:00,11.7,0.0,7.4,70,1014.1
2026-05-04 22:00:00,10.6,0.0,7.4,74,1014.4
2026-05-04 23:00:00,9.6,0.0,7.4,72,1014.6
2026-05-05 00:00:00,8.8,0.0,9.3,74,1014.4
2026-05-05 01:00:00,7.9,0.0,9.3,78,1014.4
2026-05-05 02:00:00,6.9,0.0,9.3,82,1014.2
2026-05-05 03:00:00,6.6,0.0,9.3,82,1014.0
2026-05-05 04:00:00,6.0,0.0,9.3,86,1013.9
2026-05-05 05:00:00,5.8,0.0,9.3,86,1013.7
2026-05-05 06:00:00,6.0,0.0,9.3,88,1013.8
2026-05-05 07:00:00,6.8,0.0,11.1,86,1013.7
2026-05-05 08:00:00,7.7,0.0,11.1,84,1013.9
2026-05-05 09:00:00,9.0,0.0,11.1,79,1014.1
2026-05-05 10:00:00,10.2,0.0,11.1,73,1014.3
2026-05-05 11:00:00,10.8,0.0,11.1,70,1014.6
2026-05-05 12:00:00,11.4,0.0,11.1,67,1014.8
2026-05-05 13:00:00,11.6,0.0,14.8,66,1015.1
2026-05-05 14:00:00,11.4,0.0,14.8,68,1015.2
2026-05-05 15:00:00,11.1,0.0,16.7,70,1015.2
2026-05-05 16:00:00,10.9,0.0,18.5,70,1015.4
2026-05-05 17:00:00,9.8,0.0,20.4,67,1015.9
2026-05-05 18:00:00,9.2,0.0,20.4,68,1016.1
2026-05-05 19:00:00,8.6,0.0,18.5,69,1016.3
2026-05-05 20:00:00,7.9,0.0,16.7,72,1016.6
2026-05-05 21:00:00,7.2,0.0,14.8,76,1016.8
2026-05-05 22:00:00,6.7,0.0,13.0,76,1017.1
2026-05-05 23:00:00,5.9,0.0,11.1,79,1017.1
2026-05-06 00:00:00,5.3,0.0,11.1,79,1017.1
2026-05-06 01:00:00,4.6,0.0,9.3,82,1016.9
2026-05-06 02:00:00,3.8,0.0,9.3,82,1016.8
2026-05-06 03:00:00,3.2,0.0,9.3,84,1016.7
2026-05-06 04:00:00,2.5,0.0,9.3,87,1016.6
2026-05-06 05:00:00,2.3,0.0,7.4,87,1016.3
2026-05-06 06:00:00,2.5,0.0,7.4,87,1016.4
2026-05-06 07:00:00,3.4,0.0,9.3,84,1016.3
2026-05-06 08:00:00,4.5,0.0,9.3,80,1016.3
2026-05-06 09:00:00,6.2,0.0,9.3,71,1016.2
2026-05-06 10:00:00,7.6,0.0,11.1,64,1016.5
2026-05-06 11:00:00,8.6,0.0,11.1,59,1016.5
2026-05-06 12:00:00,9.1,0.0,13.0,56,1016.3
2026-05-06 13:00:00,9.5,0.0,13.0,55,1016.2
2026-05-06 14:00:00,9.7,0.0,14.8,54,1016.0
2026-05-06 15:00:00,9.8,0.0,14.8,54,1015.8
2026-05-06 16:00:00,10.0,0.0,14.8,52,1015.7
2026-05-06 17:00:00,10.4,0.0,14.8,50,1015.5
2026-05-06 18:00:00,9.8,0.0,13.0,51,1015.6
2026-05-06 19:00:00,8.8,0.0,11.1,54,1015.4
2026-05-06 20:00:00,8.3,0.0,9.3,56,1015.4
2026-05-06 21:00:00,7.2,0.0,7.4,61,1015.4
2026-05-06 22:00:00,6.5,0.0,5.5,64,1015.4
2026-05-06 23:00:00,5.9,0.0,5.5,67,1015.6
2026-05-07 00:00:00,5.2,0.0,5.5,71,1015.6
2026-05-07 01:00:00,4.6,0.0,5.5,76,1015.6
2026-05-07 02:00:00,4.0,0.0,5.5,80,1015.4
2026-05-07 03:00:00,3.7,0.0,5.5,82,1015.2
2026-05-07 04:00:00,3.5,0.0,7.4,84,1015.0
2026-05-07 05:00:00,3.4,0.0,7.4,87,1014.8
2026-05-07 06:00:00,4.0,0.0,5.5,84,1014.8
2026-05-07 07:00:00,5.3,0.0,7.4,82,1014.6
2026-05-07 08:00:00,6.9,0.0,7.4,78,1014.8
2026-05-07 09:00:00,8.6,0.0,9.3,73,1014.8
2026-05-07 10:00:00,10.2,0.0,11.1,68,1014.7
2026-05-07 11:00:00,11.2,0.0,14.8,64,1014.6
2026-05-07 12:00:00,12.0,0.0,16.7,61,1014.4
2026-05-07 13:00:00,12.5,0.0,18.5,61,1014.1
2026-05-07 14:00:00,12.8,0.0,20.4,61,1013.8
2026-05-07 15:00:00,13.2,0.0,20.4,60,1013.4
2026-05-07 16:00:00,13.1,0.0,20.4,61,1013.1
2026-05-07 17:00:00,13.4,0.0,20.4,62,1013.5
2026-05-07 18:00:00,13.5,0.0,18.5,61,1013.3
2026-05-07 19:00:00,12.3,0.0,16.7,65,1013.2
2026-05-07 20:00:00,12.3,0.0,14.8,64,1013.4
2026-05-07 21:00:00,11.9,0.0,13.0,67,1013.7
2026-05-07 22:00:00,11.2,0.0,11.1,70,1013.9
2026-05-07 23:00:00,10.6,0.0,9.3,73,1014.2
2026-05-08 00:00:00,10.2,0.0,9.3,75,1014.3
2026-05-08 01:00:00,9.6,0.0,9.3,77,1014.4
2026-05-08 02:00:00,9.2,0.0,9.3,79,1014.4
2026-05-08 03:00:00,8.6,0.0,9.3,82,1014.4
2026-05-08 04:00:00,8.3,0.0,9.3,83,1014.4
2026-05-08 05:00:00,7.9,0.0,7.4,85,1014.4
2026-05-08 06:00:00,8.1,0.0,7.4,84,1014.5
2026-05-08 07:00:00,8.8,0.0,7.4,84,1014.6
2026-05-08 08:00:00,10.1,0.0,9.3,78,1015.0
2026-05-08 09:00:00,11.6,0.0,11.1,74,1015.3
2026-05-08 10:00:00,12.9,0.0,13.0,69,1015.5
2026-05-08 11:00:00,14.1,0.0,13.0,64,1015.9
2026-05-08 12:00:00,14.7,0.0,14.8,61,1016.0
2026-05-08 13:00:00,14.8,0.0,14.8,62,1016.0
2026-05-08 14:00:00,15.0,0.0,13.0,62,1016.1
2026-05-08 15:00:00,14.9,0.0,13.0,63,1016.2
2026-05-08 16:00:00,14.7,0.0,11.1,66,1016.5
2026-05-08 17:00:00,14.3,0.1,9.3,70,1017.1
2026-05-08 18:00:00,13.7,0.1,7.4,72,1017.6
2026-05-08 19:00:00,12.8,0.1,7.4,75,1017.9
2026-05-08 20:00:00,12.4,0.1,7.4,77,1018.3
2026-05-08 21:00:00,11.7,0.1,5.5,81,1018.8
2026-05-08 22:00:00,11.2,0.1,5.5,84,1019.2
2026-05-08 23:00:00,10.4,0.0,5.5,87,1019.5
2026-05-09 00:00:00,9.7,0.0,5.5,90,1019.8
2026-05-09 01:00:00,9.3,0.3,5.5,92,1019.9
2026-05-09 02:00:00,8.7,0.3,5.5,95,1020.1
2026-05-09 03:00:00,8.5,0.4,5.5,96,1020.0
2026-05-09 04:00:00,8.4,0.4,7.4,98,1020.0
2026-05-09 05:00:00,8.2,0.4,7.4,99,1020.1
2026-05-09 06:00:00,8.3,0.4,9.3,100,1020.4
2026-05-09 07:00:00,8.4,0.4,11.1,99,1020.6
2026-05-09 08:00:00,8.6,0.5,13.0,97,1020.9
2026-05-09 09:00:00,8.9,0.5,14.8,93,1021.2
2026-05-09 10:00:00,9.3,0.6,16.7,90,1021.8
2026-05-09 11:00:00,9.4,0.6,18.5,88,1022.1
2026-05-09 12:00:00,9.4,0.6,18.5,86,1022.1
2026-05-09 13:00:00,9.5,0.6,18.5,83,1022.3
2026-05-09 14:00:00,9.5,0.6,20.4,81,1022.6
2026-05-09 15:00:00,9.2,0.5,20.4,80,1022.7
2026-05-09 16:00:00,9.3,0.5,20.4,77,1022.9
2026-05-09 17:00:00,8.4,0.3,20.4,82,1023.3
2026-05-09 18:00:00,7.9,0.3,18.5,82,1023.3
2026-05-09 19:00:00,7.7,0.2,16.7,82,1023.6
2026-05-09 20:00:00,7.3,0.2,14.8,83,1023.8
2026-05-09 21:00:00,6.8,0.0,13.0,85,1024.0
2026-05-09 22:00:00,6.5,0.0,11.1,85,1024.3
2026-05-09 23:00:00,6.0,0.0,9.3,86,1024.5
2026-05-10 00:00:00,5.5,0.0,9.3,88,1024.6
2026-05-10 01:00:00,4.9,0.0,9.3,90,1024.6
2026-05-10 02:00:00,4.2,0.0,9.3,91,1024.4
2026-05-10 03:00:00,3.6,0.0,9.3,92,1024.3
2026-05-10 04:00:00,3.0,0.0,9.3,96,1024.2
2026-05-10 05:00:00,2.9,0.0,7.4,95,1023.9
2026-05-10 06:00:00,3.0,0.0,7.4,96,1023.8
2026-05-10 07:00:00,3.9,0.0,7.4,93,1023.6
2026-05-10 08:00:00,5.5,0.0,7.4,85,1023.3
2026-05-10 09:00:00,7.2,0.0,9.3,77,1023.0
2026-05-10 10:00:00,8.6,0.0,9.3,70,1022.8
2026-05-10 11:00:00,10.1,0.0,7.4,58,1021.9
2026-05-10 12:00:00,10.7,0.0,7.4,56,1021.2
2026-05-10 13:00:00,11.0,0.0,7.4,55,1020.6
2026-05-10 14:00:00,11.2,0.0,9.3,54,1019.9
2026-05-10 15:00:00,11.4,0.0,9.3,54,1019.1
2026-05-10 16:00:00,11.6,0.0,11.1,55,1018.3
2026-05-10 17:00:00,11.7,0.0,11.1,54,1017.2
2026-05-10 18:00:00,11.4,0.0,13.0,56,1016.0
2026-05-10 19:00:00,10.6,0.0,13.0,59,1014.9
2026-05-10 20:00:00,10.3,0.0,11.1,61,1014.1
2026-05-10 21:00:00,9.6,0.0,11.1,65,1013.5
2026-05-10 22:00:00,9.2,0.0,13.0,68,1012.8
2026-05-10 23:00:00,8.5,0.0,13.0,71,1012.4
2026-05-11 00:00:00,8.2,0.0,13.0,73,1011.8
2026-05-11 01:00:00,7.5,0.0,13.0,75,1011.5
2026-05-11 02:00:00,6.9,0.0,13.0,76,1011.5
2026-05-11 03:00:00,6.3,0.0,11.1,79,1011.6
2026-05-11 04:00:00,5.4,0.2,11.1,81,1011.7
2026-05-11 05:00:00,4.9,0.1,13.0,83,1011.8
2026-05-11 06:00:00,4.9,0.1,13.0,82,1012.2
2026-05-11 07:00:00,5.1,0.0,13.0,83,1012.2
2026-05-11 08:00:00,5.8,0.0,14.8,79,1012.7
2026-05-11 09:00:00,6.8,0.0,16.7,72,1012.9
2026-05-11 10:00:00,7.8,0.0,16.7,67,1013.4
2026-05-11 11:00:00,8.5,0.0,20.4,59,1013.6
2026-05-11 12:00:00,8.7,0.0,20.4,57,1013.6
2026-05-11 13:00:00,8.8,0.0,20.4,57,1013.8
2026-05-11 14:00:00,8.8,0.0,18.5,56,1014.0
2026-05-11 15:00:00,9.0,0.0,18.5,55,1014.2
2026-05-11 16:00:00,9.2,0.0,16.7,54,1013.8
2026-05-11 17:00:00,9.4,0.0,14.8,53,1014.1
2026-05-11 18:00:00,9.4,0.0,13.0,52,1014.3
2026-05-11 19:00:00,8.9,0.0,9.3,54,1014.5
2026-05-11 20:00:00,8.0,0.0,7.4,59,1014.5
2026-05-11 21:00:00,6.9,0.0,5.5,64,1014.4
2026-05-11 22:00:00,6.3,0.0,5.5,67,1014.3
2026-05-11 23:00:00,5.7,0.0,5.5,71,1014.2
2026-05-12 00:00:00,5.4,0.0,5.5,72,1014.0
2026-05-12 01:00:00,4.9,0.0,7.4,75,1013.4
2026-05-12 02:00:00,4.8,0.0,9.3,76,1013.1
2026-05-12 03:00:00,4.7,0.0,9.3,78,1012.6
2026-05-12 04:00:00,5.0,0.0,9.3,79,1012.3
2026-05-12 05:00:00,5.2,0.0,11.1,81,1011.7
2026-05-12 06:00:00,5.7,0.0,11.1,83,1011.1
2026-05-12 07:00:00,6.9,0.0,14.8,82,1010.6
2026-05-12 08:00:00,7.8,0.0,14.8,80,1010.2
2026-05-12 09:00:00,8.6,0.0,18.5,80,1009.8
2026-05-12 10:00:00,10.0,0.0,20.4,75,1009.6
2026-05-12 11:00:00,11.2,0.0,22.2,66,1008.6
2026-05-12 12:00:00,11.9,0.0,24.1,62,1008.2
2026-05-12 13:00:00,12.6,0.0,24.1,58,1007.9
2026-05-12 14:00:00,13.3,0.0,24.1,54,1007.8
2026-05-12 15:00:00,13.3,0.0,22.2,53,1007.7
2026-05-12 16:00:00,13.4,0.0,22.2,51,1007.9
2026-05-12 17:00:00,13.1,0.0,20.4,51,1007.5
2026-05-12 18:00:00,12.5,0.0,18.5,52,1007.3
2026-05-12 19:00:00,11.4,0.0,16.7,55,1007.0
2026-05-12 20:00:00,10.6,0.0,14.8,58,1006.4
2026-05-12 21:00:00,9.4,0.0,13.0,62,1005.9
2026-05-12 22:00:00,8.5,0.0,11.1,67,1005.3
2026-05-12 23:00:00,7.7,0.0,11.1,71,1004.3
2026-05-13 00:00:00,7.3,0.0,11.1,74,1003.2
2026-05-13 01:00:00,7.0,0.0,11.1,77,1002.0
2026-05-13 02:00:00,6.6,0.0,11.1,80,1001.1
2026-05-13 03:00:00,6.5,0.0,11.1,81,1000.2
2026-05-13 04:00:00,6.2,0.0,11.1,83,999.5
2026-05-13 05:00:00,6.2,0.1,11.1,81,998.7
2026-05-13 06:00:00,6.3,0.1,11.1,83,998.2
2026-05-13 07:00:00,6.9,0.1,11.1,82,998.0
2026-05-13 08:00:00,7.4,0.3,11.1,82,998.0
2026-05-13 09:00:00,8.0,0.3,11.1,79,998.1
2026-05-13 10:00:00,8.5,0.3,13.0,77,998.3
2026-05-13 11:00:00,9.1,0.3,13.0,73,998.7
2026-05-13 12:00:00,9.5,0.3,13.0,72,998.9
2026-05-13 13:00:00,9.9,0.3,14.8,70,999.4
2026-05-13 14:00:00,10.2,0.2,14.8,69,999.7
2026-05-13 15:00:00,10.5,0.2,16.7,66,1000.0
2026-05-13 16:00:00,10.7,0.2,16.7,66,1000.2
2026-05-13 17:00:00,10.4,0.2,14.8,66,1000.5
2026-05-13 18:00:00,10.2,0.2,14.8,66,1000.8
2026-05-13 19:00:00,9.7,0.2,13.0,69,1001.1
2026-05-13 20:00:00,9.0,0.3,11.1,72,1001.3
2026-05-13 21:00:00,8.0,0.2,11.1,76,1001.8
2026-05-13 22:00:00,7.3,0.0,9.3,81,1002.1
2026-05-13 23:00:00,6.7,0.0,7.4,84,1002.2
2026-05-14 00:00:00,6.2,0.0,9.3,86,1002.5
2026-05-14 01:00:00,5.7,0.0,9.3,89,1002.5
2026-05-14 02:00:00,5.1,0.0,9.3,93,1002.3
2026-05-14 03:00:00,4.9,0.0,11.1,93,1002.3
2026-05-14 04:00:00,4.7,0.0,11.1,92,1002.2
2026-05-14 05:00:00,4.8,0.4,11.1,87,1002.6
2026-05-14 06:00:00,5.0,0.0,11.1,88,1002.6
2026-05-14 07:00:00,5.9,0.0,13.0,85,1002.5
2026-05-14 08:00:00,6.9,0.0,13.0,81,1002.2
2026-05-14 09:00:00,8.1,0.0,14.8,74,1001.9
2026-05-14 10:00:00,9.3,0.0,14.8,68,1001.6
2026-05-14 11:00:00,10.3,0.0,16.7,63,1001.6
2026-05-14 12:00:00,10.9,0.0,16.7,61,1001.5
2026-05-14 13:00:00,11.1,0.4,16.7,60,1001.5
2026-05-14 14:00:00,11.2,0.2,16.7,61,1001.8
2026-05-14 15:00:00,11.0,0.3,18.5,63,1002.0
2026-05-14 16:00:00,10.6,0.3,18.5,66,1002.2
2026-05-14 17:00:00,10.4,0.3,18.5,66,1002.6
2026-05-14 18:00:00,10.1,0.3,18.5,67,1003.1
2026-05-14 19:00:00,9.7,0.2,16.7,69,1003.6
2026-05-14 20:00:00,9.2,0.0,14.8,71,1004.0
2026-05-14 21:00:00,8.4,0.0,13.0,74,1004.5
2026-05-14 22:00:00,7.9,0.0,11.1,78,1004.6
2026-05-14 23:00:00,7.5,0.0,11.1,79,1004.9
2026-05-15 00:00:00,7.2,0.0,11.1,80,1005.3
2026-05-15 01:00:00,6.6,0.0,13.0,82,1005.2
2026-05-15 02:00:00,6.1,0.0,13.0,82,1005.1
2026-05-15 03:00:00,5.5,0.0,13.0,84,1005.2
2026-05-15 04:00:00,5.0,0.0,14.8,84,1005.0
2026-05-15 05:00:00,4.9,0.0,14.8,79,1005.0
2026-05-15 06:00:00,5.0,0.0,14.8,79,1005.3
2026-05-15 07:00:00,5.7,0.0,16.7,75,1005.4
2026-05-15 08:00:00,6.7,0.0,16.7,71,1005.7
2026-05-15 09:00:00,7.9,0.0,18.5,65,1005.8
2026-05-15 10:00:00,9.1,0.0,20.4,59,1005.9
2026-05-15 11:00:00,10.0,0.0,20.4,55,1006.1
2026-05-15 12:00:00,10.6,0.0,20.4,52,1006.2
2026-05-15 13:00:00,11.0,0.0,18.5,49,1006.3
2026-05-15 14:00:00,11.5,0.0,16.7,48,1006.4
2026-05-15 15:00:00,11.5,0.0,16.7,47,1006.3
2026-05-15 16:00:00,11.6,0.0,14.8,49,1006.3
2026-05-15 17:00:00,11.5,0.0,13.0,50,1006.2
2026-05-15 18:00:00,11.1,0.0,13.0,53,1006.2
2026-05-15 19:00:00,10.7,0.0,11.1,55,1006.2
2026-05-15 20:00:00,9.6,0.0,9.3,61,1006.3
2026-05-15 21:00:00,8.3,0.0,7.4,67,1006.4
2026-05-15 22:00:00,7.3,0.0,7.4,73,1006.5
2026-05-15 23:00:00,7.3,0.0,7.4,70,1006.1
2026-05-16 00:00:00,6.5,0.0,7.4,74,1005.9
2026-05-16 01:00:00,5.6,0.0,9.3,78,1005.7
2026-05-16 02:00:00,4.9,0.0,7.4,82,1005.6
2026-05-16 03:00:00,4.7,0.0,7.4,83,1005.6
2026-05-16 04:00:00,4.0,0.0,7.4,87,1005.5
2026-05-16 05:00:00,4.0,0.0,7.4,87,1005.4
2026-05-16 06:00:00,4.4,0.0,7.4,88,1005.3
2026-05-16 07:00:00,5.4,0.0,7.4,84,1005.2
2026-05-16 08:00:00,6.4,0.0,7.4,81,1005.1
2026-05-16 09:00:00,7.9,0.0,9.3,75,1004.9
2026-05-16 10:00:00,9.3,0.0,9.3,68,1004.7
2026-05-16 11:00:00,10.4,0.0,9.3,63,1004.5
2026-05-16 12:00:00,11.3,0.0,11.1,59,1004.4
2026-05-16 13:00:00,11.8,0.0,9.3,57,1004.2
2026-05-16 14:00:00,12.3,0.0,11.1,55,1004.0
2026-05-16 15:00:00,12.3,0.0,11.1,55,1003.9
2026-05-16 16:00:00,12.3,0.0,13.0,57,1003.7
2026-05-16 17:00:00,11.7,0.0,13.0,60,1003.5
2026-05-16 18:00:00,11.1,0.0,13.0,64,1003.5
2026-05-16 19:00:00,10.5,0.0,11.1,68,1003.4
2026-05-16 20:00:00,10.1,0.0,9.3,72,1003.5
2026-05-16 21:00:00,9.5,0.0,7.4,76,1003.7
2026-05-16 22:00:00,9.3,0.0,7.4,77,1003.7
2026-05-16 23:00:00,9.2,0.2,5.5,79,1003.0
2026-05-17 00:00:00,8.9,0.2,5.5,82,1002.9
2026-05-17 01:00:00,8.4,0.2,7.4,85,1002.8
2026-05-17 02:00:00,7.9,0.2,7.4,87,1002.9
2026-05-17 03:00:00,7.9,0.1,9.3,85,1003.0
2026-05-17 04:00:00,7.2,0.0,9.3,87,1003.2
2026-05-17 05:00:00,6.9,0.0,9.3,86,1003.2
2026-05-17 06:00:00,7.1,0.0,9.3,86,1003.3
2026-05-17 07:00:00,7.8,0.0,11.1,82,1003.5
2026-05-17 08:00:00,8.5,0.0,13.0,81,1003.9
2026-05-17 09:00:00,9.5,0.0,14.8,76,1004.1
2026-05-17 10:00:00,10.4,0.0,18.5,72,1004.4
2026-05-17 11:00:00,11.5,0.0,20.4,66,1004.7
2026-05-17 12:00:00,12.0,0.0,22.2,64,1004.9
2026-05-17 13:00:00,12.4,0.0,22.2,62,1005.2
2026-05-17 14:00:00,13.0,0.0,22.2,60,1005.1
2026-05-17 15:00:00,13.2,0.0,22.2,58,1005.3
2026-05-17 16:00:00,13.2,0.0,22.2,58,1005.4
2026-05-17 17:00:00,12.7,0.0,20.4,59,1005.4
2026-05-17 18:00:00,12.6,0.0,18.5,59,1005.5
2026-05-17 19:00:00,12.0,0.0,16.7,62,1005.8
2026-05-17 20:00:00,11.3,0.3,13.0,65,1006.1
2026-05-17 21:00:00,10.1,0.2,11.1,71,1006.5
2026-05-17 22:00:00,9.3,0.0,7.4,76,1006.9
2026-05-17 23:00:00,9.1,0.0,5.5,73,1007.2
2026-05-18 00:00:00,8.4,0.0,5.5,77,1007.3
2026-05-18 01:00:00,7.7,0.0,5.5,80,1007.5
2026-05-18 02:00:00,7.0,0.0,5.5,83,1007.6
2026-05-18 03:00:00,6.7,0.0,5.5,84,1007.5
2026-05-18 04:00:00,6.3,0.0,5.5,86,1007.4
2026-05-18 05:00:00,6.1,0.0,5.5,87,1007.6
2026-05-18 06:00:00,6.7,0.0,5.5,86,1007.9
2026-05-18 07:00:00,7.7,0.0,5.5,84,1008.1
2026-05-18 08:00:00,8.8,0.0,5.5,82,1008.2
2026-05-18 09:00:00,10.1,0.0,7.4,77,1008.5
2026-05-18 10:00:00,11.5,0.0,9.3,71,1008.6
2026-05-18 11:00:00,12.5,0.0,9.3,67,1008.6
2026-05-18 12:00:00,13.2,0.0,11.1,65,1008.5
2026-05-18 13:00:00,13.6,0.0,11.1,64,1008.6
2026-05-18 14:00:00,13.8,0.0,11.1,64,1008.4
2026-05-18 15:00:00,13.6,0.3,13.0,65,1008.2
2026-05-18 16:00:00,13.6,0.3,13.0,65,1008.2
2026-05-18 17:00:00,13.6,0.1,13.0,68,1007.4
2026-05-18 18:00:00,13.6,0.1,13.0,65,1007.6
2026-05-18 19:00:00,12.7,0.0,11.1,68,1007.5
2026-05-18 20:00:00,12.4,0.0,9.3,69,1007.4
2026-05-18 21:00:00,11.8,0.0,7.4,72,1007.3
2026-05-18 22:00:00,11.4,0.0,7.4,74,1007.3
2026-05-18 23:00:00,10.9,0.0,5.5,77,1007.0
2026-05-19 00:00:00,10.8,0.0,5.5,78,1006.8
2026-05-19 01:00:00,10.6,0.0,7.4,80,1006.5
2026-05-19 02:00:00,10.5,0.0,7.4,81,1005.8
2026-05-19 03:00:00,10.5,0.5,7.4,83,1005.2
2026-05-19 04:00:00,10.7,0.6,7.4,83,1004.3
2026-05-19 05:00:00,10.7,0.4,9.3,85,1003.8
2026-05-19 06:00:00,10.9,0.4,9.3,85,1003.2
2026-05-19 07:00:00,11.2,0.4,9.3,87,1002.8
2026-05-19 08:00:00,11.9,0.2,11.1,84,1002.6
2026-05-19 09:00:00,12.4,0.2,13.0,84,1002.2
2026-05-19 10:00:00,13.2,0.2,13.0,82,1002.0
2026-05-19 11:00:00,13.9,0.2,16.7,79,1001.7
2026-05-19 12:00:00,14.5,0.2,18.5,77,1001.5
2026-05-19 13:00:00,15.4,0.2,18.5,74,1001.2
2026-05-19 14:00:00,15.9,0.3,20.4,73,1001.0
2026-05-19 15:00:00,16.0,0.4,20.4,73,1001.0
2026-05-19 16:00:00,16.0,0.4,20.4,73,1000.9
2026-05-19 17:00:00,15.0,0.3,20.4,80,1000.2
2026-05-19 18:00:00,15.0,0.3,18.5,78,1000.8
2026-05-19 19:00:00,14.2,0.2,16.7,78,1001.0
2026-05-19 20:00:00,14.0,0.2,16.7,77,1001.3
2026-05-19 21:00:00,13.7,0.1,14.8,77,1001.7
2026-05-19 22:00:00,13.2,0.1,14.8,79,1001.9
2026-05-19 23:00:00,12.9,0.1,13.0,80,1002.2
2026-05-20 00:00:00,12.8,0.1,13.0,81,1002.5
2026-05-20 01:00:00,12.5,0.2,13.0,82,1002.6
2026-05-20 02:00:00,12.3,0.0,13.0,82,1002.7
2026-05-20 03:00:00,11.8,0.0,13.0,85,1002.9
2026-05-20 04:00:00,11.7,0.0,13.0,85,1003.2
2026-05-20 05:00:00,11.5,0.0,13.0,85,1003.7
2026-05-20 06:00:00,11.7,0.0,13.0,85,1004.5
2026-05-20 07:00:00,12.1,0.0,16.7,84,1005.3
2026-05-20 08:00:00,12.7,0.0,18.5,82,1006.1
2026-05-20 09:00:00,13.4,0.0,20.4,79,1006.8
2026-05-20 10:00:00,14.3,0.0,22.2,74,1007.5
2026-05-20 11:00:00,14.8,0.0,24.1,72,1008.4
2026-05-20 12:00:00,15.3,0.0,25.9,70,1009.3
2026-05-20 13:00:00,15.5,0.0,27.8,70,1010.2
2026-05-20 14:00:00,16.3,0.0,27.8,66,1011.0
2026-05-20 15:00:00,16.6,0.0,27.8,65,1011.6
2026-05-20 16:00:00,16.9,0.0,27.8,63,1012.3
2026-05-20 17:00:00,16.6,0.0,25.9,66,1013.0
2026-05-20 18:00:00,16.6,0.0,24.1,64,1013.9
2026-05-20 19:00:00,15.5,0.0,20.4,67,1014.5
2026-05-20 20:00:00,15.2,0.0,18.5,67,1015.5
2026-05-20 21:00:00,14.2,0.0,14.8,72,1016.4
2026-05-20 22:00:00,13.7,0.0,13.0,75,1017.2
2026-05-20 23:00:00,13.3,0.0,11.1,77,1017.9
2026-05-21 00:00:00,13.1,0.0,11.1,79,1018.4
2026-05-21 01:00:00,12.9,0.0,11.1,80,1018.7
2026-05-21 02:00:00,12.7,0.0,11.1,80,1018.9
2026-05-21 03:00:00,12.4,0.0,11.1,84,1019.1
2026-05-21 04:00:00,12.5,0.0,11.1,84,1019.2
2026-05-21 05:00:00,12.3,0.0,11.1,85,1019.3
2026-05-21 06:00:00,12.6,0.0,11.1,85,1019.4
2026-05-21 07:00:00,13.1,0.2,13.0,86,1019.6
2026-05-21 08:00:00,13.5,0.1,13.0,85,1019.7
2026-05-21 09:00:00,14.0,0.1,14.8,86,1019.8
2026-05-21 10:00:00,14.6,0.1,18.5,85,1020.0
2026-05-21 11:00:00,14.6,0.3,18.5,90,1019.7
2026-05-21 12:00:00,15.3,0.3,20.4,89,1019.8
2026-05-21 13:00:00,16.3,0.0,22.2,86,1020.1
2026-05-21 14:00:00,17.2,0.0,24.1,82,1020.4
2026-05-21 15:00:00,17.7,0.0,24.1,78,1020.9
2026-05-21 16:00:00,17.8,0.0,24.1,76,1021.2
2026-05-21 17:00:00,17.6,0.0,24.1,77,1021.5
2026-05-21 18:00:00,17.3,0.0,22.2,76,1021.6
2026-05-21 19:00:00,17.0,0.0,18.5,76,1021.9
2026-05-21 20:00:00,16.5,0.0,16.7,77,1022.1
2026-05-21 21:00:00,15.9,0.0,13.0,79,1022.4
2026-05-21 22:00:00,15.4,0.0,13.0,79,1022.5
2026-05-21 23:00:00,14.8,0.0,9.3,81,1022.7
2026-05-22 00:00:00,14.3,0.0,9.3,82,1022.8
2026-05-22 01:00:00,13.7,0.0,9.3,84,1022.7
2026-05-22 02:00:00,13.3,0.0,9.3,86,1022.5
2026-05-22 03:00:00,13.0,0.0,7.4,88,1022.2
2026-05-22 04:00:00,12.8,0.0,9.3,91,1022.1
2026-05-22 05:00:00,12.8,0.0,7.4,90,1022.0
2026-05-22 06:00:00,13.2,0.0,7.4,89,1021.9
2026-05-22 07:00:00,14.3,0.0,9.3,87,1021.9
2026-05-22 08:00:00,15.7,0.0,11.1,82,1021.8
2026-05-22 09:00:00,17.0,0.0,13.0,78,1021.8
2026-05-22 10:00:00,18.1,0.0,14.8,75,1021.8
2026-05-22 11:00:00,19.5,0.0,16.7,69,1020.9
2026-05-22 12:00:00,20.4,0.0,20.4,67,1020.7
2026-05-22 13:00:00,21.5,0.0,20.4,64,1020.5
2026-05-22 14:00:00,22.5,0.0,22.2,60,1020.3
2026-05-22 15:00:00,22.9,0.0,22.2,58,1020.2
2026-05-22 16:00:00,23.0,0.0,22.2,57,1020.0
2026-05-22 17:00:00,22.8,0.0,20.4,58,1020.0
2026-05-22 18:00:00,22.0,0.0,18.5,61,1019.9
2026-05-22 19:00:00,20.0,0.0,16.7,67,1020.0
2026-05-22 20:00:00,19.6,0.0,14.8,66,1020.2
2026-05-22 21:00:00,18.2,0.0,13.0,71,1020.5
2026-05-22 22:00:00,17.2,0.0,11.1,75,1020.7
2026-05-22 23:00:00,16.5,0.0,11.1,76,1020.8
2026-05-23 00:00:00,15.9,0.0,11.1,78,1021.0
2026-05-23 01:00:00,15.4,0.0,13.0,79,1021.1
2026-05-23 02:00:00,14.9,0.0,13.0,80,1021.3
2026-05-23 03:00:00,14.4,0.0,11.1,81,1021.6
2026-05-23 04:00:00,13.7,0.0,13.0,84,1021.9
2026-05-23 05:00:00,13.3,0.0,11.1,85,1022.3
2026-05-23 06:00:00,13.3,0.0,11.1,85,1022.8
2026-05-23 07:00:00,13.9,0.0,13.0,83,1023.2
2026-05-23 08:00:00,14.9,0.0,14.8,77,1023.8
2026-05-23 09:00:00,15.5,0.0,16.7,75,1024.2
2026-05-23 10:00:00,16.3,0.0,18.5,71,1024.6
2026-05-23 11:00:00,17.4,0.0,18.5,68,1024.6
2026-05-23 12:00:00,17.9,0.0,20.4,66,1025.0
2026-05-23 13:00:00,18.5,0.0,20.4,63,1025.4
2026-05-23 14:00:00,18.9,0.0,20.4,60,1025.7
2026-05-23 15:00:00,18.9,0.0,20.4,59,1026.1
2026-05-23 16:00:00,19.0,0.0,20.4,58,1026.3
2026-05-23 17:00:00,18.6,0.0,20.4,59,1026.4
2026-05-23 18:00:00,18.0,0.0,18.5,59,1026.4
2026-05-23 19:00:00,16.9,0.0,16.7,62,1026.6
2026-05-23 20:00:00,16.1,0.0,14.8,65,1026.9
2026-05-23 21:00:00,15.2,0.0,13.0,69,1027.2
2026-05-23 22:00:00,14.4,0.0,11.1,71,1027.5
2026-05-23 23:00:00,13.6,0.0,9.3,73,1027.9
2026-05-24 00:00:00,13.0,0.0,7.4,76,1028.2
2026-05-24 01:00:00,12.4,0.0,7.4,78,1028.3
2026-05-24 02:00:00,12.0,0.0,7.4,79,1028.4
2026-05-24 03:00:00,11.5,0.0,9.3,81,1028.6
2026-05-24 04:00:00,11.1,0.0,9.3,83,1028.7
2026-05-24 05:00:00,11.2,0.0,7.4,81,1028.8
2026-05-24 06:00:00,11.7,0.0,9.3,82,1029.1
2026-05-24 07:00:00,12.7,0.0,9.3,81,1029.4
2026-05-24 08:00:00,14.1,0.0,11.1,76,1029.6
2026-05-24 09:00:00,15.4,0.0,13.0,73,1029.7
2026-05-24 10:00:00,16.7,0.0,13.0,70,1029.7
2026-05-24 11:00:00,18.0,0.0,14.8,65,1029.8
2026-05-24 12:00:00,18.9,0.0,14.8,63,1029.6
2026-05-24 13:00:00,20.1,0.0,16.7,60,1029.5
2026-05-24 14:00:00,20.5,0.0,16.7,59,1029.2
2026-05-24 15:00:00,21.1,0.0,16.7,56,1029.1
2026-05-24 16:00:00,21.4,0.0,16.7,55,1029.0
2026-05-24 17:00:00,21.2,0.0,16.7,56,1028.9
2026-05-24 18:00:00,21.0,0.0,14.8,55,1029.0
2026-05-24 19:00:00,20.2,0.0,13.0,57,1029.1
2026-05-24 20:00:00,18.9,0.0,11.1,60,1029.4
2026-05-24 21:00:00,17.3,0.0,9.3,64,1029.8
2026-05-24 22:00:00,15.7,0.0,9.3,68,1030.1
2026-05-24 23:00:00,14.5,0.0,7.4,70,1030.4
2026-05-25 00:00:00,13.7,0.0,7.4,72,1030.5
2026-05-25 01:00:00,12.9,0.0,7.4,74,1030.4
2026-05-25 02:00:00,12.0,0.0,9.3,77,1030.4
2026-05-25 03:00:00,11.4,0.0,9.3,78,1030.3
2026-05-25 04:00:00,10.9,0.0,9.3,82,1030.3
2026-05-25 05:00:00,11.0,0.0,9.3,72,1029.7
2026-05-25 06:00:00,11.7,0.0,9.3,72,1029.7
2026-05-25 07:00:00,13.4,0.0,9.3,71,1029.6
2026-05-25 08:00:00,15.9,0.0,9.3,65,1029.6
2026-05-25 09:00:00,18.1,0.0,11.1,61,1029.7
2026-05-25 10:00:00,20.0,0.0,11.1,58,1029.6
2026-05-25 11:00:00,22.0,0.0,11.1,53,1029.5
2026-05-25 12:00:00,23.5,0.0,13.0,50,1029.1
2026-05-25 13:00:00,25.0,0.0,11.1,48,1028.9
2026-05-25 14:00:00,25.6,0.0,11.1,48,1028.5
2026-05-25 15:00:00,26.4,0.0,13.0,47,1028.3
2026-05-25 16:00:00,26.6,0.0,13.0,48,1028.1
2026-05-25 17:00:00,26.3,0.0,13.0,50,1027.9
2026-05-25 18:00:00,26.2,0.0,11.1,50,1027.8
2026-05-25 19:00:00,25.2,0.0,11.1,53,1027.8
2026-05-25 20:00:00,23.9,0.0,9.3,56,1027.6
2026-05-25 21:00:00,22.1,0.0,7.4,62,1028.0
2026-05-25 22:00:00,20.4,0.0,7.4,66,1028.2
2026-05-25 23:00:00,18.9,0.0,7.4,70,1028.3
2026-05-26 00:00:00,17.8,0.0,7.4,72,1028.4
2026-05-26 01:00:00,16.7,0.0,7.4,76,1028.3
2026-05-26 02:00:00,15.6,0.0,7.4,79,1028.3
2026-05-26 03:00:00,14.7,0.0,7.4,83,1028.2
2026-05-26 04:00:00,14.1,0.0,7.4,84,1028.3
2026-05-26 05:00:00,14.7,0.0,7.4,80,1027.8
2026-05-26 06:00:00,15.2,0.0,5.5,80,1028.0
2026-05-26 07:00:00,16.3,0.0,5.5,80,1028.1
2026-05-26 08:00:00,17.6,0.0,5.5,75,1028.1
2026-05-26 09:00:00,18.6,0.0,7.4,72,1028.2
2026-05-26 10:00:00,19.5,0.0,9.3,70,1028.2
2026-05-26 11:00:00,19.9,0.0,11.1,69,1028.4
2026-05-26 12:00:00,20.1,0.0,13.0,69,1028.5
2026-05-26 13:00:00,19.9,0.0,14.8,70,1028.6
2026-05-26 14:00:00,19.2,0.0,16.7,72,1028.7
2026-05-26 15:00:00,19.1,0.0,16.7,73,1028.7
2026-05-26 16:00:00,19.0,0.0,18.5,70,1028.7
2026-05-26 17:00:00,18.5,0.0,18.5,70,1028.9
2026-05-26 18:00:00,17.8,0.0,16.7,72,1029.1
2026-05-26 19:00:00,16.3,0.0,16.7,76,1029.3
2026-05-26 20:00:00,15.0,0.0,14.8,79,1029.6
2026-05-26 21:00:00,14.1,0.0,13.0,80,1030.1
2026-05-26 22:00:00,13.2,0.0,11.1,85,1030.3
2026-05-26 23:00:00,13.0,0.0,13.0,85,1030.0
2026-05-27 00:00:00,12.7,0.0,11.1,86,1030.2
2026-05-27 01:00:00,12.3,0.0,11.1,88,1030.4
2026-05-27 02:00:00,12.0,0.0,11.1,89,1030.5
2026-05-27 03:00:00,11.8,0.0,9.3,90,1030.3
2026-05-27 04:00:00,11.6,0.0,9.3,90,1030.2
2026-05-27 05:00:00,11.7,0.0,9.3,89,1030.2
2026-05-27 06:00:00,12.0,0.0,9.3,89,1030.3
2026-05-27 07:00:00,12.5,0.0,11.1,87,1030.2
2026-05-27 08:00:00,13.0,0.0,11.1,83,1030.5
2026-05-27 09:00:00,13.7,0.0,13.0,79,1030.7
2026-05-27 10:00:00,14.1,0.0,13.0,75,1030.8
2026-05-27 11:00:00,14.5,0.0,14.8,73,1030.6
2026-05-27 12:00:00,14.7,0.0,16.7,71,1030.3
2026-05-27 13:00:00,15.2,0.0,16.7,70,1030.1
2026-05-27 14:00:00,15.4,0.0,18.5,69,1029.8
2026-05-27 15:00:00,15.3,0.0,18.5,70,1029.3
2026-05-27 16:00:00,15.4,0.0,18.5,69,1028.7
2026-05-27 17:00:00,15.4,0.0,18.5,68,1028.4
2026-05-27 18:00:00,15.0,0.0,18.5,69,1028.2
2026-05-27 19:00:00,14.5,0.0,16.7,70,1028.1
2026-05-27 20:00:00,13.8,0.0,14.8,74,1027.9
2026-05-27 21:00:00,12.8,0.0,13.0,79,1027.7
2026-05-27 22:00:00,12.1,0.0,11.1,83,1027.5
2026-05-27 23:00:00,11.8,0.0,11.1,84,1027.3
2026-05-28 00:00:00,11.5,0.0,9.3,87,1027.0
2026-05-28 01:00:00,11.2,0.0,9.3,89,1026.7
2026-05-28 02:00:00,11.0,0.0,9.3,90,1026.4
2026-05-28 03:00:00,11.0,0.0,7.4,89,1026.0
2026-05-28 04:00:00,10.7,0.0,7.4,90,1025.6
2026-05-28 05:00:00,10.8,0.0,7.4,89,1025.4
2026-05-28 06:00:00,11.4,0.0,7.4,86,1025.1
2026-05-28 07:00:00,12.3,0.0,7.4,85,1024.7
2026-05-28 08:00:00,13.2,0.0,9.3,80,1024.3
2026-05-28 09:00:00,14.2,0.0,9.3,77,1023.8
2026-05-28 10:00:00,15.2,0.0,11.1,76,1023.4
2026-05-28 11:00:00,16.1,0.0,13.0,75,1022.5
2026-05-28 12:00:00,17.0,0.0,14.8,73,1021.7
2026-05-28 13:00:00,18.1,0.0,16.7,71,1021.0
2026-05-28 14:00:00,18.8,0.0,16.7,70,1020.2
2026-05-28 15:00:00,19.3,0.0,16.7,69,1019.5
2026-05-28 16:00:00,20.0,0.0,16.7,67,1018.8
2026-05-28 17:00:00,20.6,0.0,16.7,68,1017.1
2026-05-28 18:00:00,20.8,0.0,14.8,67,1016.5
2026-05-28 19:00:00,20.0,0.0,13.0,68,1015.9
2026-05-28 20:00:00,19.5,0.0,11.1,69,1015.5
2026-05-28 21:00:00,18.2,0.0,9.3,74,1015.2
2026-05-28 22:00:00,17.1,0.0,9.3,75,1015.1
2026-05-28 23:00:00,16.5,0.0,9.3,75,1015.2
2026-05-29 00:00:00,15.8,0.0,11.1,72,1015.4
2026-05-29 01:00:00,15.4,0.0,13.0,74,1015.7
2026-05-29 02:00:00,14.8,0.0,14.8,76,1015.6
2026-05-29 03:00:00,14.6,0.0,14.8,76,1015.8
2026-05-29 04:00:00,14.5,0.0,14.8,78,1015.9
2026-05-29 05:00:00,14.4,0.0,14.8,80,1016.0
2026-05-29 06:00:00,14.7,0.0,14.8,81,1016.3
2026-05-29 07:00:00,15.5,0.0,16.7,79,1016.6
2026-05-29 08:00:00,16.2,0.0,18.5,76,1016.9
2026-05-29 09:00:00,16.9,0.0,20.4,72,1017.0
2026-05-29 10:00:00,17.6,0.0,24.1,68,1017.3
2026-05-29 11:00:00,18.4,0.0,25.9,65,1017.5
2026-05-29 12:00:00,18.9,0.0,25.9,63,1017.7
2026-05-29 13:00:00,19.2,0.0,25.9,62,1017.8
2026-05-29 14:00:00,19.5,0.0,25.9,61,1018.1
2026-05-29 15:00:00,19.6,0.0,25.9,60,1018.4
2026-05-29 16:00:00,19.5,0.0,25.9,60,1018.6
2026-05-29 17:00:00,19.1,0.0,27.8,63,1018.4
2026-05-29 18:00:00,19.0,0.0,25.9,62,1018.6
2026-05-29 19:00:00,18.2,0.0,24.1,64,1018.8
2026-05-29 20:00:00,17.7,0.0,20.4,64,1019.1
2026-05-29 21:00:00,16.7,0.0,16.7,68,1019.5
2026-05-29 22:00:00,15.8,0.0,14.8,71,1019.8
2026-05-29 23:00:00,14.9,0.0,11.1,73,1020.2
2026-05-30 00:00:00,14.0,0.0,9.3,75,1020.6
2026-05-30 01:00:00,13.2,0.0,9.3,77,1020.8
2026-05-30 02:00:00,12.6,0.0,9.3,78,1020.8
2026-05-30 03:00:00,11.9,0.0,7.4,80,1020.7
2026-05-30 04:00:00,11.4,0.0,7.4,82,1020.7
2026-05-30 05:00:00,11.2,0.0,7.4,84,1020.6
2026-05-30 06:00:00,11.7,0.0,7.4,84,1020.6
2026-05-30 07:00:00,12.7,0.0,9.3,82,1020.6
2026-05-30 08:00:00,14.4,0.0,9.3,76,1020.4
2026-05-30 09:00:00,16.0,0.0,11.1,71,1020.1
2026-05-30 10:00:00,17.6,0.0,13.0,65,1019.9
2026-05-30 11:00:00,19.1,0.0,13.0,60,1019.3
2026-05-30 12:00:00,20.0,0.0,13.0,57,1018.7
2026-05-30 13:00:00,20.5,0.0,13.0,56,1018.2
2026-05-30 14:00:00,20.8,0.0,13.0,55,1017.8
2026-05-30 15:00:00,21.1,0.0,13.0,55,1017.4
2026-05-30 16:00:00,20.8,0.0,13.0,55,1017.1
2026-05-30 17:00:00,20.9,0.0,13.0,53,1016.5
2026-05-30 18:00:00,20.5,0.0,13.0,53,1015.9
2026-05-30 19:00:00,18.5,0.0,11.1,59,1015.7
2026-05-30 20:00:00,18.1,0.0,9.3,59,1015.5
2026-05-30 21:00:00,16.7,0.0,9.3,64,1015.4
2026-05-30 22:00:00,15.4,0.0,7.4,68,1015.3
2026-05-30 23:00:00,14.5,0.0,7.4,72,1014.9
2026-05-31 00:00:00,13.7,0.0,7.4,76,1014.5
2026-05-31 01:00:00,13.2,0.0,7.4,79,1014.0
2026-05-31 02:00:00,13.0,0.0,7.4,79,1013.4
2026-05-31 03:00:00,12.7,0.0,7.4,82,1012.9
2026-05-31 04:00:00,12.8,0.4,7.4,83,1012.4
2026-05-31 05:00:00,12.8,0.4,7.4,84,1012.1
2026-05-31 06:00:00,13.1,0.0,9.3,85,1011.9
2026-05-31 07:00:00,13.9,0.0,11.1,84,1011.7
2026-05-31 08:00:00,15.0,0.0,13.0,78,1011.7
2026-05-31 09:00:00,15.8,0.0,14.8,75,1011.7
2026-05-31 10:00:00,16.6,0.0,18.5,70,1011.8
2026-05-31 11:00:00,17.9,0.0,20.4,64,1011.8
2026-05-31 12:00:00,18.5,0.0,20.4,61,1011.7
2026-05-31 13:00:00,18.9,0.0,20.4,59,1011.7
2026-05-31 14:00:00,19.2,0.0,20.4,57,1011.8
2026-05-31 15:00:00,19.3,0.0,20.4,56,1011.9
2026-05-31 16:00:00,19.4,0.0,22.2,54,1012.1
2026-05-31 17:00:00,19.1,0.0,22.2,54,1012.1
2026-05-31 18:00:00,18.7,0.0,20.4,54,1012.2
2026-05-31 19:00:00,17.3,0.0,18.5,59,1012.3
2026-05-31 20:00:00,16.8,0.0,16.7,62,1012.6
2026-05-31 21:00:00,15.8,0.0,14.8,66,1012.9
2026-05-31 22:00:00,15.0,0.0,11.1,70,1013.3
2026-05-31 23:00:00,14.2,0.0,9.3,73,1013.4
2026-06-01 00:00:00,13.8,0.0,9.3,76,1013.4
2026-06-01 01:00:00,13.5,0.0,9.3,78,1013.2
2026-06-01 02:00:00,13.2,0.0,9.3,80,1012.9
2026-06-01 03:00:00,13.1,0.0,7.4,82,1012.7
2026-06-01 04:00:00,12.9,0.0,9.3,83,1012.5
2026-06-01 05:00:00,13.1,0.0,7.4,84,1012.1
2026-06-01 06:00:00,13.5,0.0,9.3,84,1011.7
2026-06-01 07:00:00,14.2,0.0,9.3,84,1011.3
2026-06-01 08:00:00,14.7,0.2,13.0,83,1010.9
2026-06-01 09:00:00,15.3,0.2,13.0,82,1010.6
2026-06-01 10:00:00,15.7,0.2,14.8,80,1010.2
2026-06-01 11:00:00,15.3,0.3,18.5,83,1008.9
2026-06-01 12:00:00,15.9,0.3,20.4,83,1008.2
2026-06-01 13:00:00,16.6,0.3,20.4,82,1007.7
2026-06-01 14:00:00,17.1,0.6,22.2,82,1007.1
2026-06-01 15:00:00,17.6,0.6,22.2,80,1006.6
2026-06-01 16:00:00,17.6,0.6,20.4,81,1006.0
2026-06-01 17:00:00,17.5,0.6,18.5,83,1005.6
2026-06-01 18:00:00,17.4,0.6,18.5,83,1005.0
2026-06-01 19:00:00,16.7,0.6,14.8,85,1004.6
2026-06-01 20:00:00,16.5,0.5,14.8,85,1004.1
2026-06-01 21:00:00,16.3,0.4,11.1,86,1003.9
2026-06-01 22:00:00,16.0,0.4,11.1,87,1003.4
2026-06-01 23:00:00,15.8,0.4,9.3,87,1003.0
2026-06-02 00:00:00,15.6,0.4,7.4,88,1002.5
2026-06-02 01:00:00,15.3,0.4,7.4,88,1001.8
2026-06-02 02:00:00,15.0,0.6,7.4,90,1001.2
2026-06-02 03:00:00,14.7,0.5,7.4,91,1000.5
2026-06-02 04:00:00,14.5,0.5,7.4,92,1000.1
2026-06-02 05:00:00,14.2,0.5,7.4,94,999.6
2026-06-02 06:00:00,14.1,0.5,7.4,95,999.4
2026-06-02 07:00:00,14.4,0.4,9.3,94,999.2
2026-06-02 08:00:00,14.9,0.2,11.1,91,999.2
2026-06-02 09:00:00,15.2,0.2,11.1,91,999.2
2026-06-02 10:00:00,15.8,0.2,13.0,87,999.2
2026-06-02 11:00:00,17.3,0.0,13.0,79,998.4
2026-06-02 12:00:00,17.8,0.0,13.0,77,998.3
2026-06-02 13:00:00,18.0,0.2,13.0,76,998.4
2026-06-02 14:00:00,18.1,0.3,13.0,76,998.5
2026-06-02 15:00:00,18.1,0.4,13.0,76,998.7
2026-06-02 16:00:00,18.1,0.4,13.0,75,998.8
2026-06-02 17:00:00,18.0,0.5,13.0,74,999.0
2026-06-02 18:00:00,17.6,0.5,13.0,74,999.3
2026-06-02 19:00:00,16.5,0.0,14.8,78,999.7
2026-06-02 20:00:00,16.2,0.0,13.0,78,999.8
2026-06-02 21:00:00,15.8,0.0,13.0,78,1000.2
2026-06-02 22:00:00,15.1,0.0,13.0,80,1000.5
2026-06-02 23:00:00,14.5,0.0,11.1,81,1000.6
2026-06-03 00:00:00,13.8,0.0,11.1,82,1000.8
2026-06-03 01:00:00,13.3,0.0,11.1,83,1000.8
2026-06-03 02:00:00,12.8,0.0,11.1,84,1000.6
2026-06-03 03:00:00,12.5,0.0,9.3,85,1000.5
2026-06-03 04:00:00,12.3,0.0,9.3,85,1000.5
2026-06-03 05:00:00,11.8,0.0,9.3,82,1000.4
2026-06-03 06:00:00,12.5,0.0,9.3,82,999.8
2026-06-03 07:00:00,13.5,0.0,11.1,81,999.3
2026-06-03 08:00:00,14.3,0.0,13.0,78,998.3
2026-06-03 09:00:00,15.1,0.0,14.8,76,997.5
2026-06-03 10:00:00,15.7,0.0,18.5,72,996.8
2026-06-03 11:00:00,15.9,0.2,18.5,71,995.6
2026-06-03 12:00:00,16.0,0.2,20.4,72,994.5
2026-06-03 13:00:00,16.0,0.2,22.2,74,993.5
2026-06-03 14:00:00,16.1,0.5,22.2,76,992.2
2026-06-03 15:00:00,16.4,0.5,24.1,75,991.0
2026-06-03 16:00:00,16.5,0.5,24.1,75,989.9
2026-06-03 17:00:00,16.4,0.5,24.1,74,989.3
2026-06-03 18:00:00,16.3,0.5,24.1,72,988.8
2026-06-03 19:00:00,15.9,0.4,24.1,72,988.6
2026-06-03 20:00:00,15.3,0.2,22.2,73,988.3
2026-06-03 21:00:00,14.7,0.2,20.4,75,988.4
2026-06-03 22:00:00,14.2,0.2,18.5,76,988.1
2026-06-03 23:00:00,13.8,0.2,16.7,77,988.0
2026-06-04 00:00:00,13.6,0.2,14.8,78,987.6
2026-06-04 01:00:00,13.5,0.2,14.8,78,987.3
2026-06-04 02:00:00,13.2,0.2,14.8,80,986.8
2026-06-04 03:00:00,13.2,0.0,13.0,80,986.4
2026-06-04 04:00:00,13.0,0.2,13.0,82,986.0
2026-06-04 05:00:00,12.8,0.3,18.5,82,984.7
2026-06-04 06:00:00,13.0,0.3,18.5,84,984.6
2026-06-04 07:00:00,13.6,0.3,20.4,82,984.7
2026-06-04 08:00:00,13.9,0.1,22.2,79,984.7
2026-06-04 09:00:00,14.3,0.1,24.1,77,985.0
2026-06-04 10:00:00,14.5,0.1,27.8,75,985.3
2026-06-04 11:00:00,14.6,0.1,29.6,75,985.6
2026-06-04 12:00:00,14.7,0.1,29.6,75,986.1
2026-06-04 13:00:00,14.9,0.1,31.5,76,986.7
2026-06-04 14:00:00,15.1,0.3,31.5,75,987.5
2026-06-04 15:00:00,15.3,0.3,29.6,73,988.3
2026-06-04 16:00:00,15.4,0.3,27.8,72,989.1
2026-06-04 17:00:00,15.2,0.3,25.9,73,990.0
2026-06-04 18:00:00,15.0,0.3,24.1,72,990.8
2026-06-04 19:00:00,14.6,0.3,24.1,72,991.7
2026-06-04 20:00:00,14.2,0.0,22.2,71,992.6
2026-06-04 21:00:00,13.8,0.0,20.4,72,993.7
2026-06-04 22:00:00,13.4,0.0,20.4,74,994.6
2026-06-04 23:00:00,13.1,0.0,18.5,74,995.5
2026-06-05 00:00:00,12.8,0.0,16.7,76,996.5
2026-06-05 01:00:00,12.4,0.0,18.5,77,997.3
2026-06-05 02:00:00,12.1,0.0,18.5,78,998.1
2026-06-05 03:00:00,11.9,0.0,16.7,77,999.0
2026-06-05 04:00:00,11.5,0.0,16.7,78,999.9
2026-06-05 05:00:00,10.7,0.0,16.7,76,1001.2
2026-06-05 06:00:00,10.5,0.0,16.7,77,1002.3
2026-06-05 07:00:00,11.1,0.0,16.7,74,1003.2
2026-06-05 08:00:00,11.8,0.0,18.5,70,1004.1
2026-06-05 09:00:00,12.8,0.0,20.4,66,1004.9
2026-06-05 10:00:00,13.6,0.0,22.2,61,1005.5
2026-06-05 11:00:00,14.3,0.0,22.2,58,1006.0
2026-06-05 12:00:00,14.8,0.0,22.2,56,1006.5
2026-06-05 13:00:00,15.2,0.0,22.2,55,1006.9
2026-06-05 14:00:00,15.5,0.0,22.2,54,1007.3
2026-06-05 15:00:00,15.7,0.0,22.2,54,1007.6
2026-06-05 16:00:00,15.8,0.0,22.2,54,1007.9
2026-06-05 17:00:00,15.6,0.0,20.4,54,1008.1
2026-06-05 18:00:00,15.6,0.0,20.4,54,1008.2
2026-06-05 19:00:00,15.3,0.0,16.7,55,1008.5
2026-06-05 20:00:00,14.5,0.0,13.0,58,1008.5
2026-06-05 21:00:00,13.6,0.0,9.3,63,1008.6
2026-06-05 22:00:00,12.8,0.0,7.4,68,1008.7
2026-06-05 23:00:00,12.4,0.0,5.5,67,1008.8
2026-06-06 00:00:00,12.0,0.0,5.5,70,1008.7
2026-06-06 01:00:00,11.6,0.0,5.5,73,1008.4
2026-06-06 02:00:00,11.4,0.0,5.5,75,1008.1
2026-06-06 03:00:00,11.3,0.0,5.5,76,1007.6
2026-06-06 04:00:00,11.0,0.0,5.5,79,1007.2
2026-06-06 05:00:00,11.1,0.0,5.5,78,1006.7
2026-06-06 06:00:00,11.3,0.0,5.5,80,1006.4
2026-06-06 07:00:00,11.7,0.0,7.4,80,1006.0
2026-06-06 08:00:00,12.3,0.1,7.4,79,1005.9
2026-06-06 09:00:00,12.7,0.1,9.3,78,1005.6
2026-06-06 10:00:00,13.0,0.2,13.0,78,1005.2
2026-06-06 11:00:00,13.3,0.2,14.8,79,1004.9
2026-06-06 12:00:00,13.6,0.2,16.7,80,1004.7
2026-06-06 13:00:00,14.1,0.2,16.7,80,1004.4
2026-06-06 14:00:00,14.4,0.2,16.7,80,1004.2
2026-06-06 15:00:00,14.8,0.2,16.7,79,1004.1
2026-06-06 16:00:00,15.0,0.2,16.7,79,1003.8
2026-06-06 17:00:00,15.1,0.3,14.8,80,1003.9
2026-06-06 18:00:00,15.0,0.3,13.0,80,1004.0
2026-06-06 19:00:00,14.8,0.0,11.1,81,1004.3
2026-06-06 20:00:00,14.6,0.2,9.3,81,1004.5
2026-06-06 21:00:00,14.2,0.1,9.3,83,1005.1
2026-06-06 22:00:00,13.9,0.1,7.4,84,1005.7
2026-06-06 23:00:00,12.6,0.0,5.5,88,1006.1
2026-06-07 00:00:00,12.3,0.0,7.4,88,1006.7
2026-06-07 01:00:00,12.1,0.0,7.4,88,1007.4
2026-06-07 02:00:00,11.9,0.0,9.3,88,1008.0
2026-06-07 03:00:00,11.9,0.0,9.3,85,1008.5
2026-06-07 04:00:00,11.7,0.0,11.1,85,1008.9
2026-06-07 05:00:00,11.8,0.0,11.1,83,1009.4
2026-06-07 06:00:00,12.0,0.0,11.1,83,1010.0
2026-06-07 07:00:00,12.8,0.0,13.0,82,1010.5
2026-06-07 08:00:00,13.8,0.0,16.7,78,1010.8
2026-06-07 09:00:00,14.8,0.0,20.4,76,1011.0
2026-06-07 10:00:00,15.6,0.0,22.2,73,1011.1
2026-06-07 11:00:00,16.5,0.0,25.9,70,1011.3
2026-06-07 12:00:00,17.1,0.0,27.8,66,1011.5
2026-06-07 13:00:00,17.5,0.0,29.6,63,1011.7
2026-06-07 14:00:00,17.6,0.0,31.5,62,1011.9
2026-06-07 15:00:00,17.8,0.0,31.5,61,1012.0
2026-06-07 16:00:00,17.6,0.0,33.3,62,1012.2
2026-06-07 17:00:00,17.1,0.0,31.5,64,1012.3
2026-06-07 18:00:00,16.8,0.1,29.6,66,1012.1
2026-06-07 19:00:00,16.2,0.1,25.9,68,1012.1
2026-06-07 20:00:00,16.0,0.3,24.1,68,1011.9
2026-06-07 21:00:00,15.5,0.2,20.4,71,1011.8
2026-06-07 22:00:00,15.2,0.3,18.5,73,1011.6
2026-06-07 23:00:00,15.4,0.1,18.5,73,1010.8
2026-06-08 00:00:00,15.0,0.1,16.7,74,1010.3
2026-06-08 01:00:00,14.7,0.1,16.7,76,1009.9
2026-06-08 02:00:00,14.4,0.4,14.8,77,1009.1
2026-06-08 03:00:00,14.2,0.4,14.8,78,1008.4
2026-06-08 04:00:00,13.8,0.4,13.0,81,1007.9
2026-06-08 05:00:00,13.5,0.4,11.1,80,1007.7
2026-06-08 06:00:00,13.3,0.4,11.1,82,1007.7
2026-06-08 07:00:00,13.2,0.4,13.0,83,1007.8
2026-06-08 08:00:00,13.3,0.1,13.0,80,1008.2
2026-06-08 09:00:00,13.4,0.1,14.8,78,1008.7
2026-06-08 10:00:00,13.6,0.1,14.8,74,1009.0
2026-06-08 11:00:00,14.2,0.0,16.7,68,1009.0
2026-06-08 12:00:00,14.7,0.0,16.7,64,1009.0
2026-06-08 13:00:00,15.3,0.0,18.5,59,1009.1
2026-06-08 14:00:00,15.6,0.0,18.5,56,1009.1
2026-06-08 15:00:00,15.9,0.0,18.5,54,1009.2
2026-06-08 16:00:00,16.0,0.0,18.5,53,1009.5
2026-06-08 17:00:00,16.4,0.0,16.7,50,1009.1
2026-06-08 18:00:00,16.2,0.0,16.7,49,1009.1
2026-06-08 19:00:00,14.5,0.0,14.8,56,1009.2
2026-06-08 20:00:00,14.1,0.0,13.0,56,1009.2
2026-06-08 21:00:00,13.0,0.0,11.1,61,1009.3
2026-06-08 22:00:00,12.1,0.0,9.3,66,1009.4
2026-06-08 23:00:00,11.3,0.0,9.3,70,1009.3
2026-06-09 00:00:00,10.5,0.0,9.3,74,1009.2
2026-06-09 01:00:00,10.2,0.0,7.4,75,1009.0
2026-06-09 02:00:00,10.0,0.0,7.4,77,1008.6
2026-06-09 03:00:00,9.6,0.0,7.4,79,1008.2
2026-06-09 04:00:00,9.5,0.0,7.4,80,1007.9
2026-06-09 05:00:00,9.5,0.0,7.4,82,1007.7
2026-06-09 06:00:00,9.9,0.0,7.4,82,1007.7
2026-06-09 07:00:00,10.7,0.0,11.1,80,1007.7
2026-06-09 08:00:00,11.6,0.0,13.0,76,1007.6
2026-06-09 09:00:00,12.4,0.0,16.7,72,1007.5
2026-06-09 10:00:00,13.0,0.0,18.5,68,1007.6
2026-06-09 11:00:00,13.7,0.0,20.4,63,1007.5
2026-06-09 12:00:00,14.0,0.0,20.4,61,1007.4
2026-06-09 13:00:00,14.2,0.0,22.2,60,1007.4
2026-06-09 14:00:00,14.3,0.0,22.2,59,1007.3
2026-06-09 15:00:00,14.4,0.0,22.2,59,1007.3
2026-06-09 16:00:00,14.0,0.0,22.2,60,1007.4
2026-06-09 17:00:00,14.1,0.1,18.5,59,1006.5
2026-06-09 18:00:00,13.4,0.1,16.7,62,1006.8
2026-06-09 19:00:00,12.4,0.1,16.7,66,1007.2
2026-06-09 20:00:00,11.6,0.0,14.8,70,1007.6
2026-06-09 21:00:00,10.9,0.0,14.8,74,1008.1
2026-06-09 22:00:00,10.4,0.0,13.0,76,1008.7
2026-06-09 23:00:00,9.8,0.0,13.0,78,1009.2
2026-06-10 00:00:00,9.3,0.0,13.0,80,1009.6
2026-06-10 01:00:00,9.1,0.0,13.0,79,1010.0
2026-06-10 02:00:00,8.7,0.0,11.1,80,1010.2
2026-06-10 03:00:00,8.3,0.0,11.1,82,1010.3
2026-06-10 04:00:00,8.1,0.0,9.3,82,1010.4
2026-06-10 05:00:00,8.0,0.0,9.3,84,1010.7
2026-06-10 06:00:00,8.4,0.0,9.3,84,1011.1
2026-06-10 07:00:00,9.4,0.0,11.1,81,1011.3
2026-06-10 08:00:00,10.7,0.0,11.1,75,1011.6
2026-06-10 09:00:00,11.6,0.0,14.8,72,1011.8
2026-06-10 10:00:00,12.5,0.0,14.8,66,1011.9
2026-06-10 11:00:00,13.2,0.0,14.8,63,1012.0
2026-06-10 12:00:00,13.6,0.0,14.8,61,1012.1
2026-06-10 13:00:00,13.7,0.0,14.8,61,1012.1
2026-06-10 14:00:00,13.8,0.0,14.8,61,1012.4
2026-06-10 15:00:00,13.8,0.0,13.0,62,1012.7
2026-06-10 16:00:00,13.7,0.0,13.0,62,1013.1
2026-06-10 17:00:00,13.4,0.3,13.0,66,1012.7
2026-06-10 18:00:00,13.0,0.1,13.0,68,1013.2
2026-06-10 19:00:00,12.4,0.1,13.0,71,1013.6
2026-06-10 20:00:00,11.6,0.0,11.1,74,1013.9
2026-06-10 21:00:00,10.6,0.0,9.3,80,1014.3
2026-06-10 22:00:00,9.4,0.0,9.3,86,1014.5
2026-06-10 23:00:00,8.6,0.0,9.3,88,1014.8
2026-06-11 00:00:00,7.9,0.0,9.3,90,1015.1
2026-06-11 01:00:00,7.3,0.0,9.3,92,1015.1
2026-06-11 02:00:00,6.8,0.0,9.3,94,1015.0
2026-06-11 03:00:00,6.5,0.0,9.3,94,1014.7
2026-06-11 04:00:00,6.3,0.0,9.3,95,1014.6
2026-06-11 05:00:00,6.7,0.0,7.4,94,1014.5
2026-06-11 06:00:00,7.5,0.0,7.4,93,1014.4
2026-06-11 07:00:00,8.5,0.0,9.3,92,1014.3
2026-06-11 08:00:00,9.7,0.0,9.3,89,1014.0
2026-06-11 09:00:00,10.6,0.5,11.1,87,1013.6
2026-06-11 10:00:00,11.2,0.6,13.0,86,1013.1
2026-06-11 11:00:00,12.1,0.2,14.8,85,1012.8
2026-06-11 12:00:00,12.2,0.3,16.7,86,1012.1
2026-06-11 13:00:00,12.3,0.4,16.7,88,1011.4
2026-06-11 14:00:00,12.5,0.4,16.7,88,1010.7
2026-06-11 15:00:00,12.4,0.2,16.7,91,1010.1
2026-06-11 16:00:00,12.9,0.2,16.7,92,1009.6
2026-06-11 17:00:00,13.4,0.1,16.7,93,1009.3
2026-06-11 18:00:00,13.7,0.1,16.7,92,1009.2
2026-06-11 19:00:00,13.9,0.1,16.7,90,1009.2
2026-06-11 20:00:00,14.0,0.0,14.8,88,1009.3
2026-06-11 21:00:00,13.9,0.0,13.0,87,1009.8
2026-06-11 22:00:00,13.5,0.0,13.0,88,1010.2
2026-06-11 23:00:00,13.2,0.0,13.0,87,1010.5
2026-06-12 00:00:00,12.6,0.0,13.0,88,1010.7
2026-06-12 01:00:00,12.1,0.0,13.0,88,1011.0
2026-06-12 02:00:00,11.6,0.0,13.0,90,1011.0
2026-06-12 03:00:00,11.1,0.0,13.0,90,1011.3
2026-06-12 04:00:00,10.7,0.0,13.0,90,1011.5
2026-06-12 05:00:00,10.9,0.0,13.0,90,1011.6
2026-06-12 06:00:00,11.6,0.0,13.0,86,1011.9
2026-06-12 07:00:00,12.2,0.0,13.0,85,1012.2
2026-06-12 08:00:00,13.2,0.0,14.8,80,1012.2
2026-06-12 09:00:00,13.9,0.0,16.7,79,1012.4
2026-06-12 10:00:00,14.8,0.0,18.5,78,1012.4
2026-06-12 11:00:00,15.5,0.0,20.4,68,1012.4
2026-06-12 12:00:00,16.1,0.0,22.2,67,1012.4
2026-06-12 13:00:00,16.7,0.0,24.1,66,1012.3
2026-06-12 14:00:00,17.2,0.0,24.1,63,1012.3
2026-06-12 15:00:00,17.5,0.0,25.9,62,1012.2
2026-06-12 16:00:00,17.4,0.0,27.8,60,1012.3
2026-06-12 17:00:00,17.1,0.0,27.8,59,1012.7
2026-06-12 18:00:00,16.3,0.0,27.8,60,1013.2
2026-06-12 19:00:00,15.3,0.0,25.9,63,1013.6
2026-06-12 20:00:00,14.4,0.0,22.2,64,1013.7
2026-06-12 21:00:00,13.3,0.0,20.4,69,1014.0
2026-06-12 22:00:00,12.4,0.0,18.5,73,1014.0
2026-06-12 23:00:00,11.6,0.0,16.7,76,1014.1
2026-06-13 00:00:00,11.0,0.0,16.7,78,1014.1
2026-06-13 01:00:00,10.7,0.0,16.7,80,1014.0
2026-06-13 02:00:00,10.3,0.0,16.7,83,1014.0
2026-06-13 03:00:00,10.1,0.0,16.7,84,1014.0
2026-06-13 04:00:00,9.9,0.0,16.7,87,1014.0
2026-06-13 05:00:00,10.2,0.0,16.7,86,1013.9
2026-06-13 06:00:00,10.9,0.0,18.5,83,1014.2
2026-06-13 07:00:00,11.6,0.0,20.4,79,1014.5
2026-06-13 08:00:00,12.6,0.0,24.1,74,1014.8
2026-06-13 09:00:00,13.4,0.0,25.9,69,1015.3
2026-06-13 10:00:00,14.2,0.0,29.6,65,1015.7
2026-06-13 11:00:00,15.3,0.0,29.6,59,1015.7
2026-06-13 12:00:00,15.7,0.0,29.6,59,1015.7
2026-06-13 13:00:00,15.9,0.0,31.5,58,1015.8
2026-06-13 14:00:00,15.9,0.0,31.5,58,1015.9
2026-06-13 15:00:00,15.8,0.0,31.5,58,1016.0
2026-06-13 16:00:00,15.6,0.0,31.5,58,1016.2
2026-06-13 17:00:00,15.3,0.0,29.6,60,1016.2
2026-06-13 18:00:00,14.6,0.0,29.6,62,1016.4
2026-06-13 19:00:00,13.9,0.0,25.9,66,1016.5
2026-06-13 20:00:00,13.3,0.0,24.1,68,1016.7
2026-06-13 21:00:00,12.5,0.0,22.2,72,1017.0
2026-06-13 22:00:00,11.7,0.0,20.4,75,1017.3
2026-06-13 23:00:00,11.1,0.0,18.5,78,1017.7
2026-06-14 00:00:00,10.6,0.0,18.5,80,1018.1
2026-06-14 01:00:00,10.3,0.0,16.7,81,1018.4
2026-06-14 02:00:00,9.9,0.0,14.8,84,1018.5
2026-06-14 03:00:00,9.5,0.0,14.8,86,1018.7
2026-06-14 04:00:00,9.3,0.0,13.0,87,1018.8
2026-06-14 05:00:00,8.4,0.0,13.0,88,1019.5
2026-06-14 06:00:00,9.4,0.0,13.0,86,1019.6
2026-06-14 07:00:00,10.9,0.0,13.0,81,1019.7
2026-06-14 08:00:00,12.0,0.0,13.0,76,1019.8
2026-06-14 09:00:00,13.0,0.0,14.8,72,1019.9
2026-06-14 10:00:00,14.0,0.0,14.8,67,1019.9
2026-06-14 11:00:00,14.7,0.0,14.8,64,1020.0
2026-06-14 12:00:00,14.7,0.0,16.7,65,1020.2
2026-06-14 13:00:00,15.0,0.0,16.7,64,1020.4
2026-06-14 14:00:00,15.0,0.0,16.7,65,1020.6
2026-06-14 15:00:00,15.2,0.0,14.8,64,1020.7
2026-06-14 16:00:00,15.1,0.0,14.8,63,1020.9
2026-06-14 17:00:00,14.9,0.0,14.8,63,1020.8
2026-06-14 18:00:00,14.5,0.0,13.0,65,1020.9
2026-06-14 19:00:00,13.6,0.0,11.1,68,1021.0
2026-06-14 20:00:00,12.6,0.0,9.3,72,1020.9
2026-06-14 21:00:00,11.3,0.0,7.4,78,1020.8
2026-06-14 22:00:00,10.5,0.0,5.5,82,1020.6
2026-06-14 23:00:00,9.7,0.0,5.5,84,1020.6
2026-06-15 00:00:00,9.0,0.0,5.5,87,1020.4
2026-06-15 01:00:00,8.8,0.0,5.5,87,1020.1
2026-06-15 02:00:00,8.4,0.0,5.5,88,1019.8
2026-06-15 03:00:00,8.2,0.0,5.5,90,1019.5
2026-06-15 04:00:00,8.1,0.0,5.5,90,1019.1
2026-06-15 05:00:00,8.5,0.0,5.5,90,1018.8
2026-06-15 06:00:00,9.3,0.0,5.5,88,1018.5
2026-06-15 07:00:00,10.2,0.0,5.5,84,1018.3
2026-06-15 08:00:00,10.8,0.0,5.5,80,1018.2
2026-06-15 09:00:00,11.1,0.0,5.5,75,1017.9
2026-06-15 10:00:00,11.3,0.0,7.4,74,1017.6
2026-06-15 11:00:00,11.9,0.0,7.4,71,1017.2
2026-06-15 12:00:00,12.3,0.0,9.3,70,1016.8
2026-06-15 13:00:00,12.9,0.0,11.1,68,1016.3
2026-06-15 14:00:00,13.3,0.0,13.0,67,1015.8
2026-06-15 15:00:00,13.3,0.0,14.8,68,1015.4
2026-06-15 16:00:00,13.3,0.0,16.7,69,1014.8
2026-06-15 17:00:00,12.9,0.0,16.7,70,1014.6
2026-06-15 18:00:00,12.4,0.0,14.8,72,1014.3
2026-06-15 19:00:00,11.6,0.0,14.8,76,1014.2
2026-06-15 20:00:00,11.2,0.0,13.0,77,1013.9
2026-06-15 21:00:00,10.7,0.0,11.1,82,1013.6
2026-06-15 22:00:00,10.2,0.5,11.1,86,1013.4
2026-06-15 23:00:00,10.0,0.2,9.3,89,1013.4
