time,temp,rhum,prcp,snwd,wdir,wspd,wpgt,pres,tsun,cldc,coco
2025-09-29 00:00:00+01:00,7.6,91,0.0,,282,7.4,14.8,1024.1,0,2,1
2025-09-29 01:00:00+01:00,7.1,91,0.0,,277,9.3,14.8,1024.4,0,2,1
2025-09-29 02:00:00+01:00,6.7,93,0.0,,276,9.3,14.8,1024.4,0,1,1
2025-09-29 03:00:00+01:00,6.4,93,0.0,,274,9.3,16.7,1024.5,0,1,1
2025-09-29 04:00:00+01:00,6.1,92,0.0,,274,9.3,16.7,1024.5,0,2,1
2025-09-29 05:00:00+01:00,5.9,94,0.0,,275,7.4,14.8,1024.4,0,2,1
2025-09-29 06:00:00+01:00,5.5,94,0.0,,271,7.4,14.8,1024.4,0,3,1
2025-09-29 07:00:00+01:00,5.4,95,0.0,,269,7.4,13.0,1024.7,0,3,1
2025-09-29 08:00:00+01:00,6.1,94,0.0,,266,5.5,13.0,1024.8,17,3,1
2025-09-29 09:00:00+01:00,7.4,92,0.0,,260,5.5,13.0,1024.9,31,2,1
2025-09-29 10:00:00+01:00,9.2,88,0.0,,250,5.5,13.0,1024.9,40,2,1
2025-09-29 11:00:00+01:00,11.8,78,0.0,,230,7.4,13.0,1025.0,42,2,1
2025-09-29 12:00:00+01:00,13.2,73,0.0,,212,7.4,14.8,1024.8,40,2,1
2025-09-29 13:00:00+01:00,13.9,69,0.0,,201,7.4,14.8,1024.6,36,2,1
2025-09-29 14:00:00+01:00,14.4,67,0.0,,204,7.4,16.7,1024.4,29,3,2
2025-09-29 15:00:00+01:00,14.4,67,0.0,,201,9.3,16.7,1024.1,22,4,2
2025-09-29 16:00:00+01:00,14.3,67,0.0,,204,7.4,14.8,1023.8,16,6,2
2025-09-29 17:00:00+01:00,14.2,67,0.0,,199,5.5,13.0,1023.6,8,5,4
2025-09-29 18:00:00+01:00,13.4,71,0.0,,211,5.5,13.0,1023.7,3,7,4
2025-09-29 19:00:00+01:00,12.5,76,0.0,,242,5.5,11.1,1023.8,0,7,4
2025-09-29 20:00:00+01:00,11.8,80,0.0,,282,5.5,11.1,1023.9,0,8,4
2025-09-29 21:00:00+01:00,11.6,80,0.0,,278,5.5,11.1,1023.9,0,8,4
2025-09-29 22:00:00+01:00,10.9,84,0.0,,266,7.4,13.0,1023.9,0,8,4
2025-09-29 23:00:00+01:00,10.2,87,0.0,,257,7.4,13.0,1023.9,0,8,4
2025-09-30 00:00:00+01:00,9.7,89,0.0,,253,7.4,13.0,1023.8,0,7,4
2025-09-30 01:00:00+01:00,9.4,89,0.0,,253,7.4,13.0,1023.7,0,7,4
2025-09-30 02:00:00+01:00,9.4,88,0.0,,250,7.4,13.0,1023.6,0,7,4
2025-09-30 03:00:00+01:00,9.4,87,0.0,,248,7.4,14.8,1023.2,0,6,4
2025-09-30 04:00:00+01:00,9.4,87,0.0,,246,7.4,14.8,1022.9,0,6,4
2025-09-30 05:00:00+01:00,9.3,87,0.0,,247,7.4,13.0,1022.9,0,6,4
2025-09-30 06:00:00+01:00,9.4,87,0.0,,252,5.5,13.0,1023.0,0,6,4
2025-09-30 07:00:00+01:00,9.5,89,0.0,,250,5.5,13.0,1023.1,0,6,4
2025-09-30 08:00:00+01:00,10.0,90,0.0,,247,5.5,13.0,1023.4,5,6,4
2025-09-30 09:00:00+01:00,11.0,89,0.0,,233,5.5,13.0,1023.6,10,5,4
2025-09-30 10:00:00+01:00,12.4,85,0.0,,225,7.4,14.8,1023.8,15,5,4
2025-09-30 11:00:00+01:00,13.9,81,0.0,,207,9.3,18.5,1024.2,20,6,4
2025-09-30 12:00:00+01:00,14.9,77,0.0,,202,11.1,20.4,1024.0,21,6,4
2025-09-30 13:00:00+01:00,15.6,74,0.0,,201,11.1,22.2,1024.0,22,6,4
2025-09-30 14:00:00+01:00,16.1,71,0.0,,204,13.0,22.2,1024.2,21,6,4
2025-09-30 15:00:00+01:00,16.3,70,0.0,,203,13.0,24.1,1024.1,17,7,4
2025-09-30 16:00:00+01:00,16.4,71,0.0,,205,13.0,22.2,1024.0,14,7,4
2025-09-30 17:00:00+01:00,16.3,70,0.0,,204,13.0,22.2,1023.9,12,6,4
2025-09-30 18:00:00+01:00,15.4,74,0.0,,206,11.1,20.4,1024.1,9,5,4
2025-09-30 19:00:00+01:00,14.4,78,0.0,,207,9.3,16.7,1024.1,5,6,4
2025-09-30 20:00:00+01:00,14.1,80,0.0,,213,7.4,14.8,1024.3,0,6,4
2025-09-30 21:00:00+01:00,14.0,79,0.0,,216,7.4,14.8,1024.5,0,7,4
2025-09-30 22:00:00+01:00,13.7,81,0.0,,218,7.4,14.8,1024.4,0,8,4
2025-09-30 23:00:00+01:00,13.1,82,0.0,,216,7.4,14.8,1024.1,0,6,4
2025-10-01 00:00:00+01:00,13.0,82,0.0,,210,7.4,13.0,1023.9,0,7,4
2025-10-01 01:00:00+01:00,13.0,82,0.0,,208,9.3,14.8,1023.6,0,8,4
2025-10-01 02:00:00+01:00,12.9,84,0.0,,207,9.3,14.8,1023.4,0,8,7
2025-10-01 03:00:00+01:00,13.0,84,0.0,,206,9.3,18.5,1023.0,0,8,7
2025-10-01 04:00:00+01:00,13.0,84,0.7,,207,9.3,16.7,1022.6,0,8,7
2025-10-01 05:00:00+01:00,13.2,85,0.3,,200,11.1,18.5,1022.0,0,8,7
2025-10-01 06:00:00+01:00,13.2,87,0.3,,197,9.3,18.5,1022.0,0,8,7
2025-10-01 07:00:00+01:00,13.4,88,0.4,,198,11.1,18.5,1021.9,0,8,7
2025-10-01 08:00:00+01:00,13.6,90,0.7,,199,11.1,20.4,1022.2,0,8,7
2025-10-01 09:00:00+01:00,13.5,92,0.7,,195,11.1,20.4,1022.3,0,8,8
2025-10-01 10:00:00+01:00,13.6,94,0.7,,201,13.0,22.2,1022.3,0,8,8
2025-10-01 11:00:00+01:00,13.7,96,0.7,,197,13.0,22.2,1022.3,0,8,8
2025-10-01 12:00:00+01:00,13.9,96,0.7,,199,13.0,24.1,1022.3,0,8,7
2025-10-01 13:00:00+01:00,14.3,94,0.7,,206,14.8,25.9,1022.3,0,8,7
2025-10-01 14:00:00+01:00,14.6,93,0.4,,209,16.7,27.8,1022.2,0,8,7
2025-10-01 15:00:00+01:00,15.0,91,0.4,,209,16.7,27.8,1022.0,0,8,7
2025-10-01 16:00:00+01:00,15.5,89,0.4,,211,16.7,29.6,1021.8,0,8,7
2025-10-01 17:00:00+01:00,15.3,88,0.4,,211,18.5,29.6,1021.7,0,8,7
2025-10-01 18:00:00+01:00,15.1,89,0.4,,211,16.7,27.8,1021.7,1,8,7
2025-10-01 19:00:00+01:00,14.5,92,0.3,,213,14.8,25.9,1021.8,1,8,7
2025-10-01 20:00:00+01:00,14.5,91,0.7,,209,13.0,24.1,1021.8,0,8,4
2025-10-01 21:00:00+01:00,14.5,91,0.0,,209,13.0,22.2,1021.7,0,8,4
2025-10-01 22:00:00+01:00,14.5,90,0.0,,212,13.0,22.2,1021.4,0,8,4
2025-10-01 23:00:00+01:00,14.7,88,0.0,,213,13.0,20.4,1021.2,0,8,4
2025-10-02 00:00:00+01:00,14.5,88,0.0,,211,11.1,20.4,1021.1,0,7,4
2025-10-02 01:00:00+01:00,14.4,87,0.0,,212,11.1,20.4,1021.0,0,8,4
2025-10-02 02:00:00+01:00,14.4,85,0.0,,214,11.1,18.5,1020.9,0,8,4
2025-10-02 03:00:00+01:00,14.3,84,0.0,,213,11.1,20.4,1020.6,0,8,4
2025-10-02 04:00:00+01:00,14.2,84,0.0,,214,11.1,20.4,1020.3,0,8,4
2025-10-02 05:00:00+01:00,14.1,85,0.0,,211,13.0,20.4,1020.1,0,6,4
2025-10-02 06:00:00+01:00,14.0,84,0.0,,208,11.1,20.4,1019.9,0,6,4
2025-10-02 07:00:00+01:00,13.9,84,0.0,,207,11.1,20.4,1019.6,0,7,4
2025-10-02 08:00:00+01:00,14.0,84,0.0,,206,11.1,20.4,1019.4,3,6,4
2025-10-02 09:00:00+01:00,14.1,86,0.0,,202,11.1,20.4,1019.2,6,6,4
2025-10-02 10:00:00+01:00,14.5,85,0.0,,202,11.1,20.4,1019.0,6,5,4
2025-10-02 11:00:00+01:00,15.0,86,0.0,,193,13.0,22.2,1018.4,6,6,4
2025-10-02 12:00:00+01:00,15.6,83,0.0,,193,14.8,25.9,1017.4,7,6,4
2025-10-02 13:00:00+01:00,16.0,80,0.0,,195,16.7,29.6,1016.7,4,6,4
2025-10-02 14:00:00+01:00,16.5,78,0.0,,200,18.5,29.6,1016.0,5,7,4
2025-10-02 15:00:00+01:00,16.8,76,0.0,,199,18.5,31.5,1015.1,4,7,4
2025-10-02 16:00:00+01:00,17.0,74,0.0,,198,18.5,31.5,1014.1,3,8,4
2025-10-02 17:00:00+01:00,16.8,74,0.0,,198,18.5,31.5,1013.1,1,8,4
2025-10-02 18:00:00+01:00,16.5,74,0.0,,193,18.5,31.5,1012.2,1,8,4
2025-10-02 19:00:00+01:00,15.0,81,0.0,,191,18.5,29.6,1011.1,0,8,7
2025-10-02 20:00:00+01:00,15.0,79,0.3,,183,16.7,29.6,1010.1,0,8,7
2025-10-02 21:00:00+01:00,14.9,79,0.6,,181,18.5,29.6,1009.0,0,8,7
2025-10-02 22:00:00+01:00,14.9,79,0.9,,186,18.5,31.5,1008.0,0,8,7
2025-10-02 23:00:00+01:00,14.4,84,0.7,,189,20.4,31.5,1007.0,0,8,7
2025-10-03 00:00:00+01:00,14.6,84,0.8,,191,22.2,35.2,1006.0,0,8,7
2025-10-03 01:00:00+01:00,14.6,86,0.8,,194,24.1,40.8,1005.1,0,8,7
2025-10-03 02:00:00+01:00,14.6,86,0.4,,199,25.9,38.9,1004.7,0,8,7
2025-10-03 03:00:00+01:00,14.8,86,0.3,,202,24.1,38.9,1004.2,0,7,7
2025-10-03 04:00:00+01:00,14.8,86,0.3,,206,22.2,35.2,1003.8,0,7,7
2025-10-03 05:00:00+01:00,14.5,84,0.5,,207,20.4,33.3,1003.4,0,6,7
2025-10-03 06:00:00+01:00,14.6,83,0.0,,207,18.5,27.8,1003.4,0,6,4
2025-10-03 07:00:00+01:00,14.5,82,0.0,,208,16.7,25.9,1003.3,0,8,4
2025-10-03 08:00:00+01:00,14.6,83,0.0,,207,13.0,24.1,1003.1,2,8,4
2025-10-03 09:00:00+01:00,14.8,83,0.0,,207,14.8,24.1,1002.9,2,7,4
2025-10-03 10:00:00+01:00,15.3,80,0.0,,208,14.8,24.1,1002.8,4,6,4
2025-10-03 11:00:00+01:00,15.3,81,0.1,,199,14.8,24.1,1002.2,1,5,7
2025-10-03 12:00:00+01:00,15.3,80,0.1,,197,16.7,27.8,1000.6,0,5,7
2025-10-03 13:00:00+01:00,14.8,84,0.2,,200,20.4,33.3,999.2,0,8,8
2025-10-03 14:00:00+01:00,14.3,89,1.2,,197,24.1,38.9,995.9,0,8,8
2025-10-03 15:00:00+01:00,14.4,91,1.4,,192,27.8,46.3,992.3,0,8,8
2025-10-03 16:00:00+01:00,14.9,90,1.5,,193,31.5,51.8,988.9,0,8,9
2025-10-03 17:00:00+01:00,15.8,89,1.4,,198,35.2,57.4,986.2,0,8,8
2025-10-03 18:00:00+01:00,17.1,84,1.4,,204,38.9,61.1,983.8,0,8,8
2025-10-03 19:00:00+01:00,16.8,81,1.3,,212,40.8,64.8,981.6,0,8,8
2025-10-03 20:00:00+01:00,16.7,76,0.7,,217,44.5,70.4,981.5,0,7,7
2025-10-03 21:00:00+01:00,16.3,71,0.6,,222,46.3,74.1,982.0,0,6,7
2025-10-03 22:00:00+01:00,15.4,67,0.4,,226,46.3,75.9,982.7,0,4,3
2025-10-03 23:00:00+01:00,14.6,67,0.3,,229,46.3,72.2,981.9,0,4,2
2025-10-04 00:00:00+01:00,14.2,65,0.4,,229,44.5,70.4,982.5,0,3,2
2025-10-04 01:00:00+01:00,13.8,64,0.4,,229,42.6,68.5,983.1,0,1,1
2025-10-04 02:00:00+01:00,13.4,65,0.0,,228,40.8,64.8,982.9,0,1,1
2025-10-04 03:00:00+01:00,13.1,66,0.0,,231,40.8,64.8,982.5,0,2,1
2025-10-04 04:00:00+01:00,12.9,65,0.0,,231,40.8,63.0,982.2,0,2,2
2025-10-04 05:00:00+01:00,12.6,64,0.0,,230,37.0,57.4,982.1,0,3,1
2025-10-04 06:00:00+01:00,12.7,64,0.0,,229,37.0,57.4,981.7,0,4,2
2025-10-04 07:00:00+01:00,12.8,65,0.0,,231,35.2,53.7,981.3,0,5,2
2025-10-04 08:00:00+01:00,12.7,67,0.8,,235,33.3,51.8,981.5,3,5,7
2025-10-04 09:00:00+01:00,12.6,69,0.0,,241,31.5,46.3,982.4,8,6,4
2025-10-04 10:00:00+01:00,12.3,71,0.0,,249,29.6,44.5,983.4,14,6,4
2025-10-04 11:00:00+01:00,12.6,71,0.0,,253,27.8,44.5,984.0,17,5,3
2025-10-04 12:00:00+01:00,12.9,69,0.0,,257,31.5,50.0,985.2,21,5,3
2025-10-04 13:00:00+01:00,13.0,67,0.0,,260,31.5,51.8,986.4,22,5,3
2025-10-04 14:00:00+01:00,13.1,66,0.0,,260,33.3,55.5,987.7,24,5,3
2025-10-04 15:00:00+01:00,13.0,66,0.0,,260,33.3,55.5,988.8,23,5,3
2025-10-04 16:00:00+01:00,13.1,65,0.0,,258,33.3,55.5,989.9,22,5,2
2025-10-04 17:00:00+01:00,12.9,65,0.0,,258,33.3,57.4,990.8,17,4,2
2025-10-04 18:00:00+01:00,12.5,65,0.0,,255,31.5,55.5,991.9,12,5,3
2025-10-04 19:00:00+01:00,12.2,67,0.0,,257,31.5,51.8,992.7,5,5,3
2025-10-04 20:00:00+01:00,11.8,67,0.0,,256,31.5,51.8,993.8,0,4,2
2025-10-04 21:00:00+01:00,11.6,68,0.0,,256,29.6,50.0,994.7,0,4,2
2025-10-04 22:00:00+01:00,11.2,68,0.0,,257,29.6,48.2,995.6,0,3,2
2025-10-04 23:00:00+01:00,10.9,68,0.0,,257,29.6,46.3,996.3,0,4,2
2025-10-05 00:00:00+01:00,11.1,66,0.0,,260,29.6,48.2,997.2,0,3,2
2025-10-05 01:00:00+01:00,11.2,65,0.0,,262,29.6,48.2,998.0,0,2,1
2025-10-05 02:00:00+01:00,11.2,66,0.0,,264,29.6,48.2,998.5,0,1,1
2025-10-05 03:00:00+01:00,11.3,65,0.0,,263,29.6,48.2,999.6,0,1,1
2025-10-05 04:00:00+01:00,11.3,63,0.0,,263,27.8,46.3,1000.7,0,1,1
2025-10-05 05:00:00+01:00,11.1,63,0.0,,263,27.8,44.5,1001.6,0,1,1
2025-10-05 06:00:00+01:00,11.0,64,0.0,,264,25.9,42.6,1002.3,0,1,1
2025-10-05 07:00:00+01:00,10.8,65,0.0,,263,25.9,40.8,1003.4,0,1,1
2025-10-05 08:00:00+01:00,10.7,68,0.0,,262,24.1,38.9,1004.8,13,2,1
2025-10-05 09:00:00+01:00,10.8,70,0.0,,264,24.1,40.8,1006.0,27,2,1
2025-10-05 10:00:00+01:00,12.0,65,0.0,,267,25.9,42.6,1007.2,41,2,2
2025-10-05 11:00:00+01:00,13.1,59,0.0,,273,27.8,44.5,1008.3,54,3,1
2025-10-05 12:00:00+01:00,14.0,57,0.0,,276,29.6,46.3,1009.2,51,3,1
2025-10-05 13:00:00+01:00,14.2,56,0.0,,277,29.6,48.2,1009.9,45,4,2
2025-10-05 14:00:00+01:00,14.2,58,0.0,,275,29.6,48.2,1010.8,36,4,2
2025-10-05 15:00:00+01:00,14.0,61,0.0,,274,27.8,46.3,1011.7,30,6,2
2025-10-05 16:00:00+01:00,14.2,63,0.0,,271,25.9,42.6,1012.6,23,7,3
2025-10-05 17:00:00+01:00,14.0,66,0.0,,267,24.1,42.6,1012.9,17,6,4
2025-10-05 18:00:00+01:00,13.8,69,0.0,,260,22.2,38.9,1013.7,10,6,4
2025-10-05 19:00:00+01:00,13.4,73,0.0,,256,20.4,37.0,1014.3,3,8,4
2025-10-05 20:00:00+01:00,13.3,74,0.0,,254,20.4,35.2,1014.7,0,7,4
2025-10-05 21:00:00+01:00,13.4,75,0.0,,253,18.5,31.5,1015.1,0,7,4
2025-10-05 22:00:00+01:00,13.3,76,0.0,,254,18.5,31.5,1015.3,0,6,4
2025-10-05 23:00:00+01:00,13.0,78,0.0,,252,18.5,29.6,1015.6,0,6,4
2025-10-06 00:00:00+01:00,13.1,79,0.3,,248,16.7,27.8,1015.7,0,7,7
2025-10-06 01:00:00+01:00,13.0,80,0.4,,246,16.7,27.8,1015.8,0,8,7
2025-10-06 02:00:00+01:00,12.9,83,0.5,,247,16.7,27.8,1015.9,0,8,7
2025-10-06 03:00:00+01:00,13.0,83,0.5,,245,18.5,29.6,1016.3,0,8,7
2025-10-06 04:00:00+01:00,13.2,82,0.5,,241,18.5,29.6,1016.4,0,7,7
2025-10-06 05:00:00+01:00,13.1,82,0.9,,238,18.5,31.5,1016.0,0,8,7
2025-10-06 06:00:00+01:00,13.5,83,0.0,,241,18.5,31.5,1016.3,0,8,7
2025-10-06 07:00:00+01:00,13.6,84,0.0,,241,18.5,29.6,1016.4,0,7,4
2025-10-06 08:00:00+01:00,14.2,83,0.0,,241,16.7,29.6,1016.8,7,7,4
2025-10-06 09:00:00+01:00,14.7,83,0.0,,241,16.7,29.6,1017.3,14,7,4
2025-10-06 10:00:00+01:00,15.5,81,0.0,,243,18.5,31.5,1017.5,21,7,4
2025-10-06 11:00:00+01:00,16.3,81,0.0,,245,22.2,37.0,1017.7,24,7,4
2025-10-06 12:00:00+01:00,16.7,79,0.0,,244,22.2,37.0,1018.0,27,6,4
2025-10-06 13:00:00+01:00,16.8,79,0.0,,244,22.2,37.0,1018.4,26,6,4
2025-10-06 14:00:00+01:00,17.0,79,0.0,,241,22.2,37.0,1018.6,26,6,4
2025-10-06 15:00:00+01:00,17.0,79,0.0,,237,22.2,37.0,1018.6,24,7,4
2025-10-06 16:00:00+01:00,16.9,80,0.0,,235,22.2,37.0,1018.7,20,7,4
2025-10-06 17:00:00+01:00,17.0,77,0.0,,231,20.4,35.2,1018.7,16,5,4
2025-10-06 18:00:00+01:00,16.0,78,0.0,,229,18.5,31.5,1019.0,11,5,4
2025-10-06 19:00:00+01:00,15.6,80,0.0,,230,16.7,29.6,1019.0,6,5,4
2025-10-06 20:00:00+01:00,15.2,80,0.2,,228,16.7,29.6,1018.8,0,6,4
2025-10-06 21:00:00+01:00,15.0,81,0.2,,225,16.7,27.8,1018.7,0,7,4
2025-10-06 22:00:00+01:00,14.9,80,0.2,,225,16.7,29.6,1018.6,0,8,4
2025-10-06 23:00:00+01:00,14.8,80,0.0,,226,16.7,27.8,1018.3,0,5,4
2025-10-07 00:00:00+01:00,14.6,81,0.0,,229,16.7,27.8,1018.0,0,6,4
2025-10-07 01:00:00+01:00,14.4,79,0.0,,231,16.7,27.8,1017.8,0,7,4
2025-10-07 02:00:00+01:00,14.3,77,0.0,,236,16.7,27.8,1017.5,0,8,4
2025-10-07 03:00:00+01:00,14.3,77,0.0,,234,16.7,27.8,1017.3,0,8,4
2025-10-07 04:00:00+01:00,14.3,76,0.0,,228,16.7,27.8,1017.1,0,8,4
2025-10-07 05:00:00+01:00,13.6,78,0.0,,228,18.5,31.5,1016.8,0,6,4
2025-10-07 06:00:00+01:00,13.6,77,0.0,,230,18.5,31.5,1017.0,0,7,4
2025-10-07 07:00:00+01:00,13.7,77,0.0,,228,18.5,29.6,1017.3,0,8,4
2025-10-07 08:00:00+01:00,14.1,76,0.0,,226,16.7,29.6,1017.6,2,8,4
2025-10-07 09:00:00+01:00,14.7,78,0.0,,224,16.7,29.6,1017.8,5,7,4
2025-10-07 10:00:00+01:00,15.2,77,0.0,,226,16.7,29.6,1018.0,6,7,4
2025-10-07 11:00:00+01:00,15.4,78,0.0,,231,18.5,31.5,1018.3,6,7,4
2025-10-07 12:00:00+01:00,15.7,78,0.0,,234,18.5,33.3,1018.3,6,7,4
2025-10-07 13:00:00+01:00,15.8,78,0.0,,236,20.4,35.2,1018.3,5,8,4
2025-10-07 14:00:00+01:00,15.8,79,0.0,,238,20.4,33.3,1018.2,4,8,4
2025-10-07 15:00:00+01:00,15.7,81,0.0,,237,20.4,31.5,1018.0,5,8,4
2025-10-07 16:00:00+01:00,15.6,81,0.0,,237,18.5,29.6,1018.0,4,8,4
2025-10-07 17:00:00+01:00,15.3,82,0.0,,239,16.7,27.8,1018.0,3,8,4
2025-10-07 18:00:00+01:00,14.7,84,0.0,,243,13.0,24.1,1018.2,3,8,4
2025-10-07 19:00:00+01:00,14.0,88,0.0,,246,13.0,22.2,1018.5,1,8,4
2025-10-07 20:00:00+01:00,13.8,86,0.0,,263,11.1,20.4,1018.9,0,7,4
2025-10-07 21:00:00+01:00,13.6,84,0.0,,263,11.1,20.4,1019.3,0,7,4
2025-10-07 22:00:00+01:00,12.7,83,0.0,,269,11.1,20.4,1019.8,0,6,4
2025-10-07 23:00:00+01:00,11.8,85,0.0,,270,9.3,18.5,1020.2,0,5,4
2025-10-08 00:00:00+01:00,10.8,85,0.0,,270,9.3,18.5,1020.3,0,4,3
2025-10-08 01:00:00+01:00,9.9,84,0.0,,273,9.3,18.5,1020.5,0,3,2
2025-10-08 02:00:00+01:00,9.2,83,0.0,,271,9.3,18.5,1020.6,0,3,1
2025-10-08 03:00:00+01:00,8.5,86,0.0,,266,9.3,18.5,1020.6,0,2,1
2025-10-08 04:00:00+01:00,8.1,84,0.0,,263,9.3,16.7,1020.6,0,2,1
2025-10-08 05:00:00+01:00,7.9,83,0.0,,259,9.3,16.7,1020.7,0,2,1
2025-10-08 06:00:00+01:00,7.6,84,0.0,,252,9.3,16.7,1020.8,0,2,1
2025-10-08 07:00:00+01:00,8.0,83,0.0,,249,9.3,18.5,1021.0,0,2,1
2025-10-08 08:00:00+01:00,8.2,85,0.0,,244,9.3,18.5,1021.3,9,3,1
2025-10-08 09:00:00+01:00,8.9,84,0.0,,239,9.3,18.5,1021.3,18,3,1
2025-10-08 10:00:00+01:00,10.1,82,0.0,,240,13.0,22.2,1021.4,25,3,1
2025-10-08 11:00:00+01:00,11.6,77,0.0,,241,14.8,25.9,1021.3,28,2,1
2025-10-08 12:00:00+01:00,12.7,73,0.0,,244,16.7,27.8,1021.2,28,3,1
2025-10-08 13:00:00+01:00,13.7,69,0.0,,248,18.5,31.5,1021.1,29,3,2
2025-10-08 14:00:00+01:00,14.4,66,0.0,,249,20.4,33.3,1020.9,27,4,2
2025-10-08 15:00:00+01:00,14.2,68,0.0,,251,20.4,33.3,1020.8,22,5,2
2025-10-08 16:00:00+01:00,14.1,69,0.0,,251,18.5,31.5,1020.7,20,6,4
2025-10-08 17:00:00+01:00,13.7,72,0.0,,249,18.5,29.6,1021.0,17,6,4
2025-10-08 18:00:00+01:00,13.1,75,0.0,,246,14.8,27.8,1021.3,11,6,4
2025-10-08 19:00:00+01:00,12.9,77,0.0,,241,14.8,25.9,1021.7,5,6,4
2025-10-08 20:00:00+01:00,12.7,77,0.0,,239,14.8,25.9,1021.9,0,6,4
2025-10-08 21:00:00+01:00,12.6,79,0.0,,241,14.8,25.9,1021.9,0,6,4
2025-10-08 22:00:00+01:00,12.5,80,0.0,,241,14.8,25.9,1021.9,0,6,4
2025-10-08 23:00:00+01:00,12.3,81,0.0,,241,14.8,25.9,1022.1,0,6,4
2025-10-09 00:00:00+01:00,12.3,82,0.0,,241,14.8,25.9,1022.1,0,6,4
2025-10-09 01:00:00+01:00,12.5,81,0.0,,242,14.8,25.9,1022.0,0,7,4
2025-10-09 02:00:00+01:00,12.3,82,0.0,,242,14.8,25.9,1021.8,0,6,4
2025-10-09 03:00:00+01:00,12.8,79,0.0,,243,14.8,25.9,1021.6,0,7,4
2025-10-09 04:00:00+01:00,12.9,79,0.0,,244,16.7,27.8,1021.3,0,6,4
2025-10-09 05:00:00+01:00,12.8,80,0.0,,241,16.7,27.8,1021.6,0,6,4
2025-10-09 06:00:00+01:00,12.9,80,0.0,,240,16.7,27.8,1021.8,0,7,4
2025-10-09 07:00:00+01:00,13.1,79,0.0,,238,16.7,27.8,1022.3,0,7,4
2025-10-09 08:00:00+01:00,13.2,80,0.0,,243,14.8,25.9,1022.5,5,7,4
2025-10-09 09:00:00+01:00,13.6,81,0.0,,243,14.8,25.9,1022.7,10,7,4
2025-10-09 10:00:00+01:00,14.0,81,0.0,,247,18.5,29.6,1023.0,16,7,4
2025-10-09 11:00:00+01:00,14.7,78,0.0,,251,20.4,33.3,1023.0,21,7,4
2025-10-09 12:00:00+01:00,15.4,76,0.0,,258,22.2,37.0,1023.2,25,6,4
2025-10-09 13:00:00+01:00,15.9,74,0.0,,259,24.1,38.9,1023.6,27,5,4
2025-10-09 14:00:00+01:00,16.4,71,0.0,,259,25.9,40.8,1024.0,30,5,4
2025-10-09 15:00:00+01:00,16.2,71,0.0,,260,24.1,40.8,1024.3,29,5,2
2025-10-09 16:00:00+01:00,16.0,72,0.0,,260,24.1,38.9,1024.6,28,4,2
2025-10-09 17:00:00+01:00,15.5,74,0.0,,261,22.2,37.0,1025.2,24,4,2
2025-10-09 18:00:00+01:00,15.3,72,0.0,,260,20.4,33.3,1025.7,16,4,2
2025-10-09 19:00:00+01:00,14.3,76,0.0,,257,16.7,31.5,1026.5,7,4,2
2025-10-09 20:00:00+01:00,14.0,79,0.0,,254,16.7,29.6,1027.1,0,4,2
2025-10-09 21:00:00+01:00,13.8,80,0.0,,254,14.8,27.8,1027.3,0,4,2
2025-10-09 22:00:00+01:00,13.6,82,0.0,,256,14.8,27.8,1027.8,0,4,2
2025-10-09 23:00:00+01:00,13.4,82,0.0,,255,14.8,27.8,1028.3,0,4,1
2025-10-10 00:00:00+01:00,13.0,83,0.0,,256,14.8,25.9,1028.5,0,4,1
2025-10-10 01:00:00+01:00,12.8,83,0.0,,255,14.8,24.1,1028.5,0,3,2
2025-10-10 02:00:00+01:00,12.3,84,0.0,,254,13.0,24.1,1028.8,0,3,2
2025-10-10 03:00:00+01:00,12.3,84,0.0,,253,13.0,24.1,1028.9,0,4,2
2025-10-10 04:00:00+01:00,12.3,84,0.0,,252,13.0,24.1,1028.9,0,5,2
2025-10-10 05:00:00+01:00,11.9,85,0.0,,253,13.0,24.1,1029.0,0,5,3
2025-10-10 06:00:00+01:00,11.9,85,0.0,,256,13.0,24.1,1029.0,0,5,3
2025-10-10 07:00:00+01:00,11.8,86,0.0,,256,13.0,24.1,1029.5,0,5,3
2025-10-10 08:00:00+01:00,12.0,86,0.0,,255,13.0,22.2,1029.8,6,4,3
2025-10-10 09:00:00+01:00,12.2,88,0.0,,254,13.0,24.1,1030.4,15,5,3
2025-10-10 10:00:00+01:00,12.9,85,0.0,,252,13.0,24.1,1031.1,23,5,3
2025-10-10 11:00:00+01:00,13.9,81,0.0,,254,14.8,25.9,1031.1,28,5,3
2025-10-10 12:00:00+01:00,14.4,76,0.0,,252,18.5,29.6,1031.2,33,4,2
2025-10-10 13:00:00+01:00,15.0,72,0.0,,251,18.5,31.5,1031.3,35,4,2
2025-10-10 14:00:00+01:00,15.1,70,0.0,,254,18.5,31.5,1031.6,35,3,2
2025-10-10 15:00:00+01:00,15.1,69,0.0,,254,18.5,33.3,1031.5,37,3,2
2025-10-10 16:00:00+01:00,14.8,69,0.0,,254,18.5,31.5,1031.5,37,3,2
2025-10-10 17:00:00+01:00,14.1,71,0.0,,253,16.7,29.6,1031.7,33,3,2
2025-10-10 18:00:00+01:00,13.6,73,0.0,,256,14.8,25.9,1031.8,23,2,1
2025-10-10 19:00:00+01:00,11.9,78,0.0,,260,13.0,25.9,1032.0,11,2,1
2025-10-10 20:00:00+01:00,11.7,79,0.0,,264,13.0,25.9,1032.4,0,2,1
2025-10-10 21:00:00+01:00,11.3,80,0.0,,268,13.0,24.1,1032.4,0,2,1
2025-10-10 22:00:00+01:00,10.7,83,0.0,,268,13.0,24.1,1032.6,0,1,1
2025-10-10 23:00:00+01:00,10.3,85,0.0,,266,11.1,24.1,1032.7,0,1,1
2025-10-11 00:00:00+01:00,10.3,83,0.0,,263,13.0,22.2,1032.6,0,1,1
2025-10-11 01:00:00+01:00,10.4,82,0.0,,264,11.1,20.4,1032.7,0,1,1
2025-10-11 02:00:00+01:00,10.1,83,0.0,,261,11.1,20.4,1032.7,0,1,1
2025-10-11 03:00:00+01:00,9.9,83,0.0,,261,11.1,20.4,1032.7,0,2,1
2025-10-11 04:00:00+01:00,9.5,86,0.0,,263,11.1,20.4,1032.6,0,2,1
2025-10-11 05:00:00+01:00,8.6,83,0.0,,266,11.1,20.4,1033.4,0,5,4
2025-10-11 06:00:00+01:00,8.4,85,0.0,,267,11.1,20.4,1033.4,0,6,4
2025-10-11 07:00:00+01:00,8.2,87,0.0,,267,11.1,18.5,1033.6,0,7,4
2025-10-11 08:00:00+01:00,8.4,88,0.0,,261,9.3,18.5,1033.8,4,7,4
2025-10-11 09:00:00+01:00,9.3,87,0.0,,254,9.3,18.5,1034.2,10,6,4
2025-10-11 10:00:00+01:00,10.4,85,0.0,,253,9.3,16.7,1034.5,16,4,4
2025-10-11 11:00:00+01:00,11.8,80,0.0,,251,9.3,18.5,1034.3,22,3,2
2025-10-11 12:00:00+01:00,13.1,77,0.0,,252,11.1,20.4,1034.1,25,2,1
2025-10-11 13:00:00+01:00,14.3,73,0.0,,251,9.3,18.5,1033.9,30,2,1
2025-10-11 14:00:00+01:00,15.2,70,0.0,,252,11.1,20.4,1033.7,35,2,1
2025-10-11 15:00:00+01:00,15.5,70,0.0,,249,9.3,18.5,1033.5,35,2,1
2025-10-11 16:00:00+01:00,15.3,72,0.0,,246,9.3,16.7,1033.5,35,2,1
2025-10-11 17:00:00+01:00,14.8,73,0.0,,254,7.4,14.8,1033.4,28,2,1
2025-10-11 18:00:00+01:00,13.9,78,0.0,,256,7.4,14.8,1033.5,20,2,1
2025-10-11 19:00:00+01:00,13.0,80,0.0,,268,7.4,14.8,1033.7,10,2,1
2025-10-11 20:00:00+01:00,11.8,85,0.0,,279,7.4,16.7,1033.7,0,2,1
2025-10-11 21:00:00+01:00,10.8,90,0.0,,278,7.4,16.7,1034.0,0,2,1
2025-10-11 22:00:00+01:00,10.0,92,0.0,,277,9.3,16.7,1034.0,0,2,1
2025-10-11 23:00:00+01:00,9.1,95,0.0,,278,9.3,16.7,1033.8,0,2,1
2025-10-12 00:00:00+01:00,8.6,95,0.0,,275,9.3,16.7,1033.8,0,2,1
2025-10-12 01:00:00+01:00,8.0,97,0.0,,265,9.3,18.5,1033.7,0,2,1
2025-10-12 02:00:00+01:00,7.6,98,0.0,,266,9.3,16.7,1033.4,0,2,1
2025-10-12 03:00:00+01:00,7.2,97,0.0,,268,9.3,16.7,1033.1,0,3,1
2025-10-12 04:00:00+01:00,6.9,98,0.0,,270,9.3,16.7,1033.0,0,3,1
2025-10-12 05:00:00+01:00,7.1,94,0.0,,271,9.3,16.7,1032.6,0,4,1
2025-10-12 06:00:00+01:00,6.8,92,0.0,,271,7.4,16.7,1032.7,0,4,1
2025-10-12 07:00:00+01:00,6.6,94,0.0,,273,7.4,14.8,1032.9,0,4,1
2025-10-12 08:00:00+01:00,7.1,94,0.0,,267,5.5,13.0,1033.2,9,4,2
2025-10-12 09:00:00+01:00,8.2,93,0.0,,266,5.5,13.0,1033.5,19,3,2
2025-10-12 10:00:00+01:00,9.7,88,0.0,,276,5.5,13.0,1033.6,27,3,2
2025-10-12 11:00:00+01:00,12.3,81,0.0,,270,5.5,13.0,1033.5,31,1,2
2025-10-12 12:00:00+01:00,13.6,78,0.0,,282,5.5,13.0,1033.1,34,2,1
2025-10-12 13:00:00+01:00,14.8,72,0.0,,107,5.5,13.0,1032.7,38,3,1
2025-10-12 14:00:00+01:00,15.6,70,0.0,,111,5.5,14.8,1032.5,45,3,1
2025-10-12 15:00:00+01:00,15.8,71,0.0,,99,7.4,14.8,1032.3,45,3,1
2025-10-12 16:00:00+01:00,15.5,73,0.0,,87,7.4,14.8,1032.1,44,2,1
2025-10-12 17:00:00+01:00,15.1,72,0.0,,73,7.4,13.0,1031.7,38,1,1
2025-10-12 18:00:00+01:00,13.7,78,0.0,,59,7.4,13.0,1031.9,27,1,1
2025-10-12 19:00:00+01:00,12.3,88,0.0,,21,5.5,13.0,1032.1,16,1,1
2025-10-12 20:00:00+01:00,11.6,91,0.0,,7,5.5,13.0,1032.2,0,1,1
2025-10-12 21:00:00+01:00,11.0,93,0.0,,354,7.4,13.0,1032.2,0,2,1
2025-10-12 22:00:00+01:00,10.5,95,0.0,,341,7.4,14.8,1032.3,0,3,1
2025-10-12 23:00:00+01:00,10.1,94,0.0,,329,5.5,13.0,1032.3,0,4,1
2025-10-13 00:00:00+01:00,9.8,96,0.0,,308,5.5,13.0,1032.2,0,3,4
2025-10-13 01:00:00+01:00,9.7,95,0.0,,284,7.4,13.0,1032.2,0,3,1
2025-10-13 02:00:00+01:00,9.6,95,0.0,,277,7.4,13.0,1032.0,0,5,1
2025-10-13 03:00:00+01:00,9.5,95,0.0,,271,7.4,13.0,1031.8,0,6,4
2025-10-13 04:00:00+01:00,9.6,94,0.0,,266,7.4,13.0,1031.6,0,7,4
2025-10-13 05:00:00+01:00,9.7,93,0.0,,272,5.5,13.0,1031.4,0,8,4
2025-10-13 06:00:00+01:00,9.7,95,0.0,,271,5.5,11.1,1031.3,0,8,4
2025-10-13 07:00:00+01:00,9.4,97,0.0,,266,5.5,11.1,1031.2,0,7,4
2025-10-13 08:00:00+01:00,9.6,99,0.0,,260,5.5,11.1,1031.3,3,7,4
2025-10-13 09:00:00+01:00,9.8,100,0.0,,252,5.5,11.1,1031.4,7,6,4
2025-10-13 10:00:00+01:00,10.6,100,0.0,,241,5.5,13.0,1031.6,14,6,4
2025-10-13 11:00:00+01:00,12.3,96,0.0,,221,5.5,13.0,1031.5,18,6,4
2025-10-13 12:00:00+01:00,13.1,91,0.0,,205,7.4,13.0,1031.4,24,5,4
2025-10-13 13:00:00+01:00,13.8,87,0.0,,198,7.4,14.8,1031.4,28,4,4
2025-10-13 14:00:00+01:00,14.5,82,0.0,,196,7.4,14.8,1031.2,31,4,4
2025-10-13 15:00:00+01:00,14.9,80,0.0,,174,7.4,13.0,1030.9,35,4,4
2025-10-13 16:00:00+01:00,14.9,79,0.0,,162,5.5,13.0,1030.6,35,4,1
2025-10-13 17:00:00+01:00,14.9,77,0.0,,146,5.5,11.1,1030.3,25,3,4
2025-10-13 18:00:00+01:00,13.8,81,0.0,,15,5.5,11.1,1030.5,17,3,1
2025-10-13 19:00:00+01:00,12.4,88,0.0,,337,5.5,11.1,1030.6,9,3,1
2025-10-13 20:00:00+01:00,11.8,89,0.0,,325,5.5,11.1,1030.7,0,3,1
2025-10-13 21:00:00+01:00,11.0,92,0.0,,317,7.4,13.0,1030.9,0,3,1
2025-10-13 22:00:00+01:00,10.3,94,0.0,,309,7.4,14.8,1031.2,0,4,1
2025-10-13 23:00:00+01:00,9.7,97,0.0,,300,7.4,14.8,1031.2,0,4,4
2025-10-14 00:00:00+01:00,9.2,99,0.0,,294,7.4,14.8,1031.1,0,5,4
2025-10-14 01:00:00+01:00,8.8,99,0.0,,294,9.3,14.8,1031.1,0,4,4
2025-10-14 02:00:00+01:00,8.8,95,0.0,,289,9.3,14.8,1031.2,0,5,4
2025-10-14 03:00:00+01:00,8.6,95,0.0,,285,9.3,16.7,1031.1,0,6,4
2025-10-14 04:00:00+01:00,8.5,93,0.0,,282,9.3,16.7,1031.1,0,7,4
2025-10-14 05:00:00+01:00,7.7,98,0.0,,282,7.4,14.8,1031.0,0,7,4
2025-10-14 06:00:00+01:00,7.4,100,0.0,,281,7.4,16.7,1031.1,0,7,4
2025-10-14 07:00:00+01:00,7.5,100,0.0,,285,7.4,14.8,1031.2,0,7,4
2025-10-14 08:00:00+01:00,7.3,99,0.0,,285,7.4,14.8,1031.5,5,7,4
2025-10-14 09:00:00+01:00,8.0,97,0.0,,285,7.4,14.8,1031.8,12,7,4
2025-10-14 10:00:00+01:00,9.2,92,0.0,,303,7.4,14.8,1032.1,20,6,4
2025-10-14 11:00:00+01:00,11.4,87,0.0,,322,5.5,13.0,1032.3,13,6,4
2025-10-14 12:00:00+01:00,12.2,82,0.0,,350,5.5,13.0,1032.1,15,6,4
2025-10-14 13:00:00+01:00,12.7,80,0.0,,8,7.4,14.8,1032.0,20,7,4
2025-10-14 14:00:00+01:00,13.1,77,0.0,,14,7.4,14.8,1031.9,24,7,4
2025-10-14 15:00:00+01:00,13.1,76,0.0,,29,7.4,14.8,1031.7,26,6,4
2025-10-14 16:00:00+01:00,13.2,75,0.0,,31,7.4,14.8,1031.5,24,5,4
2025-10-14 17:00:00+01:00,12.8,77,0.0,,17,5.5,13.0,1031.5,17,4,4
2025-10-14 18:00:00+01:00,12.1,79,0.0,,13,5.5,13.0,1031.7,11,5,4
2025-10-14 19:00:00+01:00,11.3,85,0.0,,355,5.5,13.0,1031.8,5,6,4
2025-10-14 20:00:00+01:00,10.6,88,0.0,,346,5.5,14.8,1032.0,0,6,4
2025-10-14 21:00:00+01:00,10.1,92,0.0,,336,7.4,14.8,1032.1,0,6,4
2025-10-14 22:00:00+01:00,9.9,92,0.0,,325,7.4,14.8,1032.1,0,6,4
2025-10-14 23:00:00+01:00,9.3,92,0.0,,318,7.4,14.8,1032.2,0,6,4
2025-10-15 00:00:00+01:00,9.3,92,0.0,,310,7.4,14.8,1032.2,0,5,4
2025-10-15 01:00:00+01:00,9.1,91,0.0,,298,7.4,14.8,1032.2,0,5,4
2025-10-15 02:00:00+01:00,9.0,90,0.0,,292,7.4,14.8,1032.2,0,5,4
2025-10-15 03:00:00+01:00,8.7,91,0.0,,286,7.4,14.8,1032.1,0,6,4
2025-10-15 04:00:00+01:00,8.5,90,0.0,,276,7.4,14.8,1032.1,0,6,4
2025-10-15 05:00:00+01:00,8.1,92,0.0,,279,7.4,16.7,1031.9,0,6,4
2025-10-15 06:00:00+01:00,7.7,93,0.0,,274,9.3,16.7,1031.9,0,7,4
2025-10-15 07:00:00+01:00,7.4,93,0.0,,273,9.3,16.7,1031.8,0,6,4
2025-10-15 08:00:00+01:00,7.4,93,0.0,,274,7.4,14.8,1031.9,3,6,4
2025-10-15 09:00:00+01:00,7.7,94,0.0,,274,7.4,14.8,1032.1,8,6,4
2025-10-15 10:00:00+01:00,8.8,89,0.0,,281,7.4,14.8,1032.2,13,6,4
2025-10-15 11:00:00+01:00,10.7,83,0.0,,276,7.4,14.8,1032.2,19,6,4
2025-10-15 12:00:00+01:00,11.7,78,0.0,,283,5.5,13.0,1032.1,23,6,4
2025-10-15 13:00:00+01:00,12.3,75,0.0,,294,5.5,13.0,1031.7,26,6,4
2025-10-15 14:00:00+01:00,12.8,73,0.0,,306,7.4,13.0,1031.4,32,6,4
2025-10-15 15:00:00+01:00,13.0,71,0.0,,37,5.5,13.0,1031.0,32,6,4
2025-10-15 16:00:00+01:00,12.9,72,0.0,,53,5.5,13.0,1030.7,29,6,4
2025-10-15 17:00:00+01:00,12.7,74,0.0,,50,5.5,11.1,1030.4,23,5,4
2025-10-15 18:00:00+01:00,11.7,79,0.0,,38,5.5,11.1,1030.6,15,5,4
2025-10-15 19:00:00+01:00,10.8,84,0.0,,1,5.5,11.1,1030.5,8,5,4
2025-10-15 20:00:00+01:00,9.8,89,0.0,,332,5.5,11.1,1030.6,0,5,2
2025-10-15 21:00:00+01:00,9.2,91,0.0,,313,5.5,13.0,1030.6,0,4,2
2025-10-15 22:00:00+01:00,8.5,93,0.0,,291,7.4,13.0,1030.7,0,4,2
2025-10-15 23:00:00+01:00,7.7,95,0.0,,287,7.4,13.0,1030.4,0,3,2
2025-10-16 00:00:00+01:00,7.2,94,0.0,,277,7.4,13.0,1030.2,0,3,2
2025-10-16 01:00:00+01:00,6.6,95,0.0,,269,7.4,14.8,1030.0,0,3,2
2025-10-16 02:00:00+01:00,6.1,96,0.0,,269,9.3,14.8,1029.8,0,3,1
2025-10-16 03:00:00+01:00,5.6,96,0.0,,268,9.3,16.7,1029.6,0,3,1
2025-10-16 04:00:00+01:00,5.1,96,0.0,,267,9.3,16.7,1029.4,0,4,1
2025-10-16 05:00:00+01:00,4.8,97,0.0,,267,9.3,16.7,1029.0,0,3,2
2025-10-16 06:00:00+01:00,4.4,97,0.0,,265,9.3,16.7,1029.0,0,3,1
2025-10-16 07:00:00+01:00,4.5,95,0.0,,265,9.3,14.8,1029.0,0,3,1
2025-10-16 08:00:00+01:00,4.6,97,0.0,,262,7.4,14.8,1029.0,7,3,1
2025-10-16 09:00:00+01:00,5.2,97,0.0,,260,7.4,14.8,1029.1,19,3,1
2025-10-16 10:00:00+01:00,6.8,92,0.0,,259,7.4,16.7,1029.2,30,3,1
2025-10-16 11:00:00+01:00,9.1,85,0.0,,255,9.3,16.7,1029.2,34,3,2
2025-10-16 12:00:00+01:00,10.2,79,0.0,,257,9.3,16.7,1028.8,34,4,2
2025-10-16 13:00:00+01:00,10.9,76,0.0,,257,7.4,16.7,1028.4,36,5,2
2025-10-16 14:00:00+01:00,11.5,74,0.0,,262,9.3,16.7,1028.1,38,6,4
2025-10-16 15:00:00+01:00,11.8,72,0.0,,280,7.4,14.8,1027.7,34,6,4
2025-10-16 16:00:00+01:00,11.9,72,0.0,,296,7.4,14.8,1027.5,30,6,4
2025-10-16 17:00:00+01:00,11.3,74,0.0,,319,5.5,13.0,1027.5,23,6,4
2025-10-16 18:00:00+01:00,10.5,77,0.0,,330,5.5,11.1,1027.7,15,6,4
2025-10-16 19:00:00+01:00,9.7,82,0.0,,322,5.5,13.0,1027.9,7,6,4
2025-10-16 20:00:00+01:00,9.2,84,0.0,,308,5.5,13.0,1027.9,0,5,3
2025-10-16 21:00:00+01:00,8.5,87,0.0,,302,7.4,14.8,1027.9,0,5,3
2025-10-16 22:00:00+01:00,8.0,89,0.0,,291,7.4,14.8,1028.1,0,5,3
2025-10-16 23:00:00+01:00,7.5,90,0.0,,282,7.4,14.8,1027.8,0,5,4
2025-10-17 00:00:00+01:00,7.3,90,0.0,,278,7.4,14.8,1027.7,0,5,4
2025-10-17 01:00:00+01:00,6.9,91,0.0,,270,7.4,14.8,1027.6,0,5,4
2025-10-17 02:00:00+01:00,6.6,92,0.0,,270,7.4,14.8,1027.4,0,6,4
2025-10-17 03:00:00+01:00,6.3,93,0.0,,270,9.3,16.7,1027.2,0,6,4
2025-10-17 04:00:00+01:00,6.1,93,0.0,,266,7.4,14.8,1027.0,0,6,4
2025-10-17 05:00:00+01:00,6.0,94,0.0,,270,7.4,14.8,1026.7,0,6,4
2025-10-17 06:00:00+01:00,5.7,96,0.0,,270,7.4,14.8,1026.7,0,7,4
2025-10-17 07:00:00+01:00,6.1,93,0.0,,267,7.4,13.0,1026.6,0,7,4
2025-10-17 08:00:00+01:00,6.1,95,0.0,,265,5.5,13.0,1026.7,3,7,4
2025-10-17 09:00:00+01:00,6.3,97,0.0,,264,5.5,13.0,1026.9,8,6,4
2025-10-17 10:00:00+01:00,7.4,93,0.0,,266,7.4,13.0,1027.1,13,6,4
2025-10-17 11:00:00+01:00,9.6,86,0.0,,259,5.5,13.0,1026.9,17,7,4
2025-10-17 12:00:00+01:00,10.8,81,0.0,,256,5.5,11.1,1026.8,20,7,4
2025-10-17 13:00:00+01:00,11.4,79,0.0,,226,5.5,13.0,1026.6,21,6,4
2025-10-17 14:00:00+01:00,11.9,76,0.0,,145,5.5,13.0,1026.5,22,6,4
2025-10-17 15:00:00+01:00,12.1,75,0.0,,88,5.5,13.0,1026.2,20,6,4
2025-10-17 16:00:00+01:00,12.2,75,0.0,,78,5.5,13.0,1026.1,17,6,4
2025-10-17 17:00:00+01:00,12.1,74,0.0,,65,5.5,11.1,1025.8,13,6,4
2025-10-17 18:00:00+01:00,11.1,80,0.0,,63,5.5,11.1,1026.0,8,6,4
2025-10-17 19:00:00+01:00,10.3,84,0.0,,46,5.5,11.1,1026.1,3,5,4
2025-10-17 20:00:00+01:00,9.8,86,0.0,,35,5.5,11.1,1026.2,0,6,4
2025-10-17 21:00:00+01:00,9.6,87,0.0,,17,5.5,9.3,1026.2,0,6,4
2025-10-17 22:00:00+01:00,9.3,90,0.0,,352,5.5,9.3,1026.3,0,6,4
2025-10-17 23:00:00+01:00,8.7,92,0.0,,332,5.5,11.1,1026.2,0,6,4
2025-10-18 00:00:00+01:00,8.5,92,0.0,,280,5.5,11.1,1026.1,0,6,4
2025-10-18 01:00:00+01:00,8.1,93,0.0,,272,5.5,13.0,1026.1,0,6,4
2025-10-18 02:00:00+01:00,8.0,90,0.0,,268,5.5,11.1,1026.0,0,6,4
2025-10-18 03:00:00+01:00,7.7,88,0.0,,265,5.5,13.0,1025.9,0,6,4
2025-10-18 04:00:00+01:00,7.6,86,0.0,,260,5.5,11.1,1025.7,0,7,4
2025-10-18 05:00:00+01:00,7.2,87,0.0,,265,5.5,11.1,1025.4,0,6,4
2025-10-18 06:00:00+01:00,7.3,87,0.0,,278,3.7,9.3,1025.1,0,6,4
2025-10-18 07:00:00+01:00,7.4,86,0.0,,268,3.7,9.3,1024.8,0,8,4
2025-10-18 08:00:00+01:00,7.7,86,0.0,,240,3.7,9.3,1024.6,2,8,4
2025-10-18 09:00:00+01:00,8.2,85,0.0,,213,3.7,11.1,1024.5,5,7,4
2025-10-18 10:00:00+01:00,9.3,84,0.0,,193,5.5,13.0,1024.3,8,6,4
2025-10-18 11:00:00+01:00,10.5,82,0.0,,178,7.4,14.8,1023.9,10,5,4
2025-10-18 12:00:00+01:00,11.5,78,0.0,,175,9.3,16.7,1023.4,9,5,3
2025-10-18 13:00:00+01:00,11.8,76,0.0,,171,11.1,18.5,1022.9,10,5,2
2025-10-18 14:00:00+01:00,12.1,74,0.0,,170,11.1,20.4,1022.2,9,6,3
2025-10-18 15:00:00+01:00,12.2,72,0.0,,165,13.0,20.4,1021.3,8,7,4
2025-10-18 16:00:00+01:00,12.4,71,0.0,,163,11.1,20.4,1020.5,4,8,4
2025-10-18 17:00:00+01:00,12.3,70,0.0,,163,11.1,18.5,1019.8,1,7,4
2025-10-18 18:00:00+01:00,11.9,72,0.0,,157,11.1,18.5,1019.3,0,7,4
2025-10-18 19:00:00+01:00,11.1,77,0.0,,152,9.3,16.7,1018.7,0,8,4
2025-10-18 20:00:00+01:00,11.0,77,0.0,,144,7.4,14.8,1018.1,0,7,4
2025-10-18 21:00:00+01:00,11.0,77,0.0,,139,9.3,14.8,1017.5,0,7,4
2025-10-18 22:00:00+01:00,10.8,77,0.0,,137,9.3,16.7,1017.1,0,6,4
2025-10-18 23:00:00+01:00,10.2,79,0.0,,136,9.3,16.7,1016.3,0,5,4
2025-10-19 00:00:00+01:00,10.3,80,0.0,,138,9.3,16.7,1015.2,0,6,3
2025-10-19 01:00:00+01:00,10.3,80,0.0,,131,9.3,16.7,1014.3,0,5,3
2025-10-19 02:00:00+01:00,10.3,79,0.0,,128,9.3,14.8,1013.6,0,5,2
2025-10-19 03:00:00+01:00,10.2,79,0.0,,128,9.3,16.7,1012.8,0,7,4
2025-10-19 04:00:00+01:00,10.5,77,0.0,,126,9.3,16.7,1012.1,0,8,4
2025-10-19 05:00:00+01:00,10.7,77,0.0,,123,9.3,16.7,1010.8,0,8,4
2025-10-19 06:00:00+01:00,11.1,76,0.0,,116,9.3,18.5,1009.4,0,8,4
2025-10-19 07:00:00+01:00,11.4,76,0.0,,113,11.1,18.5,1008.5,0,8,4
2025-10-19 08:00:00+01:00,11.4,80,0.0,,113,11.1,18.5,1007.6,0,8,4
2025-10-19 09:00:00+01:00,11.4,82,0.0,,123,11.1,20.4,1006.6,1,8,4
2025-10-19 10:00:00+01:00,12.1,80,0.0,,124,14.8,25.9,1005.8,2,7,4
2025-10-19 11:00:00+01:00,12.4,82,0.0,,128,16.7,27.8,1004.2,3,6,4
2025-10-19 12:00:00+01:00,13.1,79,0.0,,128,18.5,29.6,1002.9,2,6,4
2025-10-19 13:00:00+01:00,13.3,79,0.0,,127,18.5,31.5,1001.8,2,8,7
2025-10-19 14:00:00+01:00,13.5,79,0.0,,128,18.5,29.6,1000.7,1,8,7
2025-10-19 15:00:00+01:00,13.4,80,0.0,,123,18.5,29.6,999.4,0,8,7
2025-10-19 16:00:00+01:00,13.4,82,0.0,,124,18.5,27.8,998.1,0,8,8
2025-10-19 17:00:00+01:00,12.9,85,0.3,,121,16.7,27.8,997.0,0,8,8
2025-10-19 18:00:00+01:00,12.6,88,0.4,,120,16.7,27.8,996.2,0,8,8
2025-10-19 19:00:00+01:00,12.6,90,0.4,,118,16.7,27.8,995.3,0,8,8
2025-10-19 20:00:00+01:00,12.7,91,1.8,,119,16.7,27.8,994.3,0,8,9
2025-10-19 21:00:00+01:00,12.7,91,1.8,,123,14.8,25.9,993.6,0,8,9
2025-10-19 22:00:00+01:00,12.7,93,1.7,,128,13.0,24.1,993.0,0,8,9
2025-10-19 23:00:00+01:00,13.0,92,1.9,,129,11.1,20.4,992.0,0,8,9
2025-10-20 00:00:00+01:00,12.9,93,1.8,,132,9.3,16.7,991.3,0,8,8
2025-10-20 01:00:00+01:00,12.8,94,1.5,,145,9.3,14.8,990.8,0,8,8
2025-10-20 02:00:00+01:00,12.8,93,0.8,,170,7.4,13.0,990.2,0,8,8
2025-10-20 03:00:00+01:00,12.7,93,0.7,,212,5.5,13.0,989.5,0,8,7
2025-10-20 04:00:00+01:00,12.4,94,0.5,,234,5.5,13.0,989.0,0,8,4
2025-10-20 05:00:00+01:00,11.7,96,0.0,,238,5.5,11.1,988.6,0,7,4
2025-10-20 06:00:00+01:00,11.2,97,0.0,,241,7.4,13.0,988.3,0,6,4
2025-10-20 07:00:00+01:00,10.9,96,0.0,,245,7.4,14.8,988.0,0,6,4
2025-10-20 08:00:00+01:00,10.7,96,0.0,,243,7.4,14.8,988.0,0,6,4
2025-10-20 09:00:00+01:00,10.5,97,0.0,,242,5.5,13.0,988.0,8,6,4
2025-10-20 10:00:00+01:00,11.1,96,0.0,,237,5.5,13.0,988.1,13,6,4
2025-10-20 11:00:00+01:00,11.5,97,0.0,,210,7.4,13.0,987.9,19,6,4
2025-10-20 12:00:00+01:00,12.4,92,0.0,,188,7.4,14.8,987.7,21,7,4
2025-10-20 13:00:00+01:00,13.1,88,0.0,,165,7.4,14.8,987.5,16,8,4
2025-10-20 14:00:00+01:00,13.5,86,0.0,,152,7.4,14.8,987.3,15,8,4
2025-10-20 15:00:00+01:00,13.7,84,0.0,,135,7.4,14.8,986.9,11,7,4
2025-10-20 16:00:00+01:00,13.7,84,0.0,,114,7.4,14.8,986.5,10,7,4
2025-10-20 17:00:00+01:00,13.2,85,0.0,,99,7.4,13.0,986.5,3,8,4
2025-10-20 18:00:00+01:00,12.6,88,0.0,,74,5.5,13.0,986.5,0,8,4
2025-10-20 19:00:00+01:00,11.8,92,0.0,,38,5.5,11.1,986.4,0,8,4
2025-10-20 20:00:00+01:00,11.5,93,0.0,,356,5.5,11.1,986.4,0,8,4
2025-10-20 21:00:00+01:00,11.3,94,0.0,,322,5.5,13.0,986.3,0,8,4
2025-10-20 22:00:00+01:00,11.1,95,0.0,,306,7.4,13.0,986.5,0,8,4
2025-10-20 23:00:00+01:00,10.1,99,0.0,,290,7.4,13.0,986.2,0,8,4
2025-10-21 00:00:00+01:00,9.7,99,0.0,,277,7.4,14.8,986.2,0,7,4
2025-10-21 01:00:00+01:00,9.4,100,0.0,,271,9.3,16.7,986.3,0,7,4
2025-10-21 02:00:00+01:00,9.0,100,0.0,,268,9.3,16.7,986.3,0,6,4
2025-10-21 03:00:00+01:00,8.9,99,0.0,,266,11.1,18.5,986.1,0,5,4
2025-10-21 04:00:00+01:00,8.9,97,0.0,,265,9.3,18.5,986.0,0,5,4
2025-10-21 05:00:00+01:00,8.9,95,0.0,,261,9.3,16.7,985.7,0,6,4
2025-10-21 06:00:00+01:00,8.9,94,0.0,,256,9.3,14.8,985.6,0,5,4
2025-10-21 07:00:00+01:00,8.9,95,0.0,,249,9.3,14.8,985.5,0,6,4
2025-10-21 08:00:00+01:00,9.2,95,0.0,,240,7.4,14.8,985.4,0,6,4
2025-10-21 09:00:00+01:00,9.6,95,0.0,,227,7.4,14.8,985.4,3,6,4
2025-10-21 10:00:00+01:00,10.6,92,0.0,,222,9.3,16.7,985.4,4,7,4
2025-10-21 11:00:00+01:00,11.4,94,0.2,,216,9.3,16.7,985.3,5,7,7
2025-10-21 12:00:00+01:00,12.3,91,0.2,,217,11.1,20.4,985.0,5,7,7
2025-10-21 13:00:00+01:00,12.7,90,0.2,,224,13.0,22.2,984.9,3,7,7
2025-10-21 14:00:00+01:00,13.0,89,0.3,,227,14.8,25.9,984.8,6,7,7
2025-10-21 15:00:00+01:00,13.3,87,0.3,,229,14.8,27.8,984.7,4,8,7
2025-10-21 16:00:00+01:00,13.4,85,0.3,,235,14.8,27.8,984.7,5,8,7
2025-10-21 17:00:00+01:00,13.2,84,0.4,,241,16.7,27.8,984.9,4,8,7
2025-10-21 18:00:00+01:00,12.5,85,0.3,,247,16.7,29.6,985.5,3,8,7
2025-10-21 19:00:00+01:00,11.5,86,0.3,,255,18.5,29.6,986.0,1,7,7
2025-10-21 20:00:00+01:00,11.4,83,0.0,,256,18.5,31.5,986.7,0,7,4
2025-10-21 21:00:00+01:00,11.1,81,0.0,,256,18.5,31.5,987.5,0,6,4
2025-10-21 22:00:00+01:00,10.6,80,0.0,,253,18.5,29.6,988.3,0,5,4
2025-10-21 23:00:00+01:00,10.1,82,0.0,,253,18.5,31.5,988.0,0,4,2
2025-10-22 00:00:00+01:00,9.9,79,0.0,,252,18.5,31.5,988.7,0,4,2
2025-10-22 01:00:00+01:00,9.6,79,0.0,,254,18.5,31.5,989.5,0,3,2
2025-10-22 02:00:00+01:00,9.3,79,0.0,,255,18.5,31.5,990.0,0,3,2
2025-10-22 03:00:00+01:00,9.1,79,0.0,,254,18.5,29.6,990.6,0,2,2
2025-10-22 04:00:00+01:00,8.9,79,0.0,,252,16.7,27.8,991.1,0,3,1
2025-10-22 05:00:00+01:00,8.5,79,0.0,,251,14.8,25.9,991.5,0,3,1
2025-10-22 06:00:00+01:00,8.4,79,0.0,,252,14.8,24.1,992.1,0,2,1
2025-10-22 07:00:00+01:00,8.4,80,0.0,,251,13.0,22.2,992.5,0,2,1
2025-10-22 08:00:00+01:00,8.4,82,0.0,,247,13.0,22.2,993.0,0,3,1
2025-10-22 09:00:00+01:00,8.8,82,0.0,,243,11.1,20.4,993.5,17,3,1
2025-10-22 10:00:00+01:00,9.6,81,0.0,,240,13.0,22.2,993.8,29,3,1
2025-10-22 11:00:00+01:00,10.7,80,0.0,,237,14.8,25.9,994.0,41,2,2
2025-10-22 12:00:00+01:00,11.6,76,0.0,,237,16.7,27.8,994.0,46,2,2
2025-10-22 13:00:00+01:00,12.2,72,0.0,,237,16.7,29.6,993.9,47,3,2
2025-10-22 14:00:00+01:00,12.6,70,0.0,,237,18.5,29.6,993.7,48,3,2
2025-10-22 15:00:00+01:00,12.8,68,0.0,,237,16.7,29.6,993.4,47,3,2
2025-10-22 16:00:00+01:00,12.7,68,0.0,,234,14.8,25.9,993.1,43,3,2
2025-10-22 17:00:00+01:00,12.4,67,0.0,,231,11.1,20.4,992.8,31,3,2
2025-10-22 18:00:00+01:00,11.3,71,0.0,,234,7.4,16.7,992.6,20,4,2
2025-10-22 19:00:00+01:00,9.0,82,0.0,,258,5.5,13.0,992.4,6,4,2
2025-10-22 20:00:00+01:00,8.6,83,0.0,,272,5.5,13.0,992.0,0,5,2
2025-10-22 21:00:00+01:00,8.2,84,0.0,,276,5.5,13.0,991.5,0,5,2
2025-10-22 22:00:00+01:00,7.6,85,0.0,,277,5.5,13.0,991.2,0,4,2
2025-10-22 23:00:00+01:00,7.2,90,0.0,,287,5.5,13.0,990.4,0,6,4
2025-10-23 00:00:00+01:00,6.8,91,0.0,,295,7.4,13.0,989.6,0,6,3
2025-10-23 01:00:00+01:00,6.6,93,0.0,,310,7.4,14.8,988.8,0,5,2
2025-10-23 02:00:00+01:00,6.4,95,0.0,,321,7.4,14.8,988.2,0,5,4
2025-10-23 03:00:00+01:00,6.4,95,0.0,,328,7.4,16.7,987.7,0,6,4
2025-10-23 04:00:00+01:00,6.5,96,0.0,,325,9.3,16.7,987.2,0,7,4
2025-10-23 05:00:00+01:00,6.9,91,0.0,,338,9.3,18.5,986.4,0,7,4
2025-10-23 06:00:00+01:00,6.8,91,0.0,,335,11.1,18.5,986.2,0,7,4
2025-10-23 07:00:00+01:00,6.8,91,0.2,,331,13.0,22.2,986.3,0,7,7
2025-10-23 08:00:00+01:00,7.0,92,0.3,,335,13.0,22.2,986.5,0,7,7
2025-10-23 09:00:00+01:00,7.3,91,0.3,,330,13.0,24.1,986.8,1,8,7
2025-10-23 10:00:00+01:00,7.8,88,0.3,,329,14.8,25.9,987.1,1,8,7
2025-10-23 11:00:00+01:00,9.2,82,0.3,,319,14.8,27.8,987.6,5,6,7
2025-10-23 12:00:00+01:00,10.1,78,0.3,,318,16.7,29.6,987.9,7,6,7
2025-10-23 13:00:00+01:00,10.2,76,0.3,,317,18.5,31.5,988.2,8,7,7
2025-10-23 14:00:00+01:00,10.3,75,0.1,,313,18.5,33.3,988.6,9,8,7
2025-10-23 15:00:00+01:00,10.3,74,0.1,,310,18.5,33.3,988.8,13,8,7
2025-10-23 16:00:00+01:00,10.4,72,0.1,,303,18.5,33.3,989.0,12,8,7
2025-10-23 17:00:00+01:00,9.7,74,0.2,,300,18.5,33.3,989.4,6,6,7
2025-10-23 18:00:00+01:00,9.1,72,0.2,,293,18.5,33.3,990.1,2,7,7
2025-10-23 19:00:00+01:00,8.4,75,0.0,,285,16.7,31.5,990.5,0,5,3
2025-10-23 20:00:00+01:00,8.1,74,0.0,,278,18.5,33.3,990.7,0,4,2
2025-10-23 21:00:00+01:00,8.0,74,0.0,,275,18.5,33.3,991.1,0,4,2
2025-10-23 22:00:00+01:00,7.6,75,0.0,,271,18.5,31.5,991.3,0,4,2
2025-10-23 23:00:00+01:00,6.7,80,0.0,,266,18.5,31.5,991.4,0,4,2
2025-10-24 00:00:00+01:00,6.6,81,0.0,,264,18.5,31.5,991.4,0,4,2
2025-10-24 01:00:00+01:00,6.5,82,0.0,,266,18.5,31.5,991.3,0,3,2
2025-10-24 02:00:00+01:00,6.5,82,0.0,,264,18.5,31.5,991.2,0,3,2
2025-10-24 03:00:00+01:00,6.4,84,0.0,,264,18.5,31.5,991.2,0,3,2
2025-10-24 04:00:00+01:00,6.6,82,0.0,,263,18.5,29.6,991.3,0,3,2
2025-10-24 05:00:00+01:00,6.5,82,0.0,,262,18.5,29.6,991.0,0,3,2
2025-10-24 06:00:00+01:00,6.6,82,0.0,,262,18.5,29.6,991.1,0,4,2
2025-10-24 07:00:00+01:00,6.6,82,0.0,,264,18.5,29.6,991.1,0,3,2
2025-10-24 08:00:00+01:00,6.6,84,0.0,,263,16.7,29.6,991.2,0,3,2
2025-10-24 09:00:00+01:00,6.8,85,0.0,,265,16.7,29.6,991.1,6,3,2
2025-10-24 10:00:00+01:00,7.7,80,0.0,,267,18.5,31.5,991.1,15,4,2
2025-10-24 11:00:00+01:00,8.5,75,0.0,,265,20.4,33.3,992.1,20,3,2
2025-10-24 12:00:00+01:00,9.6,73,0.0,,268,22.2,35.2,992.2,21,3,2
2025-10-24 13:00:00+01:00,9.8,72,0.0,,270,22.2,37.0,992.0,20,4,2
2025-10-24 14:00:00+01:00,9.9,71,0.3,,270,24.1,38.9,991.7,16,4,7
2025-10-24 15:00:00+01:00,9.7,72,0.5,,269,22.2,38.9,991.3,10,6,7
2025-10-24 16:00:00+01:00,9.9,72,0.7,,267,22.2,38.9,991.1,7,7,7
2025-10-24 17:00:00+01:00,9.1,78,0.6,,270,24.1,40.8,990.9,1,7,7
2025-10-24 18:00:00+01:00,9.0,78,0.6,,268,22.2,38.9,990.9,0,8,7
2025-10-24 19:00:00+01:00,9.1,78,0.7,,278,22.2,38.9,990.9,0,8,8
2025-10-24 20:00:00+01:00,9.1,79,1.1,,281,22.2,40.8,990.9,0,8,8
2025-10-24 21:00:00+01:00,9.1,82,1.1,,282,22.2,38.9,991.3,0,8,8
2025-10-24 22:00:00+01:00,9.3,83,1.1,,291,22.2,38.9,991.7,0,8,8
2025-10-24 23:00:00+01:00,8.7,84,1.2,,289,20.4,37.0,992.1,0,8,8
2025-10-25 00:00:00+01:00,8.7,84,1.0,,298,20.4,37.0,992.8,0,8,8
2025-10-25 01:00:00+01:00,8.6,83,0.9,,303,22.2,37.0,993.5,0,8,7
2025-10-25 02:00:00+01:00,8.4,85,0.6,,303,22.2,37.0,994.3,0,8,7
2025-10-25 03:00:00+01:00,8.3,83,0.4,,300,22.2,37.0,995.1,0,8,7
2025-10-25 04:00:00+01:00,8.1,79,0.2,,296,20.4,33.3,995.9,0,8,7
2025-10-25 05:00:00+01:00,7.7,81,1.1,,294,20.4,33.3,996.8,0,8,7
2025-10-25 06:00:00+01:00,7.3,77,0.0,,292,20.4,33.3,997.9,0,6,4
2025-10-25 07:00:00+01:00,6.8,76,0.0,,290,20.4,35.2,998.6,0,5,4
2025-10-25 08:00:00+01:00,6.6,74,0.0,,286,20.4,33.3,999.3,0,4,3
2025-10-25 09:00:00+01:00,6.7,73,0.0,,284,20.4,35.2,999.8,17,4,2
2025-10-25 10:00:00+01:00,7.2,69,0.0,,286,22.2,37.0,1000.4,33,4,2
2025-10-25 11:00:00+01:00,7.9,66,0.0,,292,22.2,37.0,1001.1,49,4,1
2025-10-25 12:00:00+01:00,8.7,60,0.0,,294,24.1,40.8,1001.6,53,4,2
2025-10-25 13:00:00+01:00,9.0,57,0.0,,294,25.9,42.6,1001.6,55,4,2
2025-10-25 14:00:00+01:00,9.0,55,0.0,,294,25.9,42.6,1001.3,55,3,2
2025-10-25 15:00:00+01:00,9.2,53,0.0,,293,24.1,42.6,1001.2,55,3,2
2025-10-25 16:00:00+01:00,9.3,53,0.0,,291,22.2,38.9,1001.2,50,2,1
2025-10-25 17:00:00+01:00,8.7,54,0.0,,287,22.2,38.9,1001.4,38,2,2
2025-10-25 18:00:00+01:00,7.9,57,0.0,,283,18.5,35.2,1001.8,26,2,1
2025-10-25 19:00:00+01:00,6.8,61,0.0,,281,18.5,33.3,1002.1,14,2,1
2025-10-25 20:00:00+01:00,6.2,64,0.0,,281,18.5,33.3,1002.4,0,2,1
2025-10-25 21:00:00+01:00,5.8,66,0.0,,279,18.5,33.3,1002.8,0,3,1
2025-10-25 22:00:00+01:00,5.5,66,0.0,,277,18.5,33.3,1003.2,0,2,1
2025-10-25 23:00:00+01:00,4.8,70,0.0,,274,18.5,31.5,1003.5,0,2,1
2025-10-26 00:00:00+01:00,4.8,70,0.0,,274,18.5,33.3,1003.8,0,3,1
2025-10-26 01:00:00+01:00,4.7,71,0.0,,276,18.5,33.3,1004.1,0,2,1
2025-10-26 01:00:00+00:00,4.5,72,0.0,,273,18.5,31.5,1004.5,0,1,1
2025-10-26 02:00:00+00:00,4.5,73,0.0,,273,18.5,31.5,1004.9,0,1,1
2025-10-26 03:00:00+00:00,4.5,72,0.0,,273,18.5,29.6,1005.1,0,1,1
2025-10-26 04:00:00+00:00,4.5,71,0.0,,273,18.5,31.5,1005.0,0,1,1
2025-10-26 05:00:00+00:00,4.2,73,0.0,,272,20.4,33.3,1005.4,0,1,1
2025-10-26 06:00:00+00:00,3.9,74,0.0,,271,20.4,33.3,1005.5,0,1,1
2025-10-26 07:00:00+00:00,3.9,76,0.0,,269,18.5,29.6,1005.4,0,2,1
2025-10-26 08:00:00+00:00,4.1,76,0.0,,269,18.5,31.5,1005.3,12,2,1
2025-10-26 09:00:00+00:00,5.0,74,0.0,,268,18.5,31.5,1005.4,17,2,1
2025-10-26 10:00:00+00:00,5.9,74,0.0,,267,18.5,29.6,1005.5,19,3,1
2025-10-26 11:00:00+00:00,6.8,75,0.0,,267,20.4,33.3,1004.8,16,4,2
2025-10-26 12:00:00+00:00,6.9,78,0.0,,266,20.4,33.3,1003.8,12,7,7
2025-10-26 13:00:00+00:00,6.9,81,0.6,,263,20.4,35.2,1002.4,9,7,7
2025-10-26 14:00:00+00:00,7.0,82,0.8,,255,18.5,31.5,1000.9,3,7,7
2025-10-26 15:00:00+00:00,7.5,82,0.8,,244,16.7,29.6,999.7,2,8,7
2025-10-26 16:00:00+00:00,7.9,83,0.8,,241,16.7,27.8,997.9,2,7,7
2025-10-26 17:00:00+00:00,8.5,85,0.6,,247,16.7,27.8,996.7,5,6,7
2025-10-26 18:00:00+00:00,9.1,80,0.6,,256,18.5,31.5,995.8,0,5,7
2025-10-26 19:00:00+00:00,9.0,79,0.4,,261,20.4,33.3,995.4,0,4,4
2025-10-26 20:00:00+00:00,8.9,77,0.3,,259,20.4,33.3,995.3,0,4,2
2025-10-26 21:00:00+00:00,8.9,76,0.2,,257,20.4,35.2,995.4,0,3,2
2025-10-26 22:00:00+00:00,8.5,77,0.0,,257,22.2,35.2,994.7,0,3,2
2025-10-26 23:00:00+00:00,8.0,79,0.0,,258,22.2,35.2,994.2,0,3,2
2025-10-27 00:00:00+00:00,8.3,77,0.0,,261,22.2,37.0,994.0,0,3,2
2025-10-27 01:00:00+00:00,8.2,76,0.0,,262,22.2,37.0,993.6,0,3,2
2025-10-27 02:00:00+00:00,8.3,76,0.0,,266,22.2,37.0,993.0,0,3,2
2025-10-27 03:00:00+00:00,8.0,76,0.0,,269,20.4,35.2,993.2,0,4,2
2025-10-27 04:00:00+00:00,7.7,80,0.0,,274,20.4,33.3,993.7,0,4,2
2025-10-27 05:00:00+00:00,7.3,81,0.0,,286,18.5,33.3,995.4,0,4,7
2025-10-27 06:00:00+00:00,6.9,82,0.0,,296,18.5,31.5,996.9,0,4,2
2025-10-27 07:00:00+00:00,6.6,83,0.0,,297,16.7,29.6,998.5,0,4,2
2025-10-27 08:00:00+00:00,6.6,80,0.0,,296,16.7,29.6,999.7,14,4,2
2025-10-27 09:00:00+00:00,7.6,74,0.0,,295,16.7,29.6,1001.2,28,3,1
2025-10-27 10:00:00+00:00,8.8,69,0.0,,295,16.7,29.6,1002.3,45,3,2
2025-10-27 11:00:00+00:00,9.7,64,0.0,,295,18.5,31.5,1003.3,53,2,2
2025-10-27 12:00:00+00:00,10.0,62,0.0,,291,18.5,31.5,1004.1,54,2,2
2025-10-27 13:00:00+00:00,10.0,61,0.0,,288,18.5,31.5,1004.4,54,2,1
2025-10-27 14:00:00+00:00,10.1,60,0.0,,287,16.7,29.6,1004.5,52,2,1
2025-10-27 15:00:00+00:00,10.2,59,0.0,,282,14.8,25.9,1004.5,47,1,1
2025-10-27 16:00:00+00:00,9.8,62,0.0,,275,13.0,22.2,1004.7,35,2,2
2025-10-27 17:00:00+00:00,8.7,66,0.0,,267,9.3,18.5,1004.6,21,2,2
2025-10-27 18:00:00+00:00,7.9,71,0.0,,260,7.4,16.7,1004.3,0,3,2
2025-10-27 19:00:00+00:00,7.5,74,0.0,,253,7.4,14.8,1003.6,0,4,2
2025-10-27 20:00:00+00:00,7.4,76,0.0,,230,7.4,14.8,1002.7,0,6,4
2025-10-27 21:00:00+00:00,7.4,77,0.0,,227,7.4,14.8,1001.9,0,8,7
2025-10-27 22:00:00+00:00,6.9,84,0.7,,223,7.4,14.8,1000.9,0,6,7
2025-10-27 23:00:00+00:00,7.1,87,0.7,,213,7.4,14.8,999.4,0,6,7
2025-10-28 00:00:00+00:00,7.4,88,0.7,,210,9.3,16.7,998.2,0,7,7
2025-10-28 01:00:00+00:00,7.8,87,0.2,,223,13.0,20.4,997.3,0,7,7
2025-10-28 02:00:00+00:00,8.4,84,0.2,,233,14.8,25.9,997.1,0,5,7
2025-10-28 03:00:00+00:00,8.9,82,0.2,,239,16.7,27.8,997.0,0,5,4
2025-10-28 04:00:00+00:00,8.5,84,0.4,,239,18.5,31.5,995.7,0,4,2
2025-10-28 05:00:00+00:00,8.6,82,0.0,,242,20.4,33.3,995.6,0,4,2
2025-10-28 06:00:00+00:00,8.6,81,0.0,,242,22.2,35.2,995.8,0,4,2
2025-10-28 07:00:00+00:00,8.8,80,0.0,,243,24.1,37.0,995.7,0,4,2
2025-10-28 08:00:00+00:00,9.3,78,0.0,,244,25.9,40.8,996.0,11,4,2
2025-10-28 09:00:00+00:00,10.3,74,0.0,,245,27.8,44.5,996.2,22,4,2
2025-10-28 10:00:00+00:00,11.4,71,0.0,,247,29.6,48.2,996.4,34,4,2
2025-10-28 11:00:00+00:00,12.0,68,0.0,,249,31.5,51.8,996.4,39,4,2
2025-10-28 12:00:00+00:00,12.1,67,0.0,,250,31.5,51.8,996.4,40,5,2
2025-10-28 13:00:00+00:00,12.1,66,0.0,,250,31.5,50.0,996.5,43,4,2
2025-10-28 14:00:00+00:00,12.0,66,0.0,,251,29.6,48.2,996.7,40,4,2
2025-10-28 15:00:00+00:00,11.8,66,0.0,,249,27.8,46.3,997.0,37,4,2
2025-10-28 16:00:00+00:00,11.8,67,0.0,,249,25.9,42.6,997.2,29,4,2
2025-10-28 17:00:00+00:00,10.9,70,0.0,,245,20.4,37.0,997.7,17,4,2
2025-10-28 18:00:00+00:00,10.1,74,0.0,,245,18.5,31.5,998.2,0,3,2
2025-10-28 19:00:00+00:00,9.8,74,0.0,,240,16.7,27.8,998.2,0,3,2
2025-10-28 20:00:00+00:00,9.5,75,0.0,,232,14.8,25.9,998.2,0,3,2
2025-10-28 21:00:00+00:00,9.2,76,0.0,,230,13.0,24.1,998.2,0,3,2
2025-10-28 22:00:00+00:00,8.8,80,0.0,,227,13.0,24.1,997.9,0,3,2
2025-10-28 23:00:00+00:00,8.8,79,0.0,,222,13.0,22.2,997.4,0,4,2
2025-10-29 00:00:00+00:00,8.8,79,0.0,,220,13.0,22.2,997.1,0,4,2
2025-10-29 01:00:00+00:00,8.9,78,0.0,,223,13.0,22.2,996.7,0,4,2
2025-10-29 02:00:00+00:00,9.0,78,0.0,,222,13.0,22.2,996.2,0,4,2
2025-10-29 03:00:00+00:00,8.8,78,0.0,,220,13.0,20.4,995.8,0,5,2
2025-10-29 04:00:00+00:00,8.6,78,0.0,,220,13.0,22.2,995.3,0,4,2
2025-10-29 05:00:00+00:00,8.5,77,0.0,,223,13.0,22.2,995.1,0,4,2
2025-10-29 06:00:00+00:00,8.1,76,0.0,,228,13.0,22.2,995.1,0,4,2
2025-10-29 07:00:00+00:00,8.1,78,0.0,,227,13.0,22.2,994.8,0,4,2
2025-10-29 08:00:00+00:00,8.2,78,0.0,,224,13.0,24.1,994.8,12,3,1
2025-10-29 09:00:00+00:00,8.8,76,0.0,,222,14.8,24.1,994.7,23,3,1
2025-10-29 10:00:00+00:00,9.4,74,0.0,,220,14.8,27.8,994.5,33,3,2
2025-10-29 11:00:00+00:00,10.3,72,0.0,,223,18.5,31.5,994.2,38,3,2
2025-10-29 12:00:00+00:00,11.1,68,0.0,,227,20.4,33.3,994.0,39,4,2
2025-10-29 13:00:00+00:00,11.2,67,0.0,,230,20.4,35.2,993.6,41,5,2
2025-10-29 14:00:00+00:00,11.2,68,0.0,,231,20.4,35.2,993.4,38,4,2
2025-10-29 15:00:00+00:00,10.9,68,0.0,,231,18.5,31.5,993.3,34,4,2
2025-10-29 16:00:00+00:00,10.6,67,0.0,,229,14.8,25.9,992.9,31,3,2
2025-10-29 17:00:00+00:00,9.2,73,0.0,,232,11.1,22.2,993.3,20,3,2
2025-10-29 18:00:00+00:00,7.6,80,0.0,,243,9.3,16.7,993.4,0,3,2
2025-10-29 19:00:00+00:00,7.3,80,0.0,,251,7.4,14.8,993.6,0,3,2
2025-10-29 20:00:00+00:00,6.9,81,0.0,,254,7.4,14.8,993.9,0,3,2
2025-10-29 21:00:00+00:00,6.3,83,0.0,,259,7.4,14.8,994.2,0,3,2
2025-10-29 22:00:00+00:00,5.0,89,0.0,,265,9.3,16.7,994.9,0,3,2
2025-10-29 23:00:00+00:00,4.7,89,0.0,,269,9.3,16.7,995.5,0,3,2
2025-10-30 00:00:00+00:00,4.4,89,0.0,,275,11.1,18.5,996.3,0,3,2
2025-10-30 01:00:00+00:00,4.2,90,0.0,,272,11.1,18.5,997.4,0,3,1
2025-10-30 02:00:00+00:00,4.0,91,0.0,,272,11.1,20.4,998.4,0,2,1
2025-10-30 03:00:00+00:00,3.9,89,0.0,,273,11.1,20.4,999.4,0,2,1
2025-10-30 04:00:00+00:00,3.8,89,0.0,,275,11.1,20.4,1000.1,0,2,1
2025-10-30 05:00:00+00:00,3.6,89,0.0,,273,11.1,20.4,1001.2,0,2,1
2025-10-30 06:00:00+00:00,3.4,91,0.0,,271,11.1,20.4,1002.1,0,2,1
2025-10-30 07:00:00+00:00,3.3,94,0.0,,268,9.3,18.5,1003.0,0,3,1
2025-10-30 08:00:00+00:00,3.3,96,0.0,,259,9.3,16.7,1003.8,9,3,1
2025-10-30 09:00:00+00:00,4.2,97,0.0,,257,7.4,14.8,1004.5,16,3,1
2025-10-30 10:00:00+00:00,5.8,92,0.0,,244,7.4,14.8,1005.1,22,2,2
2025-10-30 11:00:00+00:00,7.4,86,0.0,,215,7.4,14.8,1005.1,24,2,2
2025-10-30 12:00:00+00:00,8.4,82,0.0,,199,7.4,14.8,1004.9,23,3,2
2025-10-30 13:00:00+00:00,9.2,79,0.0,,169,9.3,16.7,1004.5,20,3,2
2025-10-30 14:00:00+00:00,9.4,78,0.0,,151,11.1,18.5,1004.0,13,4,2
2025-10-30 15:00:00+00:00,9.7,77,0.0,,146,11.1,18.5,1003.5,5,6,3
2025-10-30 16:00:00+00:00,9.7,78,0.0,,147,11.1,20.4,1003.0,0,6,4
2025-10-30 17:00:00+00:00,9.5,79,0.0,,141,13.0,22.2,1002.5,0,7,4
2025-10-30 18:00:00+00:00,9.5,82,0.0,,139,13.0,22.2,1001.9,0,8,4
2025-10-30 19:00:00+00:00,9.7,82,0.0,,140,14.8,24.1,1001.2,0,8,4
2025-10-30 20:00:00+00:00,10.1,81,0.0,,144,16.7,27.8,1000.2,0,8,4
2025-10-30 21:00:00+00:00,10.3,81,0.0,,152,18.5,29.6,999.2,0,8,4
2025-10-30 22:00:00+00:00,9.8,82,0.0,,155,18.5,29.6,998.3,0,8,4
2025-10-30 23:00:00+00:00,10.3,80,0.1,,158,18.5,31.5,997.1,0,8,7
2025-10-31 00:00:00+00:00,10.6,80,0.1,,162,18.5,31.5,996.1,0,8,7
2025-10-31 01:00:00+00:00,10.9,80,0.2,,168,18.5,29.6,995.7,0,8,7
2025-10-31 02:00:00+00:00,11.3,80,0.2,,176,18.5,31.5,995.5,0,7,7
2025-10-31 03:00:00+00:00,11.6,80,0.2,,186,16.7,27.8,995.1,0,6,7
2025-10-31 04:00:00+00:00,11.5,82,0.5,,188,16.7,25.9,994.5,0,6,7
2025-10-31 05:00:00+00:00,11.7,82,0.0,,189,16.7,25.9,995.0,0,5,4
2025-10-31 06:00:00+00:00,11.7,83,0.0,,192,14.8,25.9,995.3,0,6,4
2025-10-31 07:00:00+00:00,11.8,84,0.0,,191,14.8,25.9,995.8,0,6,4
2025-10-31 08:00:00+00:00,11.8,85,0.0,,189,14.8,24.1,996.1,3,7,4
2025-10-31 09:00:00+00:00,12.4,84,0.0,,186,14.8,24.1,996.3,9,8,4
2025-10-31 10:00:00+00:00,12.6,87,0.0,,176,16.7,27.8,996.2,13,6,4
2025-10-31 11:00:00+00:00,13.2,84,0.0,,177,18.5,29.6,995.6,18,6,4
2025-10-31 12:00:00+00:00,13.7,82,0.0,,175,20.4,31.5,995.0,20,6,4
2025-10-31 13:00:00+00:00,14.0,82,0.0,,174,22.2,35.2,994.3,20,7,4
2025-10-31 14:00:00+00:00,14.1,81,0.0,,172,22.2,37.0,993.3,14,7,4
2025-10-31 15:00:00+00:00,14.3,79,0.0,,172,22.2,37.0,992.3,10,8,4
2025-10-31 16:00:00+00:00,14.0,82,0.0,,177,20.4,37.0,991.6,4,6,4
2025-10-31 17:00:00+00:00,13.8,83,0.0,,181,20.4,35.2,991.5,3,6,4
2025-10-31 18:00:00+00:00,13.5,83,0.0,,189,18.5,33.3,991.2,0,6,4
2025-10-31 19:00:00+00:00,13.4,81,0.0,,193,18.5,31.5,991.4,0,6,4
2025-10-31 20:00:00+00:00,13.3,80,0.0,,196,16.7,29.6,991.8,0,6,4
2025-10-31 21:00:00+00:00,12.9,80,0.0,,199,16.7,29.6,992.2,0,5,3
2025-10-31 22:00:00+00:00,12.4,81,0.0,,197,14.8,25.9,991.9,0,6,3
2025-10-31 23:00:00+00:00,11.9,84,0.0,,192,14.8,25.9,991.7,0,6,3
2025-11-01 00:00:00+00:00,12.0,84,0.5,,186,14.8,25.9,991.4,0,7,3
2025-11-01 01:00:00+00:00,12.0,83,0.2,,182,14.8,25.9,990.4,0,7,7
2025-11-01 02:00:00+00:00,12.1,84,0.2,,182,16.7,29.6,989.4,0,6,7
2025-11-01 03:00:00+00:00,12.2,81,0.2,,184,18.5,29.6,988.4,0,6,4
2025-11-01 04:00:00+00:00,11.9,81,0.2,,194,20.4,31.5,987.3,0,5,7
2025-11-01 05:00:00+00:00,12.3,75,0.2,,199,25.9,38.9,986.8,0,5,7
2025-11-01 06:00:00+00:00,12.2,73,0.2,,205,27.8,44.5,986.7,0,6,7
2025-11-01 07:00:00+00:00,12.1,74,0.0,,209,29.6,46.3,986.9,0,6,7
2025-11-01 08:00:00+00:00,12.1,75,0.0,,212,31.5,48.2,987.7,3,7,7
2025-11-01 09:00:00+00:00,12.1,74,0.0,,217,29.6,46.3,988.4,6,7,7
2025-11-01 10:00:00+00:00,12.4,74,0.0,,217,29.6,44.5,989.0,17,6,3
2025-11-01 11:00:00+00:00,12.6,73,0.0,,223,29.6,44.5,990.2,22,6,3
2025-11-01 12:00:00+00:00,12.4,72,0.0,,229,27.8,44.5,991.5,24,6,3
2025-11-01 13:00:00+00:00,12.0,72,0.0,,233,27.8,42.6,992.8,27,6,3
2025-11-01 14:00:00+00:00,11.8,71,0.0,,233,25.9,40.8,994.0,27,4,3
2025-11-01 15:00:00+00:00,11.4,69,0.0,,232,24.1,37.0,995.1,27,4,2
2025-11-01 16:00:00+00:00,11.1,68,0.0,,229,20.4,35.2,996.3,22,3,2
2025-11-01 17:00:00+00:00,9.9,70,0.0,,229,16.7,29.6,997.2,12,3,2
2025-11-01 18:00:00+00:00,8.4,74,0.0,,233,13.0,24.1,998.0,0,3,2
2025-11-01 19:00:00+00:00,8.3,73,0.0,,229,11.1,20.4,998.6,0,3,2
2025-11-01 20:00:00+00:00,8.1,73,0.0,,221,11.1,18.5,999.1,0,2,2
2025-11-01 21:00:00+00:00,7.6,75,0.0,,221,11.1,18.5,999.5,0,2,1
2025-11-01 22:00:00+00:00,6.6,80,0.0,,218,11.1,18.5,999.8,0,2,1
2025-11-01 23:00:00+00:00,6.5,79,0.0,,215,9.3,18.5,999.5,0,3,2
2025-11-02 00:00:00+00:00,6.2,81,0.0,,212,9.3,18.5,999.3,0,3,2
2025-11-02 01:00:00+00:00,6.2,82,0.0,,212,11.1,18.5,999.2,0,4,2
2025-11-02 02:00:00+00:00,6.2,82,0.0,,205,11.1,20.4,999.1,0,4,2
2025-11-02 03:00:00+00:00,6.4,82,0.0,,201,11.1,18.5,998.7,0,6,2
2025-11-02 04:00:00+00:00,6.3,82,0.0,,201,11.1,18.5,998.5,0,5,4
2025-11-02 05:00:00+00:00,6.2,85,0.0,,202,11.1,18.5,998.6,0,5,4
2025-11-02 06:00:00+00:00,6.2,85,0.0,,208,11.1,18.5,999.0,0,5,4
2025-11-02 07:00:00+00:00,6.2,86,0.0,,211,11.1,18.5,999.5,0,5,4
2025-11-02 08:00:00+00:00,6.3,87,0.0,,216,11.1,18.5,1000.0,8,4,4
2025-11-02 09:00:00+00:00,7.2,84,0.0,,219,13.0,22.2,1000.3,19,4,2
2025-11-02 10:00:00+00:00,8.1,84,0.0,,221,14.8,25.9,1000.6,34,3,2
2025-11-02 11:00:00+00:00,9.2,79,0.0,,226,18.5,31.5,1000.9,41,2,2
2025-11-02 12:00:00+00:00,10.0,74,0.0,,231,22.2,35.2,1001.1,43,2,1
2025-11-02 13:00:00+00:00,10.4,71,0.0,,233,22.2,37.0,1001.3,45,2,1
2025-11-02 14:00:00+00:00,10.9,69,0.0,,233,22.2,38.9,1001.5,42,2,1
2025-11-02 15:00:00+00:00,10.9,68,0.0,,230,22.2,37.0,1001.9,38,2,1
2025-11-02 16:00:00+00:00,10.8,68,0.0,,227,20.4,35.2,1002.1,27,3,2
2025-11-02 17:00:00+00:00,9.9,71,0.0,,226,18.5,31.5,1002.7,13,3,2
2025-11-02 18:00:00+00:00,9.3,74,0.0,,228,16.7,27.8,1003.2,0,3,2
2025-11-02 19:00:00+00:00,9.0,74,0.0,,224,14.8,27.8,1003.7,0,5,2
2025-11-02 20:00:00+00:00,8.9,74,0.0,,220,14.8,25.9,1003.8,0,5,3
2025-11-02 21:00:00+00:00,8.9,75,0.0,,219,16.7,27.8,1003.9,0,5,3
2025-11-02 22:00:00+00:00,8.4,79,0.0,,215,16.7,25.9,1003.9,0,5,4
2025-11-02 23:00:00+00:00,8.8,79,0.0,,212,16.7,25.9,1003.4,0,7,4
2025-11-03 00:00:00+00:00,9.2,80,0.0,,206,18.5,27.8,1002.9,0,8,7
2025-11-03 01:00:00+00:00,9.5,83,0.4,,206,18.5,29.6,1002.2,0,8,7
2025-11-03 02:00:00+00:00,10.0,84,0.4,,204,18.5,31.5,1001.3,0,8,7
2025-11-03 03:00:00+00:00,10.7,84,0.4,,205,20.4,31.5,1000.2,0,8,7
2025-11-03 04:00:00+00:00,11.1,82,0.1,,206,22.2,37.0,999.3,0,8,7
2025-11-03 05:00:00+00:00,11.9,82,0.1,,205,25.9,38.9,998.8,0,8,7
2025-11-03 06:00:00+00:00,12.4,82,0.1,,207,27.8,40.8,998.3,0,8,7
2025-11-03 07:00:00+00:00,13.0,82,0.1,,210,27.8,42.6,998.1,0,8,7
2025-11-03 08:00:00+00:00,13.7,82,0.1,,214,27.8,44.5,998.3,1,8,7
2025-11-03 09:00:00+00:00,14.5,80,0.1,,219,27.8,44.5,998.4,2,8,7
2025-11-03 10:00:00+00:00,14.8,80,0.1,,218,27.8,46.3,998.6,4,8,7
2025-11-03 11:00:00+00:00,15.1,82,0.1,,217,29.6,46.3,999.0,5,8,7
2025-11-03 12:00:00+00:00,15.6,80,0.1,,219,31.5,50.0,999.3,6,8,7
2025-11-03 13:00:00+00:00,15.6,80,0.1,,219,31.5,50.0,999.1,6,8,7
2025-11-03 14:00:00+00:00,15.6,80,0.0,,218,31.5,51.8,999.1,4,8,4
2025-11-03 15:00:00+00:00,15.6,79,0.1,,217,31.5,51.8,999.0,2,8,7
2025-11-03 16:00:00+00:00,15.4,81,0.1,,215,31.5,51.8,999.3,0,8,7
2025-11-03 17:00:00+00:00,15.4,81,0.1,,214,31.5,51.8,999.2,0,8,7
2025-11-03 18:00:00+00:00,15.6,80,0.1,,215,33.3,51.8,999.1,0,8,7
2025-11-03 19:00:00+00:00,15.5,80,0.3,,214,33.3,53.7,999.0,0,8,7
2025-11-03 20:00:00+00:00,15.6,79,0.3,,215,33.3,53.7,999.0,0,8,7
2025-11-03 21:00:00+00:00,15.6,79,0.3,,216,35.2,55.5,999.2,0,8,7
2025-11-03 22:00:00+00:00,15.4,80,0.3,,217,33.3,53.7,999.2,0,8,7
2025-11-03 23:00:00+00:00,15.6,80,0.3,,217,33.3,51.8,999.5,0,8,7
2025-11-04 00:00:00+00:00,15.7,79,0.3,,217,33.3,51.8,999.7,0,8,7
2025-11-04 01:00:00+00:00,15.8,78,0.2,,217,31.5,48.2,999.8,0,8,7
2025-11-04 02:00:00+00:00,15.9,77,0.2,,216,29.6,46.3,1000.3,0,8,7
2025-11-04 03:00:00+00:00,15.9,78,0.1,,216,27.8,44.5,1000.5,0,8,7
2025-11-04 04:00:00+00:00,15.7,77,0.1,,215,25.9,40.8,1000.4,0,7,7
2025-11-04 05:00:00+00:00,15.7,77,0.1,,211,24.1,37.0,1001.0,0,7,7
2025-11-04 06:00:00+00:00,15.6,77,0.1,,209,22.2,35.2,1001.4,0,8,7
2025-11-04 07:00:00+00:00,15.5,79,0.5,,207,20.4,33.3,1001.8,0,8,7
2025-11-04 08:00:00+00:00,15.4,80,0.5,,206,20.4,31.5,1002.1,0,8,7
2025-11-04 09:00:00+00:00,15.1,84,0.5,,209,18.5,29.6,1002.3,0,8,7
2025-11-04 10:00:00+00:00,15.1,85,0.5,,205,16.7,27.8,1002.7,0,8,7
2025-11-04 11:00:00+00:00,15.2,85,0.5,,206,18.5,31.5,1002.6,1,8,7
2025-11-04 12:00:00+00:00,15.1,86,0.5,,208,18.5,31.5,1002.4,3,8,7
2025-11-04 13:00:00+00:00,15.2,85,0.3,,210,20.4,33.3,1002.3,5,8,7
2025-11-04 14:00:00+00:00,15.2,84,0.2,,209,20.4,33.3,1002.3,6,8,7
2025-11-04 15:00:00+00:00,15.3,82,0.0,,207,20.4,33.3,1002.1,4,8,4
2025-11-04 16:00:00+00:00,15.1,82,0.0,,205,18.5,33.3,1001.8,0,7,4
2025-11-04 17:00:00+00:00,14.8,83,0.0,,202,16.7,29.6,1001.9,0,7,4
2025-11-04 18:00:00+00:00,14.1,87,0.0,,199,14.8,25.9,1001.9,0,8,4
2025-11-04 19:00:00+00:00,14.1,86,0.0,,195,13.0,24.1,1002.1,0,8,4
2025-11-04 20:00:00+00:00,14.0,87,0.0,,196,13.0,22.2,1002.3,0,8,4
2025-11-04 21:00:00+00:00,13.9,87,0.0,,201,11.1,20.4,1002.2,0,8,4
2025-11-04 22:00:00+00:00,13.8,88,0.0,,202,9.3,16.7,1002.5,0,8,7
2025-11-04 23:00:00+00:00,13.5,88,0.0,,208,7.4,14.8,1002.5,0,7,7
2025-11-05 00:00:00+00:00,13.2,89,0.0,,217,7.4,14.8,1002.7,0,8,4
2025-11-05 01:00:00+00:00,12.9,89,0.0,,224,7.4,14.8,1002.9,0,7,4
2025-11-05 02:00:00+00:00,12.8,89,0.0,,230,7.4,13.0,1003.0,0,7,4
2025-11-05 03:00:00+00:00,12.9,89,0.0,,228,5.5,13.0,1003.1,0,7,4
2025-11-05 04:00:00+00:00,13.0,87,0.0,,229,5.5,11.1,1002.8,0,7,4
2025-11-05 05:00:00+00:00,13.0,88,0.0,,234,5.5,9.3,1002.9,0,7,4
2025-11-05 06:00:00+00:00,13.2,88,0.0,,232,3.7,11.1,1002.8,0,8,4
2025-11-05 07:00:00+00:00,13.3,88,0.4,,213,3.7,11.1,1002.8,0,8,7
2025-11-05 08:00:00+00:00,13.2,92,0.4,,186,5.5,11.1,1002.8,0,8,7
2025-11-05 09:00:00+00:00,13.5,93,0.5,,179,5.5,13.0,1002.7,0,8,7
2025-11-05 10:00:00+00:00,13.8,96,0.5,,170,7.4,14.8,1002.9,0,8,7
2025-11-05 11:00:00+00:00,14.4,93,0.5,,178,9.3,16.7,1002.6,0,8,7
2025-11-05 12:00:00+00:00,14.9,91,0.6,,186,11.1,18.5,1002.4,0,8,7
2025-11-05 13:00:00+00:00,15.3,89,0.1,,187,11.1,22.2,1002.3,4,8,7
2025-11-05 14:00:00+00:00,15.7,86,0.1,,185,11.1,24.1,1002.3,4,8,7
2025-11-05 15:00:00+00:00,15.7,85,0.1,,185,11.1,24.1,1002.2,2,8,4
2025-11-05 16:00:00+00:00,15.7,84,0.0,,184,13.0,24.1,1001.9,0,7,4
2025-11-05 17:00:00+00:00,15.4,84,0.0,,182,11.1,22.2,1002.2,0,8,4
2025-11-05 18:00:00+00:00,14.6,87,0.0,,183,11.1,20.4,1002.4,0,8,4
2025-11-05 19:00:00+00:00,14.6,86,0.0,,185,11.1,20.4,1002.6,0,8,4
2025-11-05 20:00:00+00:00,14.6,86,0.0,,188,9.3,18.5,1002.9,0,8,4
2025-11-05 21:00:00+00:00,14.6,85,0.0,,192,9.3,18.5,1003.0,0,8,4
2025-11-05 22:00:00+00:00,14.4,87,0.0,,194,9.3,18.5,1003.1,0,8,4
2025-11-05 23:00:00+00:00,14.4,87,0.0,,197,9.3,16.7,1003.0,0,8,4
2025-11-06 00:00:00+00:00,14.2,88,0.0,,200,9.3,16.7,1002.9,0,8,4
2025-11-06 01:00:00+00:00,14.1,88,0.0,,198,9.3,16.7,1002.8,0,8,4
2025-11-06 02:00:00+00:00,13.8,89,0.0,,199,9.3,16.7,1002.7,0,8,4
2025-11-06 03:00:00+00:00,13.9,87,0.0,,199,9.3,16.7,1002.6,0,8,4
2025-11-06 04:00:00+00:00,13.7,87,0.0,,204,7.4,14.8,1002.5,0,8,4
2025-11-06 05:00:00+00:00,13.7,85,0.0,,213,7.4,13.0,1002.4,0,8,4
2025-11-06 06:00:00+00:00,13.5,85,0.0,,220,5.5,13.0,1002.4,0,7,4
2025-11-06 07:00:00+00:00,13.4,83,0.0,,221,7.4,13.0,1002.9,0,7,4
2025-11-06 08:00:00+00:00,13.3,84,0.0,,211,5.5,13.0,1003.3,1,6,4
2025-11-06 09:00:00+00:00,13.4,87,0.0,,205,7.4,13.0,1003.7,5,5,4
2025-11-06 10:00:00+00:00,13.1,94,0.0,,204,9.3,16.7,1003.6,13,4,3
2025-11-06 11:00:00+00:00,13.8,91,0.0,,203,9.3,18.5,1003.5,20,4,2
2025-11-06 12:00:00+00:00,14.4,88,0.0,,200,11.1,18.5,1003.6,21,4,2
2025-11-06 13:00:00+00:00,14.7,87,0.0,,199,11.1,20.4,1003.6,23,4,2
2025-11-06 14:00:00+00:00,14.8,87,0.0,,198,11.1,20.4,1003.6,21,4,2
2025-11-06 15:00:00+00:00,14.8,86,0.0,,197,9.3,18.5,1003.7,14,6,3
2025-11-06 16:00:00+00:00,14.2,87,0.0,,198,7.4,14.8,1003.7,6,4,4
2025-11-06 17:00:00+00:00,13.6,89,0.0,,205,7.4,14.8,1003.9,1,5,4
2025-11-06 18:00:00+00:00,12.6,93,0.0,,231,5.5,13.0,1004.1,0,7,4
2025-11-06 19:00:00+00:00,12.6,91,0.0,,249,5.5,13.0,1004.1,0,7,4
2025-11-06 20:00:00+00:00,12.6,91,0.0,,256,5.5,13.0,1004.2,0,7,4
2025-11-06 21:00:00+00:00,12.4,91,0.0,,259,5.5,13.0,1004.3,0,7,4
2025-11-06 22:00:00+00:00,11.8,96,0.0,,253,5.5,13.0,1004.3,0,7,4
2025-11-06 23:00:00+00:00,11.5,96,0.0,,248,7.4,13.0,1004.1,0,6,4
2025-11-07 00:00:00+00:00,11.2,96,0.0,,248,7.4,14.8,1003.9,0,7,4
2025-11-07 01:00:00+00:00,11.0,95,0.0,,249,7.4,13.0,1003.7,0,7,4
2025-11-07 02:00:00+00:00,10.9,95,0.0,,248,7.4,13.0,1003.5,0,7,4
2025-11-07 03:00:00+00:00,11.0,94,0.0,,238,5.5,13.0,1003.3,0,7,4
2025-11-07 04:00:00+00:00,11.0,92,0.0,,242,5.5,11.1,1003.0,0,7,4
2025-11-07 05:00:00+00:00,11.1,91,0.0,,245,5.5,11.1,1003.0,0,6,4
2025-11-07 06:00:00+00:00,11.0,91,0.0,,241,5.5,11.1,1003.2,0,7,4
2025-11-07 07:00:00+00:00,11.0,91,0.0,,238,5.5,11.1,1003.3,0,7,4
2025-11-07 08:00:00+00:00,11.0,92,0.0,,230,5.5,11.1,1003.5,1,7,4
2025-11-07 09:00:00+00:00,11.5,92,0.0,,215,5.5,11.1,1003.7,4,6,4
2025-11-07 10:00:00+00:00,11.9,94,0.0,,203,7.4,14.8,1003.8,11,5,3
2025-11-07 11:00:00+00:00,12.8,89,0.0,,191,7.4,14.8,1003.6,15,5,4
2025-11-07 12:00:00+00:00,13.4,87,0.0,,181,9.3,16.7,1003.6,18,6,4
2025-11-07 13:00:00+00:00,13.8,84,0.0,,168,9.3,16.7,1003.7,19,6,4
2025-11-07 14:00:00+00:00,13.7,85,0.0,,155,9.3,16.7,1003.6,17,6,4
2025-11-07 15:00:00+00:00,13.5,85,0.0,,141,7.4,16.7,1003.6,11,7,4
2025-11-07 16:00:00+00:00,13.2,86,0.0,,125,7.4,14.8,1003.5,3,7,4
2025-11-07 17:00:00+00:00,12.8,88,0.3,,111,7.4,14.8,1003.8,0,8,7
2025-11-07 18:00:00+00:00,12.3,91,0.3,,97,7.4,14.8,1004.1,0,8,7
2025-11-07 19:00:00+00:00,12.2,92,0.5,,89,7.4,14.8,1004.4,0,8,7
2025-11-07 20:00:00+00:00,12.2,92,0.5,,91,7.4,14.8,1004.7,0,8,7
2025-11-07 21:00:00+00:00,12.2,92,0.5,,92,7.4,14.8,1004.9,0,8,7
2025-11-07 22:00:00+00:00,12.2,94,0.0,,90,7.4,13.0,1005.2,0,8,4
2025-11-07 23:00:00+00:00,12.2,93,0.0,,100,7.4,13.0,1005.3,0,8,4
2025-11-08 00:00:00+00:00,12.1,93,0.0,,108,5.5,13.0,1005.5,0,7,4
2025-11-08 01:00:00+00:00,12.1,91,0.0,,121,5.5,13.0,1005.9,0,7,4
2025-11-08 02:00:00+00:00,12.0,91,0.0,,147,5.5,13.0,1006.3,0,7,4
2025-11-08 03:00:00+00:00,12.0,89,0.0,,155,5.5,11.1,1006.5,0,7,4
2025-11-08 04:00:00+00:00,11.8,89,0.0,,143,5.5,11.1,1006.7,0,8,4
2025-11-08 05:00:00+00:00,11.9,88,0.0,,135,3.7,9.3,1007.1,0,8,4
2025-11-08 06:00:00+00:00,11.9,88,0.0,,165,3.7,11.1,1007.6,0,8,4
2025-11-08 07:00:00+00:00,11.7,88,0.0,,195,3.7,11.1,1008.0,0,8,4
2025-11-08 08:00:00+00:00,11.6,90,0.0,,215,5.5,11.1,1008.5,1,8,4
2025-11-08 09:00:00+00:00,11.7,92,0.0,,213,5.5,13.0,1009.1,5,8,4
2025-11-08 10:00:00+00:00,12.0,91,0.0,,212,7.4,14.8,1009.3,13,7,4
2025-11-08 11:00:00+00:00,12.4,90,0.0,,214,9.3,16.7,1009.4,19,7,4
2025-11-08 12:00:00+00:00,13.0,85,0.0,,220,11.1,20.4,1009.6,24,6,4
2025-11-08 13:00:00+00:00,13.3,83,0.0,,227,13.0,22.2,1009.8,28,6,4
2025-11-08 14:00:00+00:00,13.5,80,0.0,,234,13.0,24.1,1010.2,29,6,4
2025-11-08 15:00:00+00:00,13.2,78,0.0,,239,13.0,22.2,1010.7,27,5,4
2025-11-08 16:00:00+00:00,12.3,79,0.0,,247,13.0,22.2,1011.0,20,4,3
2025-11-08 17:00:00+00:00,11.3,81,0.0,,249,11.1,20.4,1011.5,13,4,2
2025-11-08 18:00:00+00:00,10.4,82,0.0,,255,9.3,18.5,1012.1,0,3,2
2025-11-08 19:00:00+00:00,9.8,82,0.0,,259,9.3,16.7,1012.4,0,3,2
2025-11-08 20:00:00+00:00,9.1,84,0.0,,255,9.3,16.7,1012.8,0,3,1
2025-11-08 21:00:00+00:00,8.7,85,0.0,,253,9.3,16.7,1013.1,0,3,1
2025-11-08 22:00:00+00:00,8.4,84,0.0,,243,9.3,14.8,1012.8,0,3,1
2025-11-08 23:00:00+00:00,8.2,84,0.0,,238,7.4,14.8,1012.8,0,3,1
2025-11-09 00:00:00+00:00,8.0,85,0.0,,237,7.4,14.8,1012.7,0,3,2
2025-11-09 01:00:00+00:00,7.9,85,0.0,,234,7.4,14.8,1012.6,0,3,2
2025-11-09 02:00:00+00:00,7.9,84,0.0,,228,7.4,14.8,1012.3,0,3,2
2025-11-09 03:00:00+00:00,8.1,84,0.0,,224,7.4,13.0,1012.0,0,4,2
2025-11-09 04:00:00+00:00,8.5,83,0.0,,218,7.4,13.0,1011.6,0,4,2
2025-11-09 05:00:00+00:00,8.7,81,0.0,,219,7.4,13.0,1011.5,0,4,2
2025-11-09 06:00:00+00:00,8.7,83,0.0,,219,7.4,13.0,1011.3,0,5,2
2025-11-09 07:00:00+00:00,8.9,84,0.0,,214,7.4,14.8,1011.2,0,5,2
2025-11-09 08:00:00+00:00,8.9,85,0.0,,201,7.4,14.8,1011.1,2,5,2
2025-11-09 09:00:00+00:00,9.5,84,0.0,,195,7.4,14.8,1010.8,6,6,3
2025-11-09 10:00:00+00:00,9.7,88,0.0,,186,9.3,16.7,1010.7,9,4,4
2025-11-09 11:00:00+00:00,10.3,87,0.0,,185,11.1,20.4,1010.2,10,5,4
2025-11-09 12:00:00+00:00,10.9,86,0.0,,188,13.0,22.2,1009.7,10,7,4
2025-11-09 13:00:00+00:00,11.1,87,0.0,,188,13.0,24.1,1009.4,8,7,4
2025-11-09 14:00:00+00:00,11.3,88,0.0,,187,13.0,25.9,1009.0,4,7,4
2025-11-09 15:00:00+00:00,11.5,86,0.0,,186,13.0,24.1,1008.5,1,8,7
2025-11-09 16:00:00+00:00,11.4,88,0.1,,188,11.1,22.2,1008.2,0,7,7
2025-11-09 17:00:00+00:00,11.0,89,0.1,,186,11.1,20.4,1008.1,0,7,7
2025-11-09 18:00:00+00:00,10.9,89,0.1,,188,9.3,18.5,1007.9,0,8,7
2025-11-09 19:00:00+00:00,11.0,88,0.4,,186,9.3,16.7,1007.6,0,8,7
2025-11-09 20:00:00+00:00,11.1,88,0.4,,187,7.4,16.7,1007.3,0,8,7
2025-11-09 21:00:00+00:00,11.1,89,0.4,,188,7.4,14.8,1007.1,0,8,7
2025-11-09 22:00:00+00:00,11.2,91,0.4,,180,7.4,14.8,1006.6,0,8,7
2025-11-09 23:00:00+00:00,11.4,89,0.4,,180,7.4,14.8,1005.9,0,8,7
2025-11-10 00:00:00+00:00,11.4,89,0.4,,173,7.4,14.8,1005.3,0,8,7
2025-11-10 01:00:00+00:00,11.5,89,0.1,,167,7.4,14.8,1004.4,0,8,7
2025-11-10 02:00:00+00:00,11.7,88,0.1,,160,7.4,14.8,1003.5,0,8,7
2025-11-10 03:00:00+00:00,11.9,86,0.2,,151,7.4,14.8,1002.7,0,8,7
2025-11-10 04:00:00+00:00,11.7,88,0.1,,154,7.4,14.8,1001.9,0,8,7
2025-11-10 05:00:00+00:00,11.8,88,0.2,,164,7.4,14.8,1001.3,0,7,7
2025-11-10 06:00:00+00:00,11.8,87,0.2,,179,9.3,16.7,1001.0,0,7,7
2025-11-10 07:00:00+00:00,11.6,87,0.0,,188,9.3,16.7,1000.7,0,7,7
2025-11-10 08:00:00+00:00,11.4,87,0.0,,196,9.3,16.7,1000.7,4,6,4
2025-11-10 09:00:00+00:00,11.6,86,0.0,,201,9.3,18.5,1000.6,11,6,4
2025-11-10 10:00:00+00:00,11.9,87,0.0,,200,13.0,22.2,1000.5,22,5,4
2025-11-10 11:00:00+00:00,12.5,83,0.0,,204,14.8,24.1,1000.2,29,5,4
2025-11-10 12:00:00+00:00,12.8,80,0.0,,207,14.8,24.1,1000.0,31,5,4
2025-11-10 13:00:00+00:00,12.7,79,0.0,,209,14.8,25.9,1000.0,32,5,3
2025-11-10 14:00:00+00:00,12.5,78,0.0,,208,13.0,24.1,999.8,26,5,3
2025-11-10 15:00:00+00:00,12.2,78,0.0,,205,13.0,22.2,999.6,17,7,3
2025-11-10 16:00:00+00:00,12.0,79,0.0,,201,9.3,16.7,999.4,6,5,3
2025-11-10 17:00:00+00:00,11.2,81,0.0,,206,7.4,14.8,999.3,1,7,4
2025-11-10 18:00:00+00:00,9.8,87,0.0,,226,5.5,13.0,999.4,0,8,4
2025-11-10 19:00:00+00:00,9.6,87,0.0,,243,7.4,13.0,999.3,0,8,4
2025-11-10 20:00:00+00:00,9.4,88,0.0,,250,7.4,14.8,999.3,0,8,4
2025-11-10 21:00:00+00:00,9.0,89,0.0,,254,7.4,14.8,999.5,0,8,4
2025-11-10 22:00:00+00:00,8.5,91,0.0,,254,7.4,14.8,999.6,0,7,4
2025-11-10 23:00:00+00:00,8.1,91,0.0,,250,7.4,14.8,999.9,0,6,4
2025-11-11 00:00:00+00:00,7.7,91,0.0,,248,9.3,16.7,1000.2,0,5,4
2025-11-11 01:00:00+00:00,7.5,90,0.0,,246,9.3,16.7,1000.6,0,5,3
2025-11-11 02:00:00+00:00,7.2,89,0.0,,241,9.3,16.7,1000.9,0,4,2
2025-11-11 03:00:00+00:00,7.2,88,0.0,,234,7.4,14.8,1001.2,0,4,2
2025-11-11 04:00:00+00:00,7.4,86,0.0,,233,7.4,13.0,1001.2,0,5,2
2025-11-11 05:00:00+00:00,7.4,86,0.0,,230,7.4,13.0,1001.1,0,5,2
2025-11-11 06:00:00+00:00,7.4,87,0.0,,219,5.5,13.0,1001.0,0,6,2
2025-11-11 07:00:00+00:00,7.5,87,0.0,,211,5.5,13.0,1001.0,0,7,3
2025-11-11 08:00:00+00:00,7.5,88,0.0,,196,5.5,11.1,1000.9,0,8,4
2025-11-11 09:00:00+00:00,8.1,87,1.5,,183,5.5,13.0,1000.5,0,8,7
2025-11-11 10:00:00+00:00,8.2,90,0.3,,161,7.4,14.8,1000.3,0,7,7
2025-11-11 11:00:00+00:00,8.8,91,0.4,,151,9.3,16.7,999.3,0,8,7
2025-11-11 12:00:00+00:00,9.5,92,0.4,,158,11.1,20.4,998.3,0,8,7
2025-11-11 13:00:00+00:00,9.9,94,0.4,,162,13.0,22.2,997.5,0,8,7
2025-11-11 14:00:00+00:00,10.8,92,0.4,,172,14.8,25.9,996.9,0,8,7
2025-11-11 15:00:00+00:00,11.6,89,0.3,,178,14.8,27.8,996.3,0,8,7
2025-11-11 16:00:00+00:00,12.5,88,0.4,,182,16.7,29.6,995.3,0,8,7
2025-11-11 17:00:00+00:00,12.7,87,0.4,,179,16.7,29.6,995.1,0,8,7
2025-11-11 18:00:00+00:00,13.0,85,0.4,,177,18.5,29.6,994.6,0,8,7
2025-11-11 19:00:00+00:00,13.1,84,0.5,,176,18.5,31.5,994.2,0,8,7
2025-11-11 20:00:00+00:00,13.1,85,0.6,,181,20.4,31.5,993.9,0,8,7
2025-11-11 21:00:00+00:00,13.1,85,0.6,,188,20.4,33.3,993.4,0,8,7
2025-11-11 22:00:00+00:00,13.4,86,0.6,,193,20.4,31.5,993.3,0,8,7
2025-11-11 23:00:00+00:00,13.3,86,0.5,,197,20.4,33.3,993.3,0,7,7
2025-11-12 00:00:00+00:00,13.1,85,0.5,,202,20.4,33.3,993.4,0,7,7
2025-11-12 01:00:00+00:00,13.1,83,0.5,,208,18.5,31.5,993.9,0,7,7
2025-11-12 02:00:00+00:00,12.8,82,0.0,,212,18.5,29.6,994.4,0,6,4
2025-11-12 03:00:00+00:00,12.6,81,0.0,,214,16.7,27.8,994.9,0,5,4
2025-11-12 04:00:00+00:00,12.3,79,0.0,,217,14.8,25.9,995.0,0,4,3
2025-11-12 05:00:00+00:00,12.2,78,0.0,,217,14.8,24.1,995.7,0,4,2
2025-11-12 06:00:00+00:00,11.9,78,0.0,,217,13.0,24.1,996.1,0,6,2
2025-11-12 07:00:00+00:00,11.8,78,0.0,,217,13.0,22.2,996.7,0,5,3
2025-11-12 08:00:00+00:00,11.6,79,0.0,,216,13.0,22.2,997.3,2,5,2
2025-11-12 09:00:00+00:00,12.0,78,0.0,,219,11.1,20.4,997.8,6,4,2
2025-11-12 10:00:00+00:00,12.3,79,0.0,,218,13.0,22.2,997.7,11,4,2
2025-11-12 11:00:00+00:00,12.9,78,0.0,,217,13.0,24.1,997.8,15,4,2
2025-11-12 12:00:00+00:00,13.0,79,0.0,,220,13.0,22.2,997.9,18,4,2
2025-11-12 13:00:00+00:00,12.9,80,0.0,,221,11.1,20.4,998.2,18,4,2
2025-11-12 14:00:00+00:00,12.6,81,0.0,,226,11.1,18.5,998.5,15,5,2
2025-11-12 15:00:00+00:00,12.4,81,0.0,,228,7.4,14.8,998.7,11,5,3
2025-11-12 16:00:00+00:00,12.1,81,0.0,,235,5.5,11.1,998.8,5,4,4
2025-11-12 17:00:00+00:00,11.5,83,0.0,,289,5.5,11.1,998.9,1,6,7
2025-11-12 18:00:00+00:00,10.7,87,0.0,,326,5.5,11.1,999.0,0,7,7
2025-11-12 19:00:00+00:00,10.2,89,0.7,,351,7.4,13.0,999.3,0,8,7
2025-11-12 20:00:00+00:00,9.8,92,0.9,,356,7.4,14.8,999.4,0,8,8
2025-11-12 21:00:00+00:00,9.6,92,1.2,,358,9.3,18.5,999.5,0,8,8
2025-11-12 22:00:00+00:00,9.4,94,1.0,,357,9.3,16.7,999.6,0,7,8
2025-11-12 23:00:00+00:00,9.3,94,1.1,,8,9.3,16.7,999.3,0,8,9
2025-11-13 00:00:00+00:00,9.2,95,1.1,,12,11.1,20.4,999.0,0,8,9
2025-11-13 01:00:00+00:00,9.2,97,1.7,,11,11.1,20.4,998.4,0,8,9
2025-11-13 02:00:00+00:00,9.3,98,1.7,,15,11.1,20.4,998.2,0,8,9
2025-11-13 03:00:00+00:00,9.3,98,1.7,,18,11.1,20.4,998.0,0,8,9
2025-11-13 04:00:00+00:00,9.7,94,0.8,,29,11.1,22.2,997.2,0,8,9
2025-11-13 05:00:00+00:00,9.6,97,0.8,,34,13.0,22.2,997.5,0,8,9
2025-11-13 06:00:00+00:00,9.1,100,0.8,,27,13.0,22.2,998.2,0,8,9
2025-11-13 07:00:00+00:00,9.0,99,1.6,,24,13.0,22.2,999.3,0,8,9
2025-11-13 08:00:00+00:00,9.0,97,1.7,,27,14.8,24.1,1000.7,0,8,9
2025-11-13 09:00:00+00:00,8.9,97,1.7,,25,14.8,25.9,1002.1,0,8,9
2025-11-13 10:00:00+00:00,9.0,92,1.7,,25,16.7,29.6,1003.5,0,8,8
2025-11-13 11:00:00+00:00,9.1,88,1.6,,30,18.5,29.6,1004.8,0,8,8
2025-11-13 12:00:00+00:00,8.7,88,1.6,,29,16.7,29.6,1006.1,0,8,8
2025-11-13 13:00:00+00:00,8.4,87,0.5,,30,16.7,29.6,1007.0,0,8,7
2025-11-13 14:00:00+00:00,8.4,85,0.5,,32,14.8,25.9,1007.7,0,8,7
2025-11-13 15:00:00+00:00,8.3,84,0.4,,33,14.8,24.1,1008.3,0,8,7
2025-11-13 16:00:00+00:00,8.1,84,0.4,,31,13.0,24.1,1008.9,0,8,7
2025-11-13 17:00:00+00:00,7.8,86,0.4,,32,13.0,24.1,1009.3,0,8,7
2025-11-13 18:00:00+00:00,7.6,87,0.4,,34,13.0,22.2,1009.6,0,8,7
2025-11-13 19:00:00+00:00,7.4,88,0.4,,32,13.0,24.1,1010.1,0,8,7
2025-11-13 20:00:00+00:00,7.0,91,0.4,,30,13.0,24.1,1010.6,0,8,7
2025-11-13 21:00:00+00:00,6.9,92,0.4,,29,14.8,24.1,1011.0,0,8,7
2025-11-13 22:00:00+00:00,6.8,91,0.4,,37,14.8,25.9,1011.7,0,8,7
2025-11-13 23:00:00+00:00,6.7,92,0.4,,39,16.7,27.8,1011.8,0,8,7
2025-11-14 00:00:00+00:00,6.6,91,0.4,,40,18.5,29.6,1011.8,0,8,7
2025-11-14 01:00:00+00:00,6.6,91,0.4,,39,18.5,29.6,1011.9,0,8,7
2025-11-14 02:00:00+00:00,6.6,91,0.4,,42,18.5,29.6,1011.9,0,8,7
2025-11-14 03:00:00+00:00,6.7,88,0.4,,42,16.7,29.6,1011.8,0,8,8
2025-11-14 04:00:00+00:00,6.5,88,0.8,,43,18.5,29.6,1011.7,0,8,7
2025-11-14 05:00:00+00:00,6.5,87,0.7,,44,18.5,29.6,1011.9,0,8,7
2025-11-14 06:00:00+00:00,6.6,86,0.7,,47,18.5,31.5,1011.9,0,8,7
2025-11-14 07:00:00+00:00,6.5,85,0.2,,49,20.4,31.5,1012.2,0,8,7
2025-11-14 08:00:00+00:00,6.7,84,0.2,,51,20.4,31.5,1012.1,0,8,7
2025-11-14 09:00:00+00:00,7.1,81,0.2,,51,22.2,35.2,1012.1,0,8,7
2025-11-14 10:00:00+00:00,7.5,80,0.2,,49,22.2,37.0,1012.3,0,8,7
2025-11-14 11:00:00+00:00,8.1,76,0.2,,50,24.1,38.9,1012.4,1,8,7
2025-11-14 12:00:00+00:00,8.3,74,0.2,,50,25.9,40.8,1012.2,1,8,7
2025-11-14 13:00:00+00:00,8.3,73,0.1,,50,27.8,42.6,1012.1,0,8,7
2025-11-14 14:00:00+00:00,8.3,71,0.1,,52,27.8,44.5,1012.0,0,8,7
2025-11-14 15:00:00+00:00,8.0,71,0.1,,53,27.8,44.5,1011.7,0,8,7
2025-11-14 16:00:00+00:00,8.0,70,0.1,,55,29.6,46.3,1011.8,0,7,7
2025-11-14 17:00:00+00:00,8.0,70,0.1,,59,29.6,48.2,1012.0,0,6,7
2025-11-14 18:00:00+00:00,7.9,71,0.1,,62,29.6,50.0,1012.0,0,8,7
2025-11-14 19:00:00+00:00,7.5,74,0.2,,64,31.5,50.0,1012.6,0,8,7
2025-11-14 20:00:00+00:00,7.3,75,0.2,,64,29.6,48.2,1013.1,0,8,7
2025-11-14 21:00:00+00:00,7.4,76,0.2,,63,31.5,50.0,1013.2,0,8,7
2025-11-14 22:00:00+00:00,7.6,75,0.2,,62,29.6,48.2,1013.4,0,8,7
2025-11-14 23:00:00+00:00,7.6,76,0.2,,63,29.6,48.2,1013.8,0,8,7
2025-11-15 00:00:00+00:00,7.5,77,0.2,,61,29.6,46.3,1013.9,0,8,7
2025-11-15 01:00:00+00:00,7.6,78,0.0,,60,27.8,44.5,1014.1,0,8,7
2025-11-15 02:00:00+00:00,7.8,77,0.7,,60,27.8,44.5,1014.2,0,8,7
2025-11-15 03:00:00+00:00,8.1,76,0.0,,58,25.9,40.8,1014.2,0,8,7
2025-11-15 04:00:00+00:00,7.6,80,0.3,,61,24.1,38.9,1014.3,0,8,7
2025-11-15 05:00:00+00:00,7.8,79,0.3,,61,24.1,38.9,1014.6,0,8,7
2025-11-15 06:00:00+00:00,8.1,79,0.3,,62,24.1,37.0,1014.7,0,8,7
2025-11-15 07:00:00+00:00,8.2,79,0.3,,63,24.1,37.0,1015.1,0,8,7
2025-11-15 08:00:00+00:00,8.4,80,0.3,,63,24.1,35.2,1015.4,0,8,7
2025-11-15 09:00:00+00:00,8.7,81,0.3,,63,22.2,37.0,1015.7,0,8,7
2025-11-15 10:00:00+00:00,8.6,83,0.3,,62,22.2,37.0,1015.8,0,8,7
2025-11-15 11:00:00+00:00,9.2,82,0.3,,63,22.2,35.2,1015.8,0,8,7
2025-11-15 12:00:00+00:00,9.5,80,0.3,,64,20.4,33.3,1015.7,0,8,7
2025-11-15 13:00:00+00:00,9.5,80,0.1,,65,18.5,31.5,1015.4,0,8,7
2025-11-15 14:00:00+00:00,9.7,78,0.1,,63,18.5,31.5,1015.3,0,8,7
2025-11-15 15:00:00+00:00,9.5,78,0.1,,60,18.5,29.6,1015.2,0,8,7
2025-11-15 16:00:00+00:00,9.4,75,0.1,,57,16.7,27.8,1015.3,0,8,7
2025-11-15 17:00:00+00:00,9.1,75,0.1,,53,16.7,27.8,1015.4,0,7,7
2025-11-15 18:00:00+00:00,8.4,77,0.1,,50,14.8,27.8,1015.7,0,8,7
2025-11-15 19:00:00+00:00,8.2,77,0.2,,46,14.8,25.9,1015.8,0,8,4
2025-11-15 20:00:00+00:00,8.0,78,0.0,,43,14.8,24.1,1015.9,0,7,4
2025-11-15 21:00:00+00:00,7.6,79,0.0,,39,13.0,24.1,1016.0,0,7,4
2025-11-15 22:00:00+00:00,6.9,80,0.0,,36,13.0,22.2,1016.1,0,6,4
2025-11-15 23:00:00+00:00,6.7,80,0.0,,34,11.1,22.2,1015.9,0,6,4
2025-11-16 00:00:00+00:00,6.5,80,0.0,,29,11.1,22.2,1015.7,0,7,4
2025-11-16 01:00:00+00:00,6.3,80,0.0,,21,11.1,20.4,1015.7,0,7,4
2025-11-16 02:00:00+00:00,5.9,81,0.0,,17,9.3,18.5,1015.6,0,7,4
2025-11-16 03:00:00+00:00,5.9,81,0.0,,10,9.3,18.5,1015.7,0,7,4
2025-11-16 04:00:00+00:00,5.9,79,0.0,,3,9.3,16.7,1015.6,0,7,4
2025-11-16 05:00:00+00:00,5.8,79,0.0,,358,7.4,16.7,1015.6,0,7,4
2025-11-16 06:00:00+00:00,5.6,81,0.0,,351,7.4,16.7,1015.7,0,7,4
2025-11-16 07:00:00+00:00,5.5,80,0.0,,345,7.4,16.7,1015.8,0,7,4
2025-11-16 08:00:00+00:00,5.4,80,0.0,,337,7.4,16.7,1016.1,0,7,4
2025-11-16 09:00:00+00:00,5.9,79,0.0,,335,9.3,16.7,1016.1,2,7,4
2025-11-16 10:00:00+00:00,6.4,77,0.0,,323,9.3,18.5,1015.7,6,7,4
2025-11-16 11:00:00+00:00,7.3,73,0.0,,326,9.3,18.5,1016.0,10,8,4
2025-11-16 12:00:00+00:00,7.6,71,0.0,,323,11.1,20.4,1015.9,13,7,4
2025-11-16 13:00:00+00:00,7.8,69,0.0,,322,11.1,20.4,1015.9,15,7,4
2025-11-16 14:00:00+00:00,7.8,68,0.0,,318,11.1,20.4,1015.9,16,6,4
2025-11-16 15:00:00+00:00,7.6,68,0.0,,317,11.1,20.4,1015.9,15,6,4
2025-11-16 16:00:00+00:00,7.1,70,0.0,,316,11.1,22.2,1016.0,10,5,4
2025-11-16 17:00:00+00:00,6.5,74,0.0,,312,13.0,24.1,1016.4,4,5,4
2025-11-16 18:00:00+00:00,5.8,76,0.0,,311,13.0,24.1,1016.7,0,6,4
2025-11-16 19:00:00+00:00,5.5,75,0.0,,308,14.8,25.9,1017.1,0,6,4
2025-11-16 20:00:00+00:00,5.0,78,0.0,,311,14.8,27.8,1017.5,0,5,4
2025-11-16 21:00:00+00:00,4.5,79,0.0,,314,16.7,29.6,1018.0,0,5,3
2025-11-16 22:00:00+00:00,3.9,84,0.0,,309,16.7,27.8,1018.2,0,4,2
2025-11-16 23:00:00+00:00,3.9,83,0.0,,312,16.7,29.6,1018.6,0,3,2
2025-11-17 00:00:00+00:00,3.7,82,0.0,,316,16.7,29.6,1018.9,0,3,2
2025-11-17 01:00:00+00:00,3.5,83,0.0,,317,16.7,31.5,1019.3,0,3,2
2025-11-17 02:00:00+00:00,3.4,83,0.0,,320,16.7,29.6,1019.9,0,3,1
2025-11-17 03:00:00+00:00,3.5,81,0.0,,323,16.7,29.6,1020.6,0,3,1
2025-11-17 04:00:00+00:00,3.1,81,0.0,,330,16.7,29.6,1021.0,0,3,1
2025-11-17 05:00:00+00:00,3.0,81,0.0,,326,16.7,27.8,1021.6,0,3,1
2025-11-17 06:00:00+00:00,2.9,81,0.0,,323,14.8,27.8,1022.1,0,3,1
2025-11-17 07:00:00+00:00,2.7,82,0.0,,321,14.8,25.9,1022.7,0,3,1
2025-11-17 08:00:00+00:00,2.7,81,0.0,,314,14.8,27.8,1023.4,0,4,1
2025-11-17 09:00:00+00:00,3.4,79,0.0,,314,14.8,25.9,1023.9,14,4,2
2025-11-17 10:00:00+00:00,4.6,74,0.0,,309,14.8,25.9,1024.5,26,4,2
2025-11-17 11:00:00+00:00,5.6,70,0.0,,307,14.8,25.9,1024.9,36,4,2
2025-11-17 12:00:00+00:00,6.0,68,0.0,,304,14.8,25.9,1024.9,41,4,2
2025-11-17 13:00:00+00:00,6.2,66,0.0,,303,14.8,25.9,1024.8,42,4,2
2025-11-17 14:00:00+00:00,6.0,65,0.0,,302,13.0,24.1,1024.8,41,3,2
2025-11-17 15:00:00+00:00,5.7,64,0.0,,297,13.0,22.2,1024.8,35,3,1
2025-11-17 16:00:00+00:00,5.2,67,0.0,,295,11.1,22.2,1024.9,24,1,2
2025-11-17 17:00:00+00:00,4.0,70,0.0,,289,11.1,22.2,1024.9,11,2,2
2025-11-17 18:00:00+00:00,2.9,75,0.0,,282,11.1,20.4,1024.9,0,1,2
2025-11-17 19:00:00+00:00,2.4,76,0.0,,282,11.1,22.2,1024.6,0,1,1
2025-11-17 20:00:00+00:00,1.9,78,0.0,,280,11.1,20.4,1024.2,0,0,1
2025-11-17 21:00:00+00:00,1.4,79,0.0,,276,11.1,22.2,1023.9,0,1,1
2025-11-17 22:00:00+00:00,1.2,81,0.0,,270,11.1,20.4,1023.4,0,1,1
2025-11-17 23:00:00+00:00,1.1,79,0.0,,268,11.1,20.4,1022.7,0,1,1
2025-11-18 00:00:00+00:00,0.8,81,0.0,,269,11.1,20.4,1021.9,0,1,1
2025-11-18 01:00:00+00:00,0.6,82,0.0,,267,11.1,18.5,1021.2,0,1,1
2025-11-18 02:00:00+00:00,0.4,82,0.0,,266,11.1,18.5,1020.6,0,1,1
2025-11-18 03:00:00+00:00,0.3,82,0.0,,266,9.3,18.5,1020.0,0,1,1
2025-11-18 04:00:00+00:00,0.0,83,0.0,,267,9.3,16.7,1019.2,0,2,1
2025-11-18 05:00:00+00:00,0.1,83,0.0,,261,9.3,16.7,1018.3,0,3,1
2025-11-18 06:00:00+00:00,0.4,84,0.0,,260,7.4,14.8,1017.5,0,4,1
2025-11-18 07:00:00+00:00,0.5,86,0.2,,259,7.4,13.0,1016.5,0,6,7
2025-11-18 08:00:00+00:00,0.9,87,0.3,,259,5.5,11.1,1015.6,0,7,7
2025-11-18 09:00:00+00:00,1.5,87,0.5,,258,5.5,11.1,1014.6,3,8,7
2025-11-18 10:00:00+00:00,2.1,90,0.5,,210,5.5,11.1,1013.7,3,7,7
2025-11-18 11:00:00+00:00,2.8,90,0.6,,190,5.5,13.0,1012.3,3,8,7
2025-11-18 12:00:00+00:00,3.1,93,0.6,,182,5.5,13.0,1010.7,1,8,7
2025-11-18 13:00:00+00:00,3.4,94,0.3,,107,5.5,11.1,1009.3,0,8,7
2025-11-18 14:00:00+00:00,3.7,93,0.3,,36,5.5,11.1,1008.4,0,8,7
2025-11-18 15:00:00+00:00,3.8,92,0.3,,15,5.5,13.0,1008.2,0,8,7
2025-11-18 16:00:00+00:00,3.7,92,0.3,,5,7.4,14.8,1008.0,0,8,7
2025-11-18 17:00:00+00:00,3.4,94,0.3,,360,9.3,18.5,1008.0,0,8,7
2025-11-18 18:00:00+00:00,3.4,91,0.3,,356,11.1,20.4,1008.2,0,8,7
2025-11-18 19:00:00+00:00,3.1,94,0.8,,354,13.0,22.2,1008.3,0,8,8
2025-11-18 20:00:00+00:00,2.9,95,0.8,,353,14.8,25.9,1008.7,0,8,8
2025-11-18 21:00:00+00:00,2.8,95,0.8,,353,16.7,29.6,1009.1,0,8,8
2025-11-18 22:00:00+00:00,3.5,93,0.8,,358,16.7,27.8,1008.8,0,8,8
2025-11-18 23:00:00+00:00,3.5,91,0.9,,4,18.5,31.5,1009.1,0,8,8
2025-11-19 00:00:00+00:00,3.2,92,0.9,,5,20.4,35.2,1009.3,0,8,8
2025-11-19 01:00:00+00:00,3.1,91,0.6,,3,20.4,37.0,1009.6,0,8,8
2025-11-19 02:00:00+00:00,3.0,89,0.6,,360,20.4,35.2,1010.1,0,8,7
2025-11-19 03:00:00+00:00,2.9,87,0.6,,353,20.4,33.3,1010.6,0,7,7
2025-11-19 04:00:00+00:00,2.7,84,0.6,,351,22.2,35.2,1010.8,0,8,7
2025-11-19 05:00:00+00:00,2.7,84,0.6,,345,20.4,35.2,1011.1,0,6,7
2025-11-19 06:00:00+00:00,2.4,85,0.5,,339,20.4,33.3,1011.4,0,5,7
2025-11-19 07:00:00+00:00,2.0,87,0.2,,335,20.4,33.3,1011.8,0,6,7
2025-11-19 08:00:00+00:00,1.7,85,0.1,,328,18.5,33.3,1012.1,0,5,7
2025-11-19 09:00:00+00:00,1.8,81,0.1,,324,18.5,31.5,1012.5,10,4,7
2025-11-19 10:00:00+00:00,2.6,76,0.1,,320,18.5,31.5,1012.9,20,4,7
2025-11-19 11:00:00+00:00,3.0,72,0.1,,318,18.5,31.5,1013.0,28,4,7
2025-11-19 12:00:00+00:00,3.3,68,0.1,,317,18.5,33.3,1012.8,34,4,7
2025-11-19 13:00:00+00:00,3.5,66,0.1,,318,18.5,33.3,1012.8,34,4,7
2025-11-19 14:00:00+00:00,3.2,67,0.1,,318,18.5,33.3,1013.1,32,3,7
2025-11-19 15:00:00+00:00,3.0,67,0.1,,316,18.5,33.3,1013.1,26,4,7
2025-11-19 16:00:00+00:00,2.5,70,0.3,,313,18.5,33.3,1013.2,18,3,7
2025-11-19 17:00:00+00:00,1.6,74,0.3,,312,18.5,33.3,1013.2,9,3,7
2025-11-19 18:00:00+00:00,1.1,74,0.2,,308,16.7,31.5,1013.2,0,3,7
2025-11-19 19:00:00+00:00,0.4,76,0.3,,305,18.5,31.5,1013.1,0,2,7
2025-11-19 20:00:00+00:00,-0.2,78,0.0,,303,18.5,33.3,1013.1,0,2,1
2025-11-19 21:00:00+00:00,-0.6,78,0.0,,301,18.5,33.3,1013.1,0,2,1
2025-11-19 22:00:00+00:00,-0.6,80,0.0,,294,16.7,31.5,1012.9,0,1,1
2025-11-19 23:00:00+00:00,-0.5,77,0.0,,292,16.7,31.5,1012.7,0,2,1
2025-11-20 00:00:00+00:00,-0.5,77,0.0,,292,16.7,31.5,1012.6,0,2,1
2025-11-20 01:00:00+00:00,-0.6,78,0.0,,290,18.5,31.5,1012.3,0,3,1
2025-11-20 02:00:00+00:00,-0.2,76,0.0,,286,18.5,33.3,1011.9,0,3,2
2025-11-20 03:00:00+00:00,0.1,75,0.0,,290,18.5,33.3,1011.6,0,4,2
2025-11-20 04:00:00+00:00,0.1,72,0.0,,294,20.4,33.3,1011.8,0,5,3
2025-11-20 05:00:00+00:00,0.2,72,0.0,,291,20.4,33.3,1011.8,0,4,2
2025-11-20 06:00:00+00:00,0.0,74,0.0,,293,20.4,35.2,1012.1,0,4,2
2025-11-20 07:00:00+00:00,-0.1,77,0.0,,294,20.4,33.3,1012.5,0,5,2
2025-11-20 08:00:00+00:00,0.0,79,0.0,,294,18.5,33.3,1012.8,0,4,2
2025-11-20 09:00:00+00:00,0.4,78,0.2,,299,18.5,33.3,1013.3,7,3,2
2025-11-20 10:00:00+00:00,1.5,74,0.1,,300,16.7,29.6,1013.8,15,4,1
2025-11-20 11:00:00+00:00,2.4,71,0.1,,305,18.5,31.5,1013.9,19,4,7
2025-11-20 12:00:00+00:00,3.1,69,0.1,,314,18.5,31.5,1013.8,22,5,7
2025-11-20 13:00:00+00:00,3.4,69,0.3,,320,16.7,31.5,1014.2,21,6,7
2025-11-20 14:00:00+00:00,3.4,72,0.3,,326,16.7,29.6,1015.0,16,6,7
2025-11-20 15:00:00+00:00,3.3,73,0.4,,328,14.8,29.6,1015.8,11,7,7
2025-11-20 16:00:00+00:00,3.2,78,0.4,,331,14.8,29.6,1016.4,4,6,7
2025-11-20 17:00:00+00:00,2.7,83,0.4,,333,14.8,27.8,1017.5,1,7,7
2025-11-20 18:00:00+00:00,2.4,85,0.4,,331,13.0,24.1,1018.4,0,6,7
2025-11-20 19:00:00+00:00,2.1,87,0.3,,331,13.0,24.1,1019.3,0,6,7
2025-11-20 20:00:00+00:00,1.7,90,0.3,,327,13.0,25.9,1020.1,0,6,7
2025-11-20 21:00:00+00:00,1.6,90,0.3,,326,14.8,25.9,1020.9,0,6,7
2025-11-20 22:00:00+00:00,1.6,92,0.3,,310,13.0,22.2,1021.5,0,6,7
2025-11-20 23:00:00+00:00,1.6,90,0.3,,306,13.0,22.2,1021.9,0,6,7
2025-11-21 00:00:00+00:00,1.3,91,0.3,,305,11.1,22.2,1022.3,0,5,7
2025-11-21 01:00:00+00:00,1.1,91,0.5,,299,13.0,22.2,1022.7,0,4,7
2025-11-21 02:00:00+00:00,0.8,91,0.4,,295,13.0,22.2,1023.1,0,4,2
2025-11-21 03:00:00+00:00,0.5,90,0.0,,295,11.1,20.4,1023.2,0,3,2
2025-11-21 04:00:00+00:00,0.4,89,0.0,,292,11.1,20.4,1023.5,0,3,1
2025-11-21 05:00:00+00:00,0.0,89,0.0,,287,11.1,18.5,1023.7,0,4,1
2025-11-21 06:00:00+00:00,-0.5,89,0.0,,283,9.3,18.5,1024.1,0,3,1
2025-11-21 07:00:00+00:00,-0.6,88,0.0,,279,9.3,18.5,1024.5,0,3,1
2025-11-21 08:00:00+00:00,-0.7,87,0.0,,275,9.3,18.5,1024.8,0,2,1
2025-11-21 09:00:00+00:00,0.0,83,0.0,,271,9.3,18.5,1025.1,18,1,1
2025-11-21 10:00:00+00:00,0.9,80,0.0,,259,9.3,18.5,1025.1,32,0,1
2025-11-21 11:00:00+00:00,1.9,76,0.0,,248,9.3,18.5,1025.1,45,0,1
2025-11-21 12:00:00+00:00,2.8,73,0.0,,243,9.3,18.5,1024.6,50,0,1
2025-11-21 13:00:00+00:00,3.4,69,0.0,,240,11.1,18.5,1024.2,49,0,1
2025-11-21 14:00:00+00:00,3.5,69,0.0,,233,11.1,18.5,1023.8,41,0,1
2025-11-21 15:00:00+00:00,3.4,70,0.0,,228,11.1,18.5,1023.4,30,1,1
2025-11-21 16:00:00+00:00,3.6,74,0.0,,220,11.1,20.4,1022.8,8,2,1
2025-11-21 17:00:00+00:00,3.4,76,0.0,,221,11.1,20.4,1022.2,1,4,1
2025-11-21 18:00:00+00:00,3.5,76,0.0,,220,11.1,18.5,1021.6,0,6,1
2025-11-21 19:00:00+00:00,3.6,76,0.0,,215,11.1,20.4,1020.9,0,7,4
2025-11-21 20:00:00+00:00,3.6,77,0.0,,216,13.0,22.2,1020.1,0,8,4
2025-11-21 21:00:00+00:00,3.6,78,0.0,,220,14.8,25.9,1019.2,0,8,4
2025-11-21 22:00:00+00:00,3.6,79,0.0,,222,14.8,25.9,1018.6,0,7,4
2025-11-21 23:00:00+00:00,3.9,79,0.0,,218,14.8,25.9,1017.6,0,8,4
2025-11-22 00:00:00+00:00,4.2,80,0.0,,214,14.8,25.9,1016.9,0,8,4
2025-11-22 01:00:00+00:00,4.5,80,0.2,,213,16.7,25.9,1016.2,0,8,7
2025-11-22 02:00:00+00:00,4.8,82,0.2,,212,16.7,27.8,1015.3,0,8,7
2025-11-22 03:00:00+00:00,5.1,82,0.2,,212,16.7,27.8,1014.4,0,8,7
2025-11-22 04:00:00+00:00,5.0,84,0.2,,210,18.5,29.6,1013.5,0,8,7
2025-11-22 05:00:00+00:00,5.2,84,0.2,,209,16.7,27.8,1012.6,0,8,7
2025-11-22 06:00:00+00:00,5.4,83,0.2,,215,14.8,24.1,1012.1,0,8,7
2025-11-22 07:00:00+00:00,5.4,85,0.0,,219,13.0,22.2,1011.6,0,7,4
2025-11-22 08:00:00+00:00,5.3,84,0.0,,222,11.1,20.4,1011.6,0,7,4
2025-11-22 09:00:00+00:00,5.5,85,0.0,,225,11.1,20.4,1011.5,9,6,4
2025-11-22 10:00:00+00:00,5.9,88,0.0,,229,11.1,18.5,1010.9,19,6,4
2025-11-22 11:00:00+00:00,6.7,86,0.0,,230,11.1,20.4,1010.5,26,6,4
2025-11-22 12:00:00+00:00,7.2,84,0.0,,237,11.1,20.4,1010.1,31,5,4
2025-11-22 13:00:00+00:00,7.4,84,0.0,,240,13.0,22.2,1009.7,30,5,4
2025-11-22 14:00:00+00:00,7.3,84,0.0,,241,11.1,20.4,1009.4,25,5,2
2025-11-22 15:00:00+00:00,6.9,83,0.0,,243,11.1,18.5,1009.2,17,6,2
2025-11-22 16:00:00+00:00,6.5,85,0.0,,241,9.3,16.7,1008.7,6,5,4
2025-11-22 17:00:00+00:00,5.7,88,0.0,,245,7.4,14.8,1008.3,2,6,4
2025-11-22 18:00:00+00:00,4.6,91,0.0,,249,7.4,13.0,1007.9,0,6,4
2025-11-22 19:00:00+00:00,4.5,90,0.0,,247,7.4,14.8,1007.3,0,6,3
2025-11-22 20:00:00+00:00,4.4,90,0.0,,247,7.4,14.8,1006.9,0,5,3
2025-11-22 21:00:00+00:00,4.3,88,0.0,,246,7.4,14.8,1006.5,0,5,3
2025-11-22 22:00:00+00:00,3.8,93,0.0,,243,7.4,13.0,1005.8,0,5,3
2025-11-22 23:00:00+00:00,3.7,91,0.0,,241,7.4,13.0,1004.8,0,5,3
2025-11-23 00:00:00+00:00,3.6,91,0.0,,237,7.4,13.0,1004.0,0,5,3
2025-11-23 01:00:00+00:00,3.6,91,0.0,,226,7.4,13.0,1003.1,0,6,3
2025-11-23 02:00:00+00:00,3.8,89,0.0,,209,7.4,14.8,1001.8,0,7,3
2025-11-23 03:00:00+00:00,4.1,87,0.0,,188,7.4,14.8,1000.6,0,7,4
2025-11-23 04:00:00+00:00,4.4,89,0.0,,170,7.4,14.8,999.2,0,6,4
2025-11-23 05:00:00+00:00,4.7,87,0.1,,151,7.4,14.8,997.5,0,6,7
2025-11-23 06:00:00+00:00,4.8,88,0.2,,148,7.4,14.8,995.8,0,8,7
2025-11-23 07:00:00+00:00,4.9,89,0.7,,155,7.4,14.8,994.1,0,8,7
2025-11-23 08:00:00+00:00,5.1,89,0.7,,174,7.4,14.8,992.8,0,8,7
2025-11-23 09:00:00+00:00,5.2,91,0.7,,189,7.4,14.8,991.8,2,8,7
2025-11-23 10:00:00+00:00,6.0,89,0.7,,200,9.3,16.7,990.8,7,7,7
2025-11-23 11:00:00+00:00,6.5,87,0.6,,214,9.3,18.5,990.2,11,7,7
2025-11-23 12:00:00+00:00,6.6,87,0.6,,234,11.1,18.5,989.9,16,7,7
2025-11-23 13:00:00+00:00,6.7,86,0.1,,239,13.0,20.4,989.4,17,6,7
2025-11-23 14:00:00+00:00,6.7,85,0.1,,247,13.0,22.2,989.4,17,7,7
2025-11-23 15:00:00+00:00,6.5,85,0.1,,248,13.0,22.2,989.5,12,7,7
2025-11-23 16:00:00+00:00,6.2,85,0.3,,247,13.0,22.2,989.5,7,7,7
2025-11-23 17:00:00+00:00,5.8,86,0.0,,246,13.0,22.2,989.3,4,7,7
2025-11-23 18:00:00+00:00,4.9,89,0.0,,246,9.3,18.5,989.3,0,6,7
2025-11-23 19:00:00+00:00,4.8,88,0.0,,251,9.3,16.7,988.7,0,6,7
2025-11-23 20:00:00+00:00,4.7,88,0.0,,260,7.4,14.8,988.5,0,6,4
2025-11-23 21:00:00+00:00,4.4,88,0.4,,266,7.4,14.8,988.5,0,5,4
2025-11-23 22:00:00+00:00,4.0,89,0.1,,272,7.4,13.0,988.3,0,6,4
2025-11-23 23:00:00+00:00,3.6,90,0.2,,271,7.4,13.0,988.3,0,6,4
2025-11-24 00:00:00+00:00,3.4,91,0.2,,285,7.4,14.8,988.4,0,6,7
2025-11-24 01:00:00+00:00,3.1,93,0.0,,294,7.4,14.8,988.1,0,6,7
2025-11-24 02:00:00+00:00,3.5,91,0.0,,293,9.3,14.8,988.1,0,8,7
2025-11-24 03:00:00+00:00,4.0,91,0.0,,315,9.3,18.5,988.4,0,8,7
2025-11-24 04:00:00+00:00,4.4,89,0.4,,325,11.1,20.4,988.3,0,8,7
2025-11-24 05:00:00+00:00,4.9,91,0.5,,341,13.0,24.1,988.6,0,7,7
2025-11-24 06:00:00+00:00,5.2,91,0.5,,355,14.8,27.8,989.1,0,7,7
2025-11-24 07:00:00+00:00,5.4,92,0.7,,3,16.7,29.6,990.1,0,7,7
2025-11-24 08:00:00+00:00,5.8,91,0.7,,11,16.7,31.5,991.3,0,7,7
2025-11-24 09:00:00+00:00,6.2,90,0.7,,14,18.5,31.5,992.5,5,8,8
2025-11-24 10:00:00+00:00,6.9,87,0.7,,14,18.5,31.5,993.3,8,8,7
2025-11-24 11:00:00+00:00,7.5,84,0.7,,15,20.4,33.3,994.6,11,8,7
2025-11-24 12:00:00+00:00,7.9,81,0.7,,13,18.5,31.5,995.6,15,8,7
2025-11-24 13:00:00+00:00,8.1,80,0.4,,8,18.5,31.5,996.7,16,7,7
2025-11-24 14:00:00+00:00,8.1,79,0.4,,6,18.5,31.5,997.9,14,7,7
2025-11-24 15:00:00+00:00,7.7,79,0.4,,3,16.7,29.6,999.0,11,7,7
2025-11-24 16:00:00+00:00,7.5,78,0.4,,359,16.7,29.6,1000.1,5,7,7
2025-11-24 17:00:00+00:00,6.9,81,0.4,,357,16.7,29.6,1001.2,2,7,7
2025-11-24 18:00:00+00:00,6.4,84,0.4,,353,14.8,27.8,1002.2,0,8,7
2025-11-24 19:00:00+00:00,6.1,86,0.5,,347,14.8,27.8,1003.2,0,8,7
2025-11-24 20:00:00+00:00,5.7,89,0.5,,341,16.7,27.8,1004.1,0,8,7
2025-11-24 21:00:00+00:00,5.4,91,0.5,,339,16.7,27.8,1004.9,0,8,7
2025-11-24 22:00:00+00:00,5.7,87,0.5,,331,14.8,25.9,1005.9,0,7,7
2025-11-24 23:00:00+00:00,5.6,86,0.5,,331,14.8,25.9,1006.7,0,7,7
2025-11-25 00:00:00+00:00,5.1,89,0.5,,329,14.8,25.9,1007.4,0,6,7
2025-11-25 01:00:00+00:00,4.8,89,0.3,,325,14.8,25.9,1008.1,0,6,7
2025-11-25 02:00:00+00:00,4.4,88,0.3,,321,14.8,25.9,1008.8,0,6,7
2025-11-25 03:00:00+00:00,4.3,86,0.3,,321,14.8,25.9,1009.4,0,5,7
2025-11-25 04:00:00+00:00,3.7,85,0.4,,321,16.7,27.8,1010.3,0,6,7
2025-11-25 05:00:00+00:00,3.5,86,0.4,,316,14.8,27.8,1010.9,0,5,7
2025-11-25 06:00:00+00:00,3.4,86,0.4,,317,14.8,27.8,1011.7,0,5,7
2025-11-25 07:00:00+00:00,3.2,87,0.2,,318,14.8,25.9,1012.6,0,5,7
2025-11-25 08:00:00+00:00,3.4,86,0.2,,316,14.8,25.9,1013.5,0,5,7
2025-11-25 09:00:00+00:00,3.9,84,0.2,,320,14.8,25.9,1014.4,8,5,7
2025-11-25 10:00:00+00:00,4.7,81,0.0,,318,13.0,25.9,1015.1,17,5,4
2025-11-25 11:00:00+00:00,5.7,78,0.0,,321,14.8,25.9,1015.6,23,5,4
2025-11-25 12:00:00+00:00,6.3,76,0.0,,322,13.0,25.9,1015.9,28,5,4
2025-11-25 13:00:00+00:00,6.8,74,0.0,,322,14.8,25.9,1016.3,32,5,3
2025-11-25 14:00:00+00:00,6.7,74,0.0,,319,13.0,24.1,1017.0,31,5,3
2025-11-25 15:00:00+00:00,6.4,73,0.0,,317,11.1,22.2,1017.6,26,5,3
2025-11-25 16:00:00+00:00,5.9,76,0.0,,313,11.1,22.2,1018.2,18,3,2
2025-11-25 17:00:00+00:00,4.9,79,0.0,,304,11.1,20.4,1018.9,0,4,2
2025-11-25 18:00:00+00:00,3.7,81,0.0,,296,11.1,20.4,1019.5,0,3,2
2025-11-25 19:00:00+00:00,3.3,80,0.0,,290,11.1,20.4,1019.9,0,3,2
2025-11-25 20:00:00+00:00,2.6,82,0.0,,285,11.1,20.4,1020.1,0,3,1
2025-11-25 21:00:00+00:00,2.0,83,0.0,,279,11.1,20.4,1020.2,0,3,1
2025-11-25 22:00:00+00:00,1.6,85,0.0,,270,11.1,18.5,1020.5,0,3,1
2025-11-25 23:00:00+00:00,1.0,85,0.0,,264,9.3,18.5,1020.5,0,3,1
2025-11-26 00:00:00+00:00,0.6,85,0.0,,260,9.3,16.7,1020.3,0,2,1
2025-11-26 01:00:00+00:00,0.3,86,0.0,,255,9.3,16.7,1020.3,0,2,1
2025-11-26 02:00:00+00:00,0.1,86,0.0,,250,9.3,16.7,1020.1,0,2,1
2025-11-26 03:00:00+00:00,0.0,87,0.0,,245,9.3,16.7,1019.9,0,3,1
2025-11-26 04:00:00+00:00,0.0,89,0.0,,244,7.4,14.8,1019.6,0,4,2
2025-11-26 05:00:00+00:00,0.2,86,0.0,,238,7.4,14.8,1019.4,0,3,1
2025-11-26 06:00:00+00:00,0.5,85,0.0,,238,7.4,14.8,1019.3,0,3,1
2025-11-26 07:00:00+00:00,0.8,84,0.0,,233,9.3,14.8,1019.0,0,3,1
2025-11-26 08:00:00+00:00,1.3,83,0.0,,225,9.3,16.7,1018.7,0,3,1
2025-11-26 09:00:00+00:00,2.1,82,0.0,,220,9.3,16.7,1018.1,6,2,1
2025-11-26 10:00:00+00:00,3.3,79,0.0,,213,9.3,18.5,1017.4,9,2,1
2025-11-26 11:00:00+00:00,4.4,79,0.0,,205,11.1,20.4,1016.3,11,3,1
2025-11-26 12:00:00+00:00,5.2,80,0.0,,206,13.0,22.2,1015.1,9,3,2
2025-11-26 13:00:00+00:00,5.5,82,0.0,,205,14.8,24.1,1014.2,5,4,2
2025-11-26 14:00:00+00:00,5.6,85,0.0,,204,14.8,25.9,1013.3,2,4,2
2025-11-26 15:00:00+00:00,5.8,84,0.6,,205,14.8,25.9,1012.3,0,7,7
2025-11-26 16:00:00+00:00,6.1,86,0.3,,205,18.5,29.6,1011.2,0,8,7
2025-11-26 17:00:00+00:00,6.4,87,0.3,,207,18.5,29.6,1010.7,0,8,7
2025-11-26 18:00:00+00:00,6.9,85,0.3,,208,18.5,29.6,1009.9,0,8,7
2025-11-26 19:00:00+00:00,7.3,86,0.3,,209,18.5,29.6,1009.4,0,8,7
2025-11-26 20:00:00+00:00,7.8,87,0.3,,211,18.5,29.6,1008.8,0,8,7
2025-11-26 21:00:00+00:00,8.2,87,0.2,,215,18.5,31.5,1008.2,0,8,7
2025-11-26 22:00:00+00:00,9.2,89,0.0,,222,20.4,33.3,1007.5,0,8,4
2025-11-26 23:00:00+00:00,9.8,88,0.0,,219,20.4,33.3,1006.7,0,8,4
2025-11-27 00:00:00+00:00,10.4,87,0.0,,216,20.4,33.3,1006.0,0,8,4
2025-11-27 01:00:00+00:00,10.9,86,0.0,,220,20.4,33.3,1005.6,0,8,4
2025-11-27 02:00:00+00:00,11.6,85,0.0,,223,22.2,35.2,1005.1,0,8,4
2025-11-27 03:00:00+00:00,12.0,85,0.0,,225,22.2,35.2,1004.6,0,8,4
2025-11-27 04:00:00+00:00,12.0,85,0.0,,228,24.1,37.0,1004.2,0,8,4
2025-11-27 05:00:00+00:00,12.5,83,0.0,,229,22.2,35.2,1004.0,0,8,4
2025-11-27 06:00:00+00:00,12.7,82,0.0,,229,20.4,33.3,1003.7,0,8,4
2025-11-27 07:00:00+00:00,12.7,84,0.0,,228,20.4,31.5,1003.5,0,8,4
2025-11-27 08:00:00+00:00,12.8,84,0.0,,228,20.4,31.5,1003.6,0,8,4
2025-11-27 09:00:00+00:00,13.1,84,0.0,,226,22.2,33.3,1003.3,1,8,4
2025-11-27 10:00:00+00:00,13.0,87,0.0,,226,22.2,35.2,1003.0,1,7,4
2025-11-27 11:00:00+00:00,13.5,85,0.0,,224,24.1,38.9,1002.4,2,7,4
2025-11-27 12:00:00+00:00,14.0,83,0.0,,222,27.8,42.6,1001.6,2,8,4
2025-11-27 13:00:00+00:00,14.3,82,0.0,,222,29.6,44.5,1000.9,3,8,4
2025-11-27 14:00:00+00:00,14.4,81,0.0,,220,31.5,48.2,1000.3,3,7,4
2025-11-27 15:00:00+00:00,14.4,78,0.0,,220,31.5,50.0,999.9,2,7,4
2025-11-27 16:00:00+00:00,14.0,81,0.0,,221,33.3,53.7,999.4,2,7,4
2025-11-27 17:00:00+00:00,13.7,79,0.0,,224,33.3,51.8,999.5,0,6,4
2025-11-27 18:00:00+00:00,13.2,77,0.0,,226,31.5,50.0,999.4,0,6,4
2025-11-27 19:00:00+00:00,12.4,75,0.0,,227,31.5,51.8,999.9,0,6,4
2025-11-27 20:00:00+00:00,11.7,75,0.0,,226,31.5,51.8,1000.4,0,4,2
2025-11-27 21:00:00+00:00,11.2,72,0.0,,226,33.3,55.5,1000.9,0,3,2
2025-11-27 22:00:00+00:00,10.9,72,0.0,,226,35.2,57.4,1001.0,0,2,1
2025-11-27 23:00:00+00:00,10.7,71,0.0,,225,37.0,59.3,1000.9,0,2,1
2025-11-28 00:00:00+00:00,10.5,71,0.0,,223,37.0,57.4,1001.1,0,1,1
2025-11-28 01:00:00+00:00,10.2,70,0.0,,223,37.0,57.4,1000.8,0,1,1
2025-11-28 02:00:00+00:00,10.2,69,0.0,,224,38.9,59.3,1000.6,0,1,1
2025-11-28 03:00:00+00:00,10.1,69,0.0,,223,38.9,59.3,1000.5,0,1,1
2025-11-28 04:00:00+00:00,10.2,65,0.0,,223,38.9,57.4,1000.1,0,0,1
2025-11-28 05:00:00+00:00,10.1,65,0.0,,223,37.0,57.4,999.7,0,1,1
2025-11-28 06:00:00+00:00,9.8,67,0.0,,224,37.0,55.5,999.3,0,1,1
2025-11-28 07:00:00+00:00,9.8,66,0.0,,223,35.2,53.7,999.1,0,2,1
2025-11-28 08:00:00+00:00,9.9,67,0.0,,223,35.2,51.8,998.9,0,2,1
2025-11-28 09:00:00+00:00,10.0,68,0.0,,224,35.2,51.8,998.6,6,3,1
2025-11-28 10:00:00+00:00,10.2,67,0.0,,224,35.2,55.5,998.5,15,4,1
2025-11-28 11:00:00+00:00,10.5,68,0.1,,222,35.2,53.7,998.0,18,5,2
2025-11-28 12:00:00+00:00,10.6,68,0.1,,222,35.2,53.7,997.4,21,6,7
2025-11-28 13:00:00+00:00,10.6,67,0.3,,221,35.2,55.5,996.9,22,6,7
2025-11-28 14:00:00+00:00,10.2,68,0.3,,220,35.2,55.5,996.6,23,5,7
2025-11-28 15:00:00+00:00,9.7,67,0.2,,221,35.2,55.5,996.1,21,4,7
2025-11-28 16:00:00+00:00,8.9,71,0.2,,221,35.2,53.7,996.1,12,4,7
2025-11-28 17:00:00+00:00,8.6,71,0.0,,223,33.3,51.8,996.6,0,4,2
2025-11-28 18:00:00+00:00,8.0,73,0.0,,223,31.5,48.2,996.9,0,5,2
2025-11-28 19:00:00+00:00,7.9,72,0.0,,224,31.5,48.2,997.5,0,5,3
2025-11-28 20:00:00+00:00,7.9,73,0.0,,224,29.6,48.2,998.1,0,5,3
2025-11-28 21:00:00+00:00,7.9,73,0.0,,225,29.6,48.2,998.4,0,5,3
2025-11-28 22:00:00+00:00,7.8,72,0.0,,227,27.8,44.5,998.8,0,4,2
2025-11-28 23:00:00+00:00,7.7,72,0.0,,228,25.9,40.8,999.1,0,4,2
2025-11-29 00:00:00+00:00,7.3,75,0.0,,227,22.2,37.0,999.4,0,4,2
2025-11-29 01:00:00+00:00,7.1,75,0.0,,228,18.5,31.5,999.4,0,4,2
2025-11-29 02:00:00+00:00,6.7,76,0.0,,230,16.7,27.8,999.4,0,2,2
2025-11-29 03:00:00+00:00,6.4,77,0.0,,227,13.0,24.1,999.4,0,3,1
2025-11-29 04:00:00+00:00,5.9,80,0.0,,227,9.3,18.5,999.5,0,2,1
2025-11-29 05:00:00+00:00,5.6,80,0.0,,235,7.4,14.8,999.4,0,2,1
2025-11-29 06:00:00+00:00,5.5,79,0.0,,244,7.4,14.8,999.4,0,3,1
2025-11-29 07:00:00+00:00,5.0,82,0.0,,258,7.4,13.0,999.4,0,3,1
2025-11-29 08:00:00+00:00,4.7,83,0.0,,274,7.4,14.8,999.5,0,4,2
2025-11-29 09:00:00+00:00,4.9,84,0.4,,294,7.4,14.8,999.6,5,5,2
2025-11-29 10:00:00+00:00,5.2,86,0.2,,299,5.5,14.8,999.5,11,5,7
2025-11-29 11:00:00+00:00,5.8,85,0.2,,323,7.4,16.7,999.2,13,6,7
2025-11-29 12:00:00+00:00,6.2,85,0.2,,347,9.3,18.5,998.8,15,8,7
2025-11-29 13:00:00+00:00,6.4,85,0.5,,351,11.1,20.4,998.7,12,8,8
2025-11-29 14:00:00+00:00,6.2,85,0.5,,356,14.8,24.1,998.9,10,8,8
2025-11-29 15:00:00+00:00,6.0,86,0.5,,354,16.7,27.8,999.1,6,8,8
2025-11-29 16:00:00+00:00,6.0,87,0.8,,352,16.7,29.6,998.7,2,8,9
2025-11-29 17:00:00+00:00,6.1,85,0.8,,354,18.5,35.2,999.1,0,8,8
2025-11-29 18:00:00+00:00,5.1,89,0.8,,346,20.4,35.2,999.6,0,8,8
2025-11-29 19:00:00+00:00,5.0,89,0.7,,340,20.4,37.0,999.8,0,8,8
2025-11-29 20:00:00+00:00,4.5,89,0.6,,335,20.4,37.0,1000.4,0,8,8
2025-11-29 21:00:00+00:00,4.3,88,0.6,,333,22.2,38.9,1000.9,0,8,7
2025-11-29 22:00:00+00:00,3.8,86,0.7,,313,20.4,37.0,1001.1,0,8,7
2025-11-29 23:00:00+00:00,3.7,82,0.5,,303,20.4,37.0,1001.7,0,7,7
2025-11-30 00:00:00+00:00,3.7,81,0.3,,293,20.4,35.2,1001.9,0,7,4
2025-11-30 01:00:00+00:00,3.6,80,0.0,,287,20.4,35.2,1002.1,0,7,4
2025-11-30 02:00:00+00:00,3.9,78,0.0,,282,20.4,37.0,1002.4,0,7,4
2025-11-30 03:00:00+00:00,4.1,76,0.0,,284,20.4,37.0,1002.9,0,7,4
2025-11-30 04:00:00+00:00,4.0,76,0.0,,288,22.2,38.9,1002.9,0,6,7
2025-11-30 05:00:00+00:00,4.1,75,0.0,,282,24.1,38.9,1003.7,0,5,4
2025-11-30 06:00:00+00:00,4.1,75,0.0,,283,24.1,38.9,1004.8,0,4,4
2025-11-30 07:00:00+00:00,4.0,75,0.0,,283,22.2,35.2,1005.8,0,4,2
2025-11-30 08:00:00+00:00,4.0,74,0.0,,283,20.4,33.3,1006.6,0,4,2
2025-11-30 09:00:00+00:00,4.1,74,0.0,,283,18.5,31.5,1007.6,12,3,2
2025-11-30 10:00:00+00:00,4.2,74,0.0,,279,16.7,29.6,1008.3,25,2,1
2025-11-30 11:00:00+00:00,5.0,71,0.0,,278,16.7,29.6,1008.5,40,2,1
2025-11-30 12:00:00+00:00,5.5,68,0.0,,275,16.7,27.8,1008.6,49,2,1
2025-11-30 13:00:00+00:00,5.8,66,0.0,,272,16.7,27.8,1008.8,53,1,1
2025-11-30 14:00:00+00:00,5.6,66,0.0,,266,14.8,25.9,1009.1,53,1,1
2025-11-30 15:00:00+00:00,5.0,68,0.0,,258,13.0,22.2,1009.3,46,1,1
2025-11-30 16:00:00+00:00,4.6,68,0.0,,252,9.3,18.5,1009.1,30,0,1
2025-11-30 17:00:00+00:00,3.7,72,0.0,,245,9.3,16.7,1008.6,0,1,1
2025-11-30 18:00:00+00:00,3.4,73,0.0,,231,7.4,14.8,1008.3,0,1,1
2025-11-30 19:00:00+00:00,3.2,76,0.0,,218,9.3,16.7,1007.6,0,2,1
2025-11-30 20:00:00+00:00,3.5,77,0.0,,212,9.3,18.5,1007.0,0,4,1
2025-11-30 21:00:00+00:00,3.7,79,0.0,,215,11.1,20.4,1006.0,0,5,1
2025-11-30 22:00:00+00:00,4.1,80,0.0,,209,13.0,22.2,1004.8,0,6,4
2025-11-30 23:00:00+00:00,4.5,81,0.0,,199,13.0,22.2,1003.7,0,7,7
2025-12-01 00:00:00+00:00,5.0,83,0.0,,194,13.0,22.2,1002.5,0,8,7
2025-12-01 01:00:00+00:00,5.5,83,0.3,,189,14.8,24.1,1001.1,0,8,7
2025-12-01 02:00:00+00:00,6.0,83,0.3,,187,16.7,25.9,999.6,0,8,7
2025-12-01 03:00:00+00:00,6.4,84,0.4,,187,16.7,25.9,998.0,0,8,7
2025-12-01 04:00:00+00:00,6.6,85,0.3,,185,16.7,27.8,996.1,0,8,7
2025-12-01 05:00:00+00:00,7.1,86,0.3,,183,16.7,27.8,994.4,0,8,7
2025-12-01 06:00:00+00:00,7.8,85,0.4,,188,14.8,25.9,993.0,0,8,7
2025-12-01 07:00:00+00:00,8.3,84,0.4,,191,14.8,24.1,991.9,0,8,7
2025-12-01 08:00:00+00:00,8.6,84,0.4,,193,14.8,22.2,991.1,0,8,7
2025-12-01 09:00:00+00:00,9.0,86,0.4,,198,13.0,22.2,990.3,1,8,7
2025-12-01 10:00:00+00:00,9.2,86,0.4,,198,13.0,22.2,989.7,1,8,7
2025-12-01 11:00:00+00:00,9.6,89,0.4,,200,13.0,22.2,989.2,1,8,7
2025-12-01 12:00:00+00:00,10.1,89,0.3,,206,11.1,20.4,988.4,3,8,7
2025-12-01 13:00:00+00:00,10.5,89,0.4,,209,11.1,20.4,987.6,5,8,7
2025-12-01 14:00:00+00:00,10.9,87,0.4,,214,11.1,20.4,986.9,4,8,7
2025-12-01 15:00:00+00:00,11.1,87,0.4,,212,11.1,20.4,986.5,2,8,7
2025-12-01 16:00:00+00:00,11.2,86,0.4,,212,11.1,20.4,985.9,2,8,7
2025-12-01 17:00:00+00:00,11.2,85,0.4,,210,11.1,20.4,985.7,0,8,7
2025-12-01 18:00:00+00:00,11.2,85,0.4,,204,13.0,22.2,985.5,0,8,7
2025-12-01 19:00:00+00:00,11.1,81,0.4,,210,13.0,24.1,985.3,0,8,7
2025-12-01 20:00:00+00:00,10.8,82,0.3,,212,14.8,25.9,985.2,0,8,7
2025-12-01 21:00:00+00:00,10.7,81,0.3,,216,16.7,29.6,985.3,0,8,7
2025-12-01 22:00:00+00:00,11.5,83,0.4,,218,22.2,38.9,984.1,0,8,7
2025-12-01 23:00:00+00:00,11.2,80,0.4,,221,24.1,40.8,984.8,0,7,7
2025-12-02 00:00:00+00:00,10.6,79,0.0,,224,24.1,38.9,985.7,0,7,4
2025-12-02 01:00:00+00:00,10.3,76,0.0,,227,24.1,38.9,986.7,0,6,3
2025-12-02 02:00:00+00:00,9.8,75,0.0,,229,24.1,38.9,987.7,0,5,3
2025-12-02 03:00:00+00:00,9.3,76,0.0,,227,22.2,38.9,988.8,0,4,2
2025-12-02 04:00:00+00:00,8.9,74,0.0,,225,22.2,35.2,989.8,0,4,2
2025-12-02 05:00:00+00:00,8.6,75,0.0,,221,18.5,31.5,990.7,0,3,2
2025-12-02 06:00:00+00:00,8.3,74,0.0,,219,16.7,27.8,991.4,0,3,2
2025-12-02 07:00:00+00:00,8.2,73,0.0,,218,16.7,25.9,992.6,0,4,2
2025-12-02 08:00:00+00:00,8.0,74,0.0,,212,14.8,24.1,993.6,0,4,2
2025-12-02 09:00:00+00:00,8.1,75,0.0,,211,14.8,22.2,994.6,11,4,2
2025-12-02 10:00:00+00:00,8.4,75,0.0,,207,14.8,24.1,995.4,23,3,2
2025-12-02 11:00:00+00:00,9.2,74,0.0,,205,16.7,25.9,996.1,31,3,2
2025-12-02 12:00:00+00:00,9.6,72,0.0,,205,16.7,27.8,996.6,37,4,2
2025-12-02 13:00:00+00:00,9.8,71,0.0,,205,16.7,27.8,997.3,40,4,2
2025-12-02 14:00:00+00:00,9.7,71,0.0,,203,16.7,27.8,997.9,37,3,2
2025-12-02 15:00:00+00:00,9.3,71,0.0,,202,14.8,24.1,998.5,30,3,2
2025-12-02 16:00:00+00:00,8.6,72,0.0,,202,13.0,22.2,999.0,18,3,2
2025-12-02 17:00:00+00:00,7.9,74,0.0,,202,11.1,20.4,999.7,0,4,1
2025-12-02 18:00:00+00:00,6.3,81,0.0,,202,11.1,18.5,1000.3,0,3,2
2025-12-02 19:00:00+00:00,6.3,81,0.0,,202,9.3,16.7,1001.0,0,4,2
2025-12-02 20:00:00+00:00,6.2,81,0.0,,204,9.3,16.7,1001.4,0,4,2
2025-12-02 21:00:00+00:00,6.1,82,0.0,,209,9.3,16.7,1001.6,0,5,2
2025-12-02 22:00:00+00:00,6.1,80,0.0,,212,9.3,14.8,1001.9,0,4,2
2025-12-02 23:00:00+00:00,5.8,80,0.0,,212,7.4,14.8,1002.1,0,5,2
2025-12-03 00:00:00+00:00,5.6,81,0.0,,216,7.4,14.8,1002.3,0,4,2
2025-12-03 01:00:00+00:00,5.4,82,0.0,,215,7.4,14.8,1002.6,0,4,2
2025-12-03 02:00:00+00:00,5.3,82,0.0,,214,7.4,14.8,1002.7,0,4,2
2025-12-03 03:00:00+00:00,5.2,83,0.0,,212,7.4,14.8,1002.7,0,4,2
2025-12-03 04:00:00+00:00,4.8,85,0.0,,216,7.4,14.8,1002.8,0,5,2
2025-12-03 05:00:00+00:00,4.6,85,0.0,,210,7.4,14.8,1002.7,0,4,2
2025-12-03 06:00:00+00:00,4.6,84,0.0,,213,7.4,14.8,1002.8,0,4,2
2025-12-03 07:00:00+00:00,4.6,83,0.0,,217,7.4,14.8,1003.1,0,4,2
2025-12-03 08:00:00+00:00,4.6,84,0.0,,211,7.4,14.8,1003.3,0,4,2
2025-12-03 09:00:00+00:00,4.9,83,0.0,,208,7.4,14.8,1003.6,9,4,2
2025-12-03 10:00:00+00:00,5.2,84,0.0,,204,9.3,16.7,1003.5,19,3,2
2025-12-03 11:00:00+00:00,6.1,82,0.0,,201,11.1,18.5,1003.2,27,3,2
2025-12-03 12:00:00+00:00,7.0,78,0.0,,199,11.1,20.4,1002.9,33,3,2
2025-12-03 13:00:00+00:00,7.3,78,0.0,,196,13.0,22.2,1002.8,32,4,2
2025-12-03 14:00:00+00:00,7.5,77,0.0,,194,13.0,22.2,1002.7,30,4,2
2025-12-03 15:00:00+00:00,7.4,77,0.0,,195,11.1,22.2,1002.6,23,4,2
2025-12-03 16:00:00+00:00,6.9,80,0.0,,195,11.1,20.4,1002.3,12,4,2
2025-12-03 17:00:00+00:00,6.3,82,0.0,,198,11.1,20.4,1002.4,0,4,2
2025-12-03 18:00:00+00:00,5.6,84,0.0,,197,9.3,16.7,1002.3,0,4,2
2025-12-03 19:00:00+00:00,5.5,83,0.0,,195,9.3,16.7,1002.0,0,4,2
2025-12-03 20:00:00+00:00,5.5,83,0.0,,197,9.3,16.7,1001.7,0,5,2
2025-12-03 21:00:00+00:00,5.5,83,0.0,,200,9.3,16.7,1001.2,0,5,2
2025-12-03 22:00:00+00:00,5.5,83,0.0,,200,9.3,16.7,1000.8,0,6,3
2025-12-03 23:00:00+00:00,5.5,83,0.0,,197,9.3,16.7,1000.4,0,6,3
2025-12-04 00:00:00+00:00,5.5,83,0.0,,191,9.3,16.7,1000.0,0,7,3
2025-12-04 01:00:00+00:00,5.5,83,0.0,,186,9.3,16.7,999.4,0,6,3
2025-12-04 02:00:00+00:00,5.5,83,0.0,,184,9.3,16.7,998.9,0,7,3
2025-12-04 03:00:00+00:00,5.6,83,0.0,,172,9.3,16.7,998.1,0,8,4
2025-12-04 04:00:00+00:00,5.5,83,0.0,,161,9.3,16.7,997.7,0,8,4
2025-12-04 05:00:00+00:00,5.7,83,0.0,,151,9.3,16.7,997.3,0,8,4
2025-12-04 06:00:00+00:00,5.7,84,0.0,,136,9.3,16.7,996.7,0,8,4
2025-12-04 07:00:00+00:00,6.8,79,0.0,,134,11.1,18.5,996.4,0,8,4
2025-12-04 08:00:00+00:00,6.9,81,0.0,,129,11.1,18.5,996.1,0,8,4
2025-12-04 09:00:00+00:00,6.8,84,0.0,,129,11.1,18.5,996.0,1,8,4
2025-12-04 10:00:00+00:00,6.9,86,0.0,,121,9.3,16.7,996.4,2,8,4
2025-12-04 11:00:00+00:00,7.3,85,0.0,,121,9.3,16.7,996.2,1,8,4
2025-12-04 12:00:00+00:00,7.6,85,0.0,,115,9.3,18.5,996.1,3,8,4
2025-12-04 13:00:00+00:00,7.8,84,0.4,,113,9.3,18.5,995.9,2,8,7
2025-12-04 14:00:00+00:00,7.9,84,0.5,,108,9.3,18.5,995.9,1,8,7
2025-12-04 15:00:00+00:00,7.9,83,0.6,,102,9.3,16.7,995.9,0,8,7
2025-12-04 16:00:00+00:00,7.9,82,0.5,,86,9.3,16.7,995.9,0,7,7
2025-12-04 17:00:00+00:00,7.6,84,0.5,,80,9.3,18.5,996.3,0,8,7
2025-12-04 18:00:00+00:00,6.8,89,0.5,,73,9.3,16.7,996.4,0,8,7
2025-12-04 19:00:00+00:00,6.6,91,0.5,,62,9.3,16.7,996.7,0,8,7
2025-12-04 20:00:00+00:00,6.5,92,0.5,,51,7.4,14.8,996.8,0,8,8
2025-12-04 21:00:00+00:00,6.3,93,0.5,,20,7.4,14.8,997.2,0,8,8
2025-12-04 22:00:00+00:00,6.3,91,0.6,,304,7.4,14.8,997.6,0,8,8
2025-12-04 23:00:00+00:00,6.3,90,0.6,,294,9.3,16.7,997.6,0,8,8
2025-12-05 00:00:00+00:00,5.9,93,0.5,,285,9.3,16.7,998.0,0,8,7
2025-12-05 01:00:00+00:00,5.7,93,0.0,,282,9.3,16.7,998.3,0,8,7
2025-12-05 02:00:00+00:00,5.6,93,0.0,,271,11.1,18.5,998.5,0,8,7
2025-12-05 03:00:00+00:00,5.2,93,0.0,,264,9.3,18.5,999.0,0,8,7
2025-12-05 04:00:00+00:00,5.1,92,0.4,,266,9.3,18.5,999.1,0,8,7
2025-12-05 05:00:00+00:00,4.8,93,0.3,,254,9.3,18.5,999.3,0,7,7
2025-12-05 06:00:00+00:00,4.6,92,0.3,,243,9.3,16.7,999.6,0,7,7
2025-12-05 07:00:00+00:00,4.2,93,0.4,,234,9.3,18.5,1000.0,0,6,7
2025-12-05 08:00:00+00:00,3.9,93,0.0,,222,9.3,18.5,1000.3,0,6,3
2025-12-05 09:00:00+00:00,3.9,93,0.0,,211,9.3,18.5,1000.4,1,6,3
2025-12-05 10:00:00+00:00,4.7,89,0.0,,201,9.3,18.5,1000.6,6,4,2
2025-12-05 11:00:00+00:00,5.6,85,0.0,,193,11.1,20.4,1000.0,12,5,2
2025-12-05 12:00:00+00:00,6.2,81,0.0,,181,13.0,22.2,999.3,16,6,3
2025-12-05 13:00:00+00:00,6.3,81,0.0,,171,13.0,22.2,998.6,14,6,3
2025-12-05 14:00:00+00:00,6.3,81,0.0,,164,14.8,24.1,997.9,10,7,3
2025-12-05 15:00:00+00:00,6.3,79,0.0,,156,14.8,25.9,997.0,4,8,4
2025-12-05 16:00:00+00:00,6.7,81,0.0,,145,16.7,27.8,996.1,1,7,4
2025-12-05 17:00:00+00:00,6.5,83,0.1,,141,16.7,29.6,994.8,0,8,7
2025-12-05 18:00:00+00:00,6.4,84,0.1,,132,20.4,33.3,993.3,0,8,7
2025-12-05 19:00:00+00:00,6.3,83,0.7,,126,22.2,37.0,991.9,0,8,7
2025-12-05 20:00:00+00:00,6.0,85,0.8,,129,22.2,37.0,990.6,0,8,7
2025-12-05 21:00:00+00:00,6.1,84,0.8,,133,24.1,38.9,989.5,0,8,8
2025-12-05 22:00:00+00:00,7.0,80,0.6,,134,22.2,37.0,988.5,0,8,7
2025-12-05 23:00:00+00:00,7.0,80,0.6,,133,20.4,33.3,987.4,0,8,7
2025-12-06 00:00:00+00:00,7.2,81,0.5,,134,16.7,29.6,986.3,0,8,7
2025-12-06 01:00:00+00:00,7.3,84,0.5,,139,16.7,25.9,985.6,0,8,7
2025-12-06 02:00:00+00:00,7.7,83,0.4,,145,14.8,24.1,985.0,0,8,7
2025-12-06 03:00:00+00:00,8.0,83,0.4,,150,13.0,22.2,984.6,0,8,7
2025-12-06 04:00:00+00:00,7.8,85,0.0,,150,9.3,18.5,984.3,0,8,7
2025-12-06 05:00:00+00:00,7.9,86,0.0,,159,9.3,18.5,984.4,0,7,4
2025-12-06 06:00:00+00:00,8.1,85,0.0,,163,9.3,16.7,984.8,0,8,4
2025-12-06 07:00:00+00:00,8.3,84,0.0,,162,7.4,14.8,985.1,0,8,4
2025-12-06 08:00:00+00:00,8.3,84,0.0,,164,7.4,13.0,985.3,0,8,7
2025-12-06 09:00:00+00:00,8.5,85,0.5,,172,7.4,13.0,985.7,2,8,7
2025-12-06 10:00:00+00:00,8.4,90,0.2,,175,7.4,13.0,986.0,4,7,7
2025-12-06 11:00:00+00:00,8.9,88,0.2,,187,7.4,14.8,986.3,6,7,7
2025-12-06 12:00:00+00:00,9.1,87,0.2,,204,5.5,13.0,986.5,10,7,7
2025-12-06 13:00:00+00:00,9.2,87,0.4,,208,7.4,13.0,986.8,10,7,7
2025-12-06 14:00:00+00:00,9.3,87,0.0,,216,7.4,13.0,987.5,12,8,7
2025-12-06 15:00:00+00:00,9.1,86,0.0,,226,7.4,13.0,988.3,9,8,7
2025-12-06 16:00:00+00:00,8.8,86,0.0,,233,7.4,14.8,988.9,7,7,4
2025-12-06 17:00:00+00:00,8.4,86,0.0,,250,7.4,14.8,989.5,0,7,4
2025-12-06 18:00:00+00:00,7.2,91,0.0,,255,7.4,14.8,990.2,0,6,4
2025-12-06 19:00:00+00:00,7.1,90,0.0,,254,9.3,16.7,990.9,0,6,4
2025-12-06 20:00:00+00:00,7.0,90,0.0,,253,9.3,14.8,991.8,0,6,4
2025-12-06 21:00:00+00:00,6.9,89,0.0,,253,9.3,16.7,992.6,0,6,4
2025-12-06 22:00:00+00:00,5.8,96,0.0,,253,9.3,16.7,993.3,0,5,4
2025-12-06 23:00:00+00:00,5.8,95,0.0,,255,9.3,14.8,994.0,0,5,3
2025-12-07 00:00:00+00:00,5.9,93,0.0,,251,7.4,14.8,994.7,0,5,3
2025-12-07 01:00:00+00:00,5.8,95,0.0,,253,7.4,14.8,995.4,0,6,3
2025-12-07 02:00:00+00:00,6.1,93,0.0,,249,9.3,14.8,995.8,0,5,3
2025-12-07 03:00:00+00:00,6.1,93,0.0,,246,7.4,14.8,996.3,0,6,4
2025-12-07 04:00:00+00:00,6.5,92,0.0,,244,7.4,14.8,996.8,0,6,4
2025-12-07 05:00:00+00:00,6.5,90,0.0,,242,7.4,14.8,997.2,0,6,4
2025-12-07 06:00:00+00:00,6.5,89,0.0,,239,7.4,14.8,997.5,0,6,4
2025-12-07 07:00:00+00:00,6.5,89,0.0,,242,7.4,14.8,997.8,0,6,4
2025-12-07 08:00:00+00:00,6.4,89,0.0,,236,7.4,13.0,997.9,0,6,4
2025-12-07 09:00:00+00:00,6.7,88,0.0,,229,7.4,13.0,998.1,2,6,4
2025-12-07 10:00:00+00:00,6.8,90,0.0,,225,5.5,13.0,997.8,6,5,4
2025-12-07 11:00:00+00:00,7.5,89,0.0,,213,5.5,13.0,997.1,9,6,7
2025-12-07 12:00:00+00:00,8.1,87,0.0,,182,5.5,13.0,996.1,9,7,7
2025-12-07 13:00:00+00:00,8.4,87,0.5,,126,5.5,13.0,994.7,6,8,8
2025-12-07 14:00:00+00:00,8.5,88,0.8,,105,7.4,14.8,993.1,4,8,8
2025-12-07 15:00:00+00:00,8.6,89,1.1,,121,9.3,16.7,991.6,1,8,8
2025-12-07 16:00:00+00:00,8.8,91,1.1,,120,9.3,16.7,989.6,1,8,8
2025-12-07 17:00:00+00:00,8.8,94,1.2,,151,7.4,16.7,988.2,0,8,8
2025-12-07 18:00:00+00:00,9.0,90,1.3,,189,11.1,20.4,987.4,0,8,8
2025-12-07 19:00:00+00:00,9.0,87,0.5,,226,14.8,25.9,987.8,0,8,7
2025-12-07 20:00:00+00:00,8.9,86,0.4,,239,20.4,33.3,988.9,0,7,7
2025-12-07 21:00:00+00:00,8.5,84,0.3,,249,24.1,40.8,990.6,0,7,4
2025-12-07 22:00:00+00:00,9.0,83,0.0,,247,25.9,42.6,991.3,0,7,3
2025-12-07 23:00:00+00:00,9.2,80,0.0,,246,25.9,42.6,992.5,0,6,3
2025-12-08 00:00:00+00:00,9.2,80,0.0,,244,22.2,38.9,994.0,0,6,3
2025-12-08 01:00:00+00:00,9.2,80,0.0,,246,20.4,35.2,995.2,0,6,3
2025-12-08 02:00:00+00:00,9.0,81,0.0,,243,20.4,33.3,995.6,0,5,3
2025-12-08 03:00:00+00:00,8.9,82,0.0,,237,18.5,31.5,996.0,0,5,3
2025-12-08 04:00:00+00:00,9.0,80,0.0,,231,16.7,27.8,996.5,0,5,4
2025-12-08 05:00:00+00:00,9.0,81,0.0,,225,14.8,25.9,996.4,0,5,3
2025-12-08 06:00:00+00:00,9.1,81,0.0,,223,14.8,24.1,996.1,0,6,3
2025-12-08 07:00:00+00:00,9.4,78,0.0,,225,14.8,25.9,996.5,0,6,4
2025-12-08 08:00:00+00:00,9.6,77,0.0,,224,16.7,27.8,996.7,0,5,4
2025-12-08 09:00:00+00:00,10.2,75,0.0,,227,18.5,29.6,997.2,8,4,2
2025-12-08 10:00:00+00:00,10.1,76,0.0,,228,18.5,31.5,997.2,16,4,2
2025-12-08 11:00:00+00:00,11.0,72,0.0,,229,22.2,35.2,998.0,24,4,2
2025-12-08 12:00:00+00:00,11.5,69,0.0,,230,22.2,37.0,998.6,32,3,2
2025-12-08 13:00:00+00:00,11.8,69,0.0,,230,22.2,37.0,999.1,38,4,2
2025-12-08 14:00:00+00:00,11.6,70,0.0,,230,22.2,35.2,999.9,36,3,2
2025-12-08 15:00:00+00:00,11.4,69,0.0,,229,20.4,33.3,1000.6,30,3,2
2025-12-08 16:00:00+00:00,10.9,70,0.0,,224,18.5,31.5,1001.2,19,2,2
2025-12-08 17:00:00+00:00,10.4,72,0.0,,226,16.7,27.8,1001.4,0,3,1
2025-12-08 18:00:00+00:00,9.0,78,0.0,,222,14.8,24.1,1001.8,0,3,1
2025-12-08 19:00:00+00:00,9.0,77,0.0,,220,13.0,22.2,1002.2,0,4,2
2025-12-08 20:00:00+00:00,8.8,79,0.0,,219,11.1,20.4,1002.4,0,4,2
2025-12-08 21:00:00+00:00,8.8,80,0.0,,223,11.1,20.4,1002.4,0,4,2
2025-12-08 22:00:00+00:00,8.4,84,0.0,,221,9.3,18.5,1002.7,0,4,2
2025-12-08 23:00:00+00:00,8.4,83,0.0,,222,9.3,16.7,1002.8,0,4,2
2025-12-09 00:00:00+00:00,8.6,83,0.0,,215,7.4,14.8,1002.7,0,6,3
2025-12-09 01:00:00+00:00,8.7,85,0.0,,212,7.4,14.8,1002.6,0,7,4
2025-12-09 02:00:00+00:00,9.0,85,0.0,,189,7.4,14.8,1002.1,0,8,7
2025-12-09 03:00:00+00:00,9.4,84,0.0,,162,7.4,14.8,1001.4,0,8,7
2025-12-09 04:00:00+00:00,9.9,84,0.3,,123,7.4,14.8,1000.2,0,8,7
2025-12-09 05:00:00+00:00,10.3,84,0.5,,114,7.4,14.8,999.0,0,8,7
2025-12-09 06:00:00+00:00,10.8,83,0.7,,116,9.3,16.7,997.3,0,8,7
2025-12-09 07:00:00+00:00,11.1,83,1.4,,129,11.1,18.5,995.9,0,8,8
2025-12-09 08:00:00+00:00,11.5,82,1.4,,137,11.1,20.4,994.7,0,8,8
2025-12-09 09:00:00+00:00,12.0,82,1.4,,159,13.0,22.2,993.8,0,8,8
2025-12-09 10:00:00+00:00,12.7,86,1.5,,170,14.8,25.9,991.7,0,8,7
2025-12-09 11:00:00+00:00,13.1,87,1.4,,178,16.7,27.8,991.1,0,8,7
2025-12-09 12:00:00+00:00,13.7,85,1.4,,184,18.5,31.5,990.5,0,8,7
2025-12-09 13:00:00+00:00,14.2,83,0.1,,190,20.4,35.2,989.9,0,8,7
2025-12-09 14:00:00+00:00,14.9,80,0.1,,191,22.2,38.9,989.3,0,8,7
2025-12-09 15:00:00+00:00,15.1,77,0.1,,194,25.9,40.8,988.6,0,8,4
2025-12-09 16:00:00+00:00,15.1,77,0.0,,198,27.8,48.2,988.3,0,8,4
2025-12-09 17:00:00+00:00,14.7,77,0.0,,203,33.3,53.7,987.4,0,8,4
2025-12-09 18:00:00+00:00,13.6,78,0.0,,207,37.0,59.3,987.1,0,7,4
2025-12-09 19:00:00+00:00,13.5,73,0.0,,213,40.8,64.8,987.9,0,7,4
2025-12-09 20:00:00+00:00,13.2,72,0.0,,215,44.5,70.4,989.1,0,6,4
2025-12-09 21:00:00+00:00,12.8,69,0.0,,218,44.5,72.2,990.6,0,5,4
2025-12-09 22:00:00+00:00,13.1,67,0.0,,222,46.3,72.2,991.2,0,6,3
2025-12-09 23:00:00+00:00,12.6,68,0.0,,222,44.5,70.4,992.3,0,5,3
2025-12-10 00:00:00+00:00,12.1,69,0.0,,220,40.8,64.8,994.1,0,3,2
2025-12-10 01:00:00+00:00,11.6,70,0.0,,222,38.9,59.3,995.6,0,3,2
2025-12-10 02:00:00+00:00,11.3,70,0.0,,221,38.9,57.4,996.7,0,3,2
2025-12-10 03:00:00+00:00,11.1,71,0.0,,219,37.0,55.5,997.6,0,4,2
2025-12-10 04:00:00+00:00,11.5,67,0.0,,220,35.2,53.7,998.5,0,3,2
2025-12-10 05:00:00+00:00,11.3,68,0.0,,219,33.3,51.8,998.7,0,3,1
2025-12-10 06:00:00+00:00,11.1,68,0.0,,220,33.3,50.0,999.0,0,3,2
2025-12-10 07:00:00+00:00,11.1,68,0.0,,221,31.5,48.2,999.6,0,3,2
2025-12-10 08:00:00+00:00,11.0,68,0.0,,220,31.5,46.3,1000.1,0,4,2
2025-12-10 09:00:00+00:00,11.0,69,0.0,,221,33.3,48.2,1000.7,6,4,2
2025-12-10 10:00:00+00:00,10.7,71,0.0,,222,33.3,51.8,1000.8,13,4,2
2025-12-10 11:00:00+00:00,11.2,69,0.0,,224,35.2,53.7,1001.5,19,4,2
2025-12-10 12:00:00+00:00,11.6,68,0.0,,226,37.0,55.5,1002.1,25,5,2
2025-12-10 13:00:00+00:00,11.6,68,0.0,,228,37.0,53.7,1003.1,30,5,3
2025-12-10 14:00:00+00:00,11.6,68,0.0,,229,33.3,51.8,1004.4,30,4,2
2025-12-10 15:00:00+00:00,11.3,67,0.0,,232,31.5,50.0,1005.5,25,5,2
2025-12-10 16:00:00+00:00,11.0,68,0.0,,230,29.6,48.2,1006.5,14,4,2
2025-12-10 17:00:00+00:00,10.6,69,0.0,,230,29.6,48.2,1007.3,0,5,2
2025-12-10 18:00:00+00:00,10.1,72,0.0,,229,29.6,44.5,1008.1,0,5,3
2025-12-10 19:00:00+00:00,10.1,72,0.0,,228,29.6,46.3,1009.1,0,7,4
2025-12-10 20:00:00+00:00,10.1,74,0.0,,227,27.8,44.5,1009.8,0,7,4
2025-12-10 21:00:00+00:00,10.1,75,0.0,,225,27.8,44.5,1010.1,0,8,4
2025-12-10 22:00:00+00:00,10.3,73,0.0,,227,27.8,44.5,1010.3,0,6,4
2025-12-10 23:00:00+00:00,10.5,72,0.0,,224,27.8,44.5,1010.6,0,6,4
2025-12-11 00:00:00+00:00,10.6,71,0.0,,223,27.8,42.6,1010.6,0,7,4
2025-12-11 01:00:00+00:00,10.6,71,0.0,,223,25.9,40.8,1010.9,0,6,4
2025-12-11 02:00:00+00:00,10.7,70,0.0,,224,27.8,42.6,1010.9,0,7,4
2025-12-11 03:00:00+00:00,10.7,70,0.0,,224,25.9,42.6,1010.9,0,7,4
2025-12-11 04:00:00+00:00,10.6,69,0.0,,224,27.8,44.5,1010.9,0,5,4
2025-12-11 05:00:00+00:00,10.6,68,0.0,,224,25.9,42.6,1010.8,0,6,3
2025-12-11 06:00:00+00:00,10.5,68,0.0,,224,25.9,40.8,1010.6,0,6,3
2025-12-11 07:00:00+00:00,10.4,68,0.0,,223,24.1,38.9,1010.6,0,4,2
2025-12-11 08:00:00+00:00,10.1,70,0.0,,219,24.1,37.0,1010.5,0,3,2
2025-12-11 09:00:00+00:00,10.1,71,0.0,,217,24.1,38.9,1010.5,1,3,2
2025-12-11 10:00:00+00:00,10.1,72,0.0,,215,24.1,38.9,1010.7,5,2,1
2025-12-11 11:00:00+00:00,10.8,69,0.0,,214,25.9,40.8,1010.3,12,2,1
2025-12-11 12:00:00+00:00,11.2,68,0.0,,212,25.9,40.8,1009.9,16,3,1
2025-12-11 13:00:00+00:00,11.3,68,0.0,,213,25.9,40.8,1009.8,17,3,2
2025-12-11 14:00:00+00:00,11.4,68,0.0,,211,24.1,38.9,1009.8,17,3,2
2025-12-11 15:00:00+00:00,11.1,68,0.0,,210,22.2,35.2,1009.9,12,3,2
2025-12-11 16:00:00+00:00,10.8,69,0.0,,209,20.4,31.5,1009.9,7,3,2
2025-12-11 17:00:00+00:00,10.4,71,0.0,,205,18.5,29.6,1009.8,0,4,2
2025-12-11 18:00:00+00:00,9.2,77,0.0,,201,16.7,25.9,1009.8,0,4,2
2025-12-11 19:00:00+00:00,9.1,77,0.0,,199,14.8,25.9,1009.9,0,4,2
2025-12-11 20:00:00+00:00,9.0,79,0.0,,200,14.8,25.9,1010.0,0,4,2
2025-12-11 21:00:00+00:00,9.1,79,0.0,,201,16.7,27.8,1009.8,0,5,2
2025-12-11 22:00:00+00:00,9.2,78,0.0,,195,16.7,27.8,1009.6,0,5,4
2025-12-11 23:00:00+00:00,9.3,77,0.0,,194,14.8,27.8,1009.5,0,6,3
2025-12-12 00:00:00+00:00,9.5,77,0.0,,194,14.8,25.9,1009.5,0,6,3
2025-12-12 01:00:00+00:00,9.4,78,0.0,,194,14.8,24.1,1009.6,0,6,3
2025-12-12 02:00:00+00:00,9.5,78,0.0,,196,14.8,24.1,1009.5,0,6,4
2025-12-12 03:00:00+00:00,9.8,77,0.0,,197,13.0,24.1,1009.5,0,6,4
2025-12-12 04:00:00+00:00,9.8,78,0.0,,196,11.1,20.4,1009.6,0,7,4
2025-12-12 05:00:00+00:00,9.9,77,0.0,,199,11.1,20.4,1009.6,0,6,4
2025-12-12 06:00:00+00:00,9.0,83,0.0,,212,9.3,18.5,1009.9,0,7,4
2025-12-12 07:00:00+00:00,8.9,83,0.0,,221,9.3,16.7,1010.5,0,7,7
2025-12-12 08:00:00+00:00,8.8,81,1.3,,228,7.4,16.7,1011.1,0,8,7
2025-12-12 09:00:00+00:00,8.8,79,0.0,,232,7.4,16.7,1011.8,0,6,7
2025-12-12 10:00:00+00:00,8.2,83,0.2,,231,9.3,18.5,1012.3,0,7,7
2025-12-12 11:00:00+00:00,8.1,85,0.0,,231,9.3,18.5,1012.7,5,6,4
2025-12-12 12:00:00+00:00,7.9,85,0.0,,234,9.3,18.5,1012.9,9,4,4
2025-12-12 13:00:00+00:00,8.0,83,0.0,,232,11.1,18.5,1013.5,13,3,2
2025-12-12 14:00:00+00:00,7.9,83,0.0,,233,11.1,18.5,1014.0,15,3,1
2025-12-12 15:00:00+00:00,7.9,79,0.0,,230,11.1,18.5,1014.6,13,2,1
2025-12-12 16:00:00+00:00,7.6,77,0.0,,230,9.3,16.7,1015.1,6,1,1
2025-12-12 17:00:00+00:00,7.0,78,0.0,,231,9.3,18.5,1015.3,0,3,2
2025-12-12 18:00:00+00:00,6.4,80,0.0,,228,9.3,16.7,1015.9,0,3,2
2025-12-12 19:00:00+00:00,6.4,79,0.0,,224,9.3,18.5,1016.6,0,4,2
2025-12-12 20:00:00+00:00,6.4,78,0.0,,222,11.1,20.4,1017.2,0,3,2
2025-12-12 21:00:00+00:00,6.4,79,0.0,,227,11.1,20.4,1017.7,0,3,2
2025-12-12 22:00:00+00:00,6.0,80,0.0,,229,11.1,20.4,1018.0,0,3,2
2025-12-12 23:00:00+00:00,6.0,80,0.0,,228,11.1,20.4,1018.5,0,3,2
2025-12-13 00:00:00+00:00,6.0,80,0.0,,227,11.1,18.5,1018.8,0,2,2
2025-12-13 01:00:00+00:00,5.9,81,0.0,,223,11.1,20.4,1019.4,0,2,1
2025-12-13 02:00:00+00:00,5.8,81,0.0,,223,11.1,20.4,1019.7,0,2,1
2025-12-13 03:00:00+00:00,5.9,81,0.0,,221,11.1,22.2,1019.9,0,2,1
2025-12-13 04:00:00+00:00,5.9,80,0.0,,221,13.0,22.2,1020.1,0,1,1
2025-12-13 05:00:00+00:00,6.1,79,0.0,,220,13.0,24.1,1020.2,0,2,1
2025-12-13 06:00:00+00:00,6.2,78,0.0,,223,13.0,24.1,1020.2,0,2,1
2025-12-13 07:00:00+00:00,6.4,76,0.0,,223,13.0,24.1,1020.6,0,2,1
2025-12-13 08:00:00+00:00,6.7,77,0.0,,219,14.8,24.1,1020.9,0,2,1
2025-12-13 09:00:00+00:00,7.2,76,0.0,,218,16.7,25.9,1021.2,10,2,1
2025-12-13 10:00:00+00:00,7.5,77,0.0,,215,18.5,29.6,1020.8,20,1,1
2025-12-13 11:00:00+00:00,8.6,74,0.0,,212,20.4,33.3,1020.1,26,2,1
2025-12-13 12:00:00+00:00,9.3,73,0.0,,212,24.1,37.0,1019.1,28,2,1
2025-12-13 13:00:00+00:00,9.7,72,0.0,,214,25.9,40.8,1018.1,23,3,2
2025-12-13 14:00:00+00:00,9.8,72,0.0,,212,27.8,44.5,1017.3,16,4,2
2025-12-13 15:00:00+00:00,9.8,71,0.0,,213,29.6,46.3,1016.5,10,6,2
2025-12-13 16:00:00+00:00,9.6,74,0.0,,214,31.5,50.0,1015.4,2,6,4
2025-12-13 17:00:00+00:00,10.0,72,0.0,,215,33.3,51.8,1014.8,0,6,4
2025-12-13 18:00:00+00:00,10.4,72,0.0,,216,33.3,51.8,1014.1,0,8,4
2025-12-13 19:00:00+00:00,10.2,73,0.0,,216,35.2,53.7,1013.8,0,8,4
2025-12-13 20:00:00+00:00,10.3,75,0.0,,215,37.0,55.5,1013.4,0,8,4
2025-12-13 21:00:00+00:00,10.6,75,0.0,,214,37.0,59.3,1013.0,0,8,4
2025-12-13 22:00:00+00:00,10.8,74,0.0,,217,38.9,61.1,1012.7,0,8,4
2025-12-13 23:00:00+00:00,11.0,74,0.0,,217,38.9,61.1,1012.0,0,8,4
2025-12-14 00:00:00+00:00,11.0,76,0.0,,216,38.9,59.3,1011.4,0,8,4
2025-12-14 01:00:00+00:00,11.2,77,0.1,,219,38.9,59.3,1010.9,0,8,4
2025-12-14 02:00:00+00:00,11.4,77,0.1,,218,38.9,61.1,1010.6,0,8,7
2025-12-14 03:00:00+00:00,11.5,78,0.1,,219,38.9,59.3,1010.1,0,8,7
2025-12-14 04:00:00+00:00,11.6,78,0.0,,219,37.0,57.4,1009.5,0,8,7
2025-12-14 05:00:00+00:00,11.7,79,0.0,,218,35.2,53.7,1009.1,0,8,7
2025-12-14 06:00:00+00:00,11.6,80,0.0,,219,33.3,51.8,1008.8,0,8,7
2025-12-14 07:00:00+00:00,11.7,79,0.0,,218,33.3,50.0,1008.5,0,8,7
2025-12-14 08:00:00+00:00,11.9,78,0.0,,219,33.3,50.0,1008.5,0,8,7
2025-12-14 09:00:00+00:00,12.0,78,0.0,,219,33.3,50.0,1008.3,0,8,7
2025-12-14 10:00:00+00:00,12.3,77,0.0,,216,33.3,50.0,1007.7,0,8,7
2025-12-14 11:00:00+00:00,12.3,78,0.0,,214,33.3,50.0,1006.9,0,8,7
2025-12-14 12:00:00+00:00,12.4,77,0.0,,213,33.3,50.0,1005.8,0,8,7
2025-12-14 13:00:00+00:00,12.4,77,0.1,,212,33.3,51.8,1004.9,0,8,7
2025-12-14 14:00:00+00:00,12.4,77,0.1,,211,35.2,53.7,1004.0,0,8,7
2025-12-14 15:00:00+00:00,12.3,77,0.1,,210,35.2,53.7,1003.2,0,8,7
2025-12-14 16:00:00+00:00,12.0,80,0.1,,210,35.2,53.7,1002.4,0,8,7
2025-12-14 17:00:00+00:00,12.1,79,0.1,,213,37.0,55.5,1002.0,0,8,7
2025-12-14 18:00:00+00:00,12.3,78,0.1,,211,35.2,53.7,1001.2,0,8,7
2025-12-14 19:00:00+00:00,12.1,79,0.1,,211,35.2,53.7,1000.7,0,8,7
2025-12-14 20:00:00+00:00,12.0,80,0.1,,210,35.2,55.5,1000.2,0,8,7
2025-12-14 21:00:00+00:00,12.1,80,0.1,,209,35.2,57.4,999.7,0,8,7
2025-12-14 22:00:00+00:00,12.1,82,0.1,,212,35.2,55.5,999.2,0,8,7
2025-12-14 23:00:00+00:00,11.9,84,0.1,,213,35.2,53.7,998.9,0,8,7
2025-12-15 00:00:00+00:00,11.9,84,0.1,,212,33.3,51.8,998.8,0,8,7
2025-12-15 01:00:00+00:00,11.9,84,0.2,,214,31.5,50.0,998.9,0,8,7
2025-12-15 02:00:00+00:00,11.9,85,0.2,,215,29.6,46.3,998.9,0,8,7
2025-12-15 03:00:00+00:00,11.7,85,0.1,,216,24.1,40.8,999.0,0,8,7
2025-12-15 04:00:00+00:00,11.3,85,0.3,,221,16.7,29.6,999.5,0,8,7
2025-12-15 05:00:00+00:00,11.1,85,0.2,,223,13.0,24.1,999.5,0,8,7
2025-12-15 06:00:00+00:00,10.1,89,0.2,,230,11.1,18.5,999.5,0,8,7
2025-12-15 07:00:00+00:00,9.9,89,0.3,,238,9.3,14.8,999.6,0,8,7
2025-12-15 08:00:00+00:00,9.6,89,0.3,,246,7.4,13.0,1000.0,0,8,7
2025-12-15 09:00:00+00:00,9.3,89,0.3,,245,7.4,11.1,1000.3,0,8,7
2025-12-15 10:00:00+00:00,8.8,93,0.3,,254,5.5,11.1,1000.5,0,7,7
2025-12-15 11:00:00+00:00,8.7,95,0.3,,259,5.5,13.0,1000.2,0,8,7
2025-12-15 12:00:00+00:00,8.6,95,0.3,,302,7.4,13.0,999.9,0,8,7
2025-12-15 13:00:00+00:00,8.7,93,1.1,,319,7.4,13.0,999.6,0,8,8
2025-12-15 14:00:00+00:00,8.5,93,1.2,,336,7.4,13.0,999.4,0,8,8
2025-12-15 15:00:00+00:00,8.5,92,1.2,,338,7.4,13.0,999.4,0,8,8
2025-12-15 16:00:00+00:00,8.6,88,1.2,,324,7.4,13.0,999.6,0,8,7
2025-12-15 17:00:00+00:00,8.0,91,1.2,,318,7.4,14.8,1000.0,0,8,7
2025-12-15 18:00:00+00:00,7.5,92,1.2,,310,9.3,14.8,1000.3,0,8,7
2025-12-15 19:00:00+00:00,7.0,92,0.5,,302,9.3,14.8,1000.9,0,8,7
2025-12-15 20:00:00+00:00,6.5,93,0.5,,296,9.3,16.7,1001.4,0,8,7
2025-12-15 21:00:00+00:00,5.8,96,0.4,,292,9.3,18.5,1001.8,0,8,7
2025-12-15 22:00:00+00:00,5.7,90,0.4,,285,9.3,16.7,1002.7,0,7,7
2025-12-15 23:00:00+00:00,5.0,91,0.3,,283,9.3,16.7,1003.1,0,6,4
2025-12-16 00:00:00+00:00,4.4,92,0.3,,285,9.3,18.5,1003.6,0,7,4
2025-12-16 01:00:00+00:00,3.9,93,0.0,,280,9.3,18.5,1004.1,0,7,4
2025-12-16 02:00:00+00:00,3.3,95,0.0,,274,9.3,18.5,1004.4,0,6,4
2025-12-16 03:00:00+00:00,3.0,95,0.0,,276,9.3,18.5,1004.7,0,7,4
2025-12-16 04:00:00+00:00,3.4,88,0.0,,280,7.4,16.7,1005.4,0,6,4
2025-12-16 05:00:00+00:00,3.4,89,0.0,,274,7.4,16.7,1005.9,0,6,4
2025-12-16 06:00:00+00:00,3.5,87,0.0,,272,7.4,16.7,1006.5,0,5,4
2025-12-16 07:00:00+00:00,3.2,89,0.0,,275,7.4,16.7,1007.4,0,5,3
2025-12-16 08:00:00+00:00,3.1,90,0.0,,273,7.4,14.8,1008.1,0,4,2
2025-12-16 09:00:00+00:00,3.3,91,0.0,,269,7.4,14.8,1008.8,1,2,2
2025-12-16 10:00:00+00:00,3.6,89,0.0,,274,7.4,16.7,1009.4,4,3,1
2025-12-16 11:00:00+00:00,4.4,87,0.0,,266,7.4,16.7,1009.7,12,2,1
2025-12-16 12:00:00+00:00,4.9,86,0.0,,263,7.4,16.7,1009.9,19,1,1
2025-12-16 13:00:00+00:00,5.2,84,0.0,,262,9.3,16.7,1010.2,23,2,1
2025-12-16 14:00:00+00:00,5.3,83,0.0,,262,9.3,16.7,1010.6,25,1,1
2025-12-16 15:00:00+00:00,5.1,80,0.0,,264,7.4,16.7,1010.9,21,2,1
2025-12-16 16:00:00+00:00,4.8,79,0.0,,261,7.4,14.8,1011.3,15,2,1
2025-12-16 17:00:00+00:00,3.9,81,0.0,,262,7.4,14.8,1011.7,0,2,1
2025-12-16 18:00:00+00:00,3.4,82,0.0,,264,9.3,16.7,1012.0,0,1,1
2025-12-16 19:00:00+00:00,2.8,84,0.0,,258,9.3,16.7,1012.2,0,1,1
2025-12-16 20:00:00+00:00,2.5,85,0.0,,255,9.3,16.7,1012.4,0,1,1
2025-12-16 21:00:00+00:00,2.5,85,0.0,,249,9.3,18.5,1012.5,0,1,1
2025-12-16 22:00:00+00:00,2.4,84,0.0,,246,9.3,18.5,1012.4,0,1,1
2025-12-16 23:00:00+00:00,2.6,84,0.0,,238,9.3,16.7,1012.4,0,1,1
2025-12-17 00:00:00+00:00,2.7,85,0.0,,235,9.3,16.7,1012.2,0,1,1
2025-12-17 01:00:00+00:00,3.0,83,0.0,,226,9.3,16.7,1012.0,0,2,1
2025-12-17 02:00:00+00:00,3.1,82,0.0,,222,9.3,16.7,1011.4,0,3,1
2025-12-17 03:00:00+00:00,3.1,84,0.0,,214,11.1,18.5,1010.7,0,4,1
2025-12-17 04:00:00+00:00,3.5,84,0.0,,208,13.0,20.4,1010.0,0,5,4
2025-12-17 05:00:00+00:00,4.2,81,0.0,,202,13.0,22.2,1009.3,0,6,4
2025-12-17 06:00:00+00:00,4.6,80,0.0,,202,13.0,24.1,1008.7,0,8,4
2025-12-17 07:00:00+00:00,5.3,79,0.0,,200,14.8,25.9,1008.1,0,8,4
2025-12-17 08:00:00+00:00,5.7,78,0.0,,198,16.7,27.8,1007.4,0,8,4
2025-12-17 09:00:00+00:00,6.0,79,0.0,,199,18.5,31.5,1006.6,0,8,7
2025-12-17 10:00:00+00:00,6.0,80,0.2,,197,20.4,33.3,1005.8,0,7,7
2025-12-17 11:00:00+00:00,6.6,81,0.2,,197,20.4,33.3,1005.1,0,8,7
2025-12-17 12:00:00+00:00,7.3,81,0.3,,198,22.2,37.0,1004.0,0,8,7
2025-12-17 13:00:00+00:00,7.7,83,0.2,,200,24.1,38.9,1003.0,0,8,7
2025-12-17 14:00:00+00:00,8.5,81,0.2,,200,25.9,40.8,1002.2,0,8,7
2025-12-17 15:00:00+00:00,9.0,80,0.2,,201,24.1,40.8,1001.4,0,8,7
2025-12-17 16:00:00+00:00,9.6,81,0.2,,202,25.9,42.6,1000.5,0,8,7
2025-12-17 17:00:00+00:00,9.9,82,0.3,,203,27.8,42.6,999.8,0,8,7
2025-12-17 18:00:00+00:00,10.2,81,0.3,,201,25.9,40.8,999.1,0,8,7
2025-12-17 19:00:00+00:00,10.2,83,0.5,,202,24.1,38.9,998.6,0,8,7
2025-12-17 20:00:00+00:00,10.2,85,0.5,,202,24.1,37.0,998.1,0,8,7
2025-12-17 21:00:00+00:00,10.2,86,0.5,,206,22.2,37.0,997.6,0,8,7
2025-12-17 22:00:00+00:00,10.9,86,0.4,,210,20.4,35.2,997.1,0,8,7
2025-12-17 23:00:00+00:00,11.0,85,0.4,,214,18.5,33.3,996.8,0,8,7
2025-12-18 00:00:00+00:00,10.9,85,0.3,,217,18.5,31.5,996.6,0,8,7
2025-12-18 01:00:00+00:00,10.9,83,0.2,,221,18.5,31.5,996.8,0,8,7
2025-12-18 02:00:00+00:00,10.6,82,0.2,,223,18.5,31.5,997.1,0,7,7
2025-12-18 03:00:00+00:00,10.3,81,0.0,,225,16.7,29.6,997.4,0,6,4
2025-12-18 04:00:00+00:00,9.7,79,0.0,,227,18.5,31.5,998.1,0,5,3
2025-12-18 05:00:00+00:00,9.2,79,0.0,,225,18.5,29.6,998.9,0,4,2
2025-12-18 06:00:00+00:00,8.7,79,0.0,,228,16.7,27.8,999.7,0,4,2
2025-12-18 07:00:00+00:00,8.6,77,0.0,,227,14.8,25.9,1000.6,0,4,2
2025-12-18 08:00:00+00:00,8.2,78,0.0,,222,13.0,24.1,1000.9,0,3,2
2025-12-18 09:00:00+00:00,8.3,78,0.0,,219,13.0,22.2,1001.4,0,3,2
2025-12-18 10:00:00+00:00,8.2,78,0.0,,214,11.1,20.4,1002.0,3,3,1
2025-12-18 11:00:00+00:00,8.7,78,0.0,,201,11.1,20.4,1001.5,8,3,1
2025-12-18 12:00:00+00:00,9.1,78,0.0,,191,11.1,20.4,1000.7,11,4,1
2025-12-18 13:00:00+00:00,9.1,79,0.0,,179,11.1,20.4,999.4,11,4,2
2025-12-18 14:00:00+00:00,9.0,80,0.4,,173,9.3,18.5,997.9,9,6,2
2025-12-18 15:00:00+00:00,9.0,80,0.6,,169,9.3,18.5,996.5,6,7,7
2025-12-18 16:00:00+00:00,9.0,80,0.2,,170,7.4,16.7,995.2,2,6,7
2025-12-18 17:00:00+00:00,8.6,81,0.2,,177,9.3,16.7,993.9,0,7,7
2025-12-18 18:00:00+00:00,8.1,83,0.2,,190,9.3,16.7,993.0,0,8,7
2025-12-18 19:00:00+00:00,8.1,82,0.1,,202,11.1,20.4,993.0,0,8,7
2025-12-18 20:00:00+00:00,8.1,82,0.1,,206,13.0,24.1,992.9,0,8,7
2025-12-18 21:00:00+00:00,7.9,83,0.0,,214,18.5,29.6,992.8,0,7,4
2025-12-18 22:00:00+00:00,7.9,81,0.0,,219,18.5,29.6,992.9,0,7,4
2025-12-18 23:00:00+00:00,7.8,78,0.0,,221,20.4,33.3,994.4,0,6,4
2025-12-19 00:00:00+00:00,7.6,76,0.0,,225,20.4,33.3,995.7,0,4,2
2025-12-19 01:00:00+00:00,7.4,75,0.0,,224,22.2,37.0,996.6,0,3,2
2025-12-19 02:00:00+00:00,7.4,74,0.0,,223,24.1,38.9,997.2,0,3,1
2025-12-19 03:00:00+00:00,7.6,73,0.0,,218,24.1,40.8,997.7,0,3,1
2025-12-19 04:00:00+00:00,7.8,70,0.0,,217,29.6,46.3,998.2,0,2,1
2025-12-19 05:00:00+00:00,8.2,70,0.0,,217,29.6,48.2,998.4,0,3,1
2025-12-19 06:00:00+00:00,8.4,70,0.0,,219,29.6,46.3,998.8,0,3,1
2025-12-19 07:00:00+00:00,8.9,68,0.0,,220,29.6,46.3,999.6,0,4,1
2025-12-19 08:00:00+00:00,9.1,69,0.0,,222,31.5,44.5,1000.5,0,4,2
2025-12-19 09:00:00+00:00,9.5,69,0.0,,223,31.5,46.3,1001.4,6,4,2
2025-12-19 10:00:00+00:00,9.8,68,0.0,,225,31.5,48.2,1002.3,14,4,2
2025-12-19 11:00:00+00:00,9.9,70,0.0,,226,33.3,50.0,1003.1,23,4,2
2025-12-19 12:00:00+00:00,9.9,71,0.0,,227,33.3,50.0,1003.9,30,4,2
2025-12-19 13:00:00+00:00,9.9,71,0.0,,229,31.5,48.2,1004.8,33,4,2
2025-12-19 14:00:00+00:00,9.9,70,0.0,,229,27.8,46.3,1005.8,32,4,2
2025-12-19 15:00:00+00:00,9.8,69,0.0,,229,25.9,42.6,1006.7,27,4,2
2025-12-19 16:00:00+00:00,9.0,72,0.0,,226,24.1,38.9,1007.7,16,4,2
2025-12-19 17:00:00+00:00,8.6,73,0.0,,227,22.2,37.0,1008.6,0,4,2
2025-12-19 18:00:00+00:00,7.2,78,0.0,,226,20.4,33.3,1009.1,0,3,2
2025-12-19 19:00:00+00:00,7.2,77,0.0,,224,18.5,31.5,1009.9,0,4,2
2025-12-19 20:00:00+00:00,7.1,78,0.0,,222,18.5,29.6,1010.4,0,4,2
2025-12-19 21:00:00+00:00,7.0,78,0.0,,223,18.5,29.6,1010.6,0,4,1
2025-12-19 22:00:00+00:00,6.8,80,0.0,,226,16.7,27.8,1010.7,0,4,2
2025-12-19 23:00:00+00:00,6.8,78,0.0,,223,14.8,24.1,1010.9,0,3,2
2025-12-20 00:00:00+00:00,6.6,80,0.0,,221,13.0,22.2,1010.8,0,3,2
2025-12-20 01:00:00+00:00,6.6,80,0.0,,221,13.0,20.4,1010.9,0,3,2
2025-12-20 02:00:00+00:00,6.5,79,0.0,,219,11.1,18.5,1010.7,0,3,2
2025-12-20 03:00:00+00:00,6.3,81,0.0,,215,11.1,18.5,1010.6,0,4,2
2025-12-20 04:00:00+00:00,6.1,82,0.0,,213,11.1,18.5,1010.5,0,3,2
2025-12-20 05:00:00+00:00,6.1,81,0.0,,213,9.3,18.5,1010.3,0,3,2
2025-12-20 06:00:00+00:00,6.0,80,0.0,,213,9.3,14.8,1010.3,0,3,2
2025-12-20 07:00:00+00:00,6.0,80,0.0,,216,7.4,14.8,1010.5,0,3,2
2025-12-20 08:00:00+00:00,5.7,81,0.0,,208,7.4,13.0,1010.6,0,3,2
2025-12-20 09:00:00+00:00,5.7,82,0.0,,199,7.4,13.0,1010.8,3,3,2
2025-12-20 10:00:00+00:00,5.7,83,0.0,,190,7.4,14.8,1010.8,12,3,2
2025-12-20 11:00:00+00:00,6.4,81,0.0,,188,9.3,16.7,1010.6,21,4,2
2025-12-20 12:00:00+00:00,7.0,79,0.0,,176,9.3,18.5,1010.3,26,4,2
2025-12-20 13:00:00+00:00,7.2,78,0.0,,170,11.1,18.5,1010.0,29,4,2
2025-12-20 14:00:00+00:00,7.2,79,0.0,,167,11.1,18.5,1009.8,27,4,2
2025-12-20 15:00:00+00:00,7.0,79,0.0,,157,9.3,16.7,1009.7,21,4,2
2025-12-20 16:00:00+00:00,6.7,80,0.0,,150,9.3,16.7,1009.6,13,5,2
2025-12-20 17:00:00+00:00,6.3,80,0.0,,138,7.4,14.8,1009.3,0,5,2
2025-12-20 18:00:00+00:00,6.0,81,0.0,,126,9.3,16.7,1009.2,0,4,2
2025-12-20 19:00:00+00:00,5.7,82,0.0,,121,9.3,16.7,1009.2,0,4,2
2025-12-20 20:00:00+00:00,5.8,81,0.0,,122,9.3,18.5,1009.3,0,5,2
2025-12-20 21:00:00+00:00,5.8,81,0.0,,120,11.1,18.5,1009.3,0,5,3
2025-12-20 22:00:00+00:00,5.8,80,0.0,,110,11.1,18.5,1009.3,0,6,4
2025-12-20 23:00:00+00:00,5.9,80,0.0,,106,11.1,18.5,1009.2,0,6,3
2025-12-21 00:00:00+00:00,5.9,81,0.0,,102,9.3,18.5,1009.2,0,6,3
2025-12-21 01:00:00+00:00,5.9,81,0.0,,104,11.1,18.5,1009.2,0,6,3
2025-12-21 02:00:00+00:00,6.0,82,0.0,,99,11.1,18.5,1009.2,0,6,3
2025-12-21 03:00:00+00:00,6.0,84,0.0,,101,11.1,18.5,1009.1,0,8,4
2025-12-21 04:00:00+00:00,6.0,85,0.0,,98,11.1,18.5,1009.1,0,7,4
2025-12-21 05:00:00+00:00,6.1,86,0.0,,93,9.3,18.5,1009.0,0,8,4
2025-12-21 06:00:00+00:00,6.1,88,0.0,,86,9.3,16.7,1009.3,0,8,4
2025-12-21 07:00:00+00:00,7.1,84,0.0,,90,9.3,16.7,1009.6,0,8,4
2025-12-21 08:00:00+00:00,7.3,86,0.0,,92,9.3,16.7,1009.8,0,8,4
2025-12-21 09:00:00+00:00,7.3,90,0.2,,90,9.3,14.8,1010.3,0,8,4
2025-12-21 10:00:00+00:00,7.8,90,0.0,,88,9.3,14.8,1010.4,0,8,4
2025-12-21 11:00:00+00:00,8.1,90,0.0,,90,9.3,16.7,1010.9,0,8,4
2025-12-21 12:00:00+00:00,8.5,90,0.0,,92,9.3,16.7,1010.7,3,8,7
2025-12-21 13:00:00+00:00,8.8,89,0.0,,89,11.1,18.5,1010.6,5,8,7
2025-12-21 14:00:00+00:00,9.0,88,0.0,,84,11.1,18.5,1010.7,3,8,4
2025-12-21 15:00:00+00:00,9.0,89,0.0,,81,11.1,18.5,1010.8,1,8,7
2025-12-21 16:00:00+00:00,8.8,90,0.0,,74,9.3,18.5,1010.9,2,8,7
2025-12-21 17:00:00+00:00,8.6,90,0.1,,71,11.1,18.5,1010.8,0,8,7
2025-12-21 18:00:00+00:00,8.5,92,0.0,,70,11.1,20.4,1010.7,0,8,7
2025-12-21 19:00:00+00:00,8.3,92,0.0,,69,13.0,22.2,1010.8,0,8,7
2025-12-21 20:00:00+00:00,8.4,93,0.4,,65,13.0,22.2,1010.8,0,8,7
2025-12-21 21:00:00+00:00,8.5,93,0.4,,68,13.0,22.2,1010.6,0,8,7
2025-12-21 22:00:00+00:00,8.6,93,0.3,,70,14.8,22.2,1010.4,0,8,7
2025-12-21 23:00:00+00:00,8.6,94,0.4,,69,14.8,22.2,1010.1,0,8,7
2025-12-22 00:00:00+00:00,8.7,95,0.4,,69,14.8,24.1,1009.7,0,8,7
2025-12-22 01:00:00+00:00,8.8,95,0.9,,71,16.7,24.1,1009.5,0,8,7
2025-12-22 02:00:00+00:00,8.8,95,0.9,,76,14.8,24.1,1009.3,0,8,7
2025-12-22 03:00:00+00:00,8.8,93,0.9,,77,16.7,27.8,1009.0,0,8,7
2025-12-22 04:00:00+00:00,8.8,93,0.9,,77,14.8,25.9,1008.8,0,8,7
2025-12-22 05:00:00+00:00,8.8,92,0.8,,81,14.8,25.9,1009.0,0,8,7
2025-12-22 06:00:00+00:00,8.8,92,0.8,,85,14.8,25.9,1008.6,0,8,7
2025-12-22 07:00:00+00:00,8.8,92,0.2,,87,14.8,24.1,1008.6,0,8,7
2025-12-22 08:00:00+00:00,8.8,91,0.1,,89,14.8,24.1,1008.5,0,8,7
2025-12-22 09:00:00+00:00,8.8,90,0.1,,90,13.0,24.1,1008.8,0,8,7
2025-12-22 10:00:00+00:00,8.9,90,0.0,,93,14.8,24.1,1009.1,0,8,7
2025-12-22 11:00:00+00:00,8.9,90,0.0,,95,14.8,24.1,1009.8,0,8,7
2025-12-22 12:00:00+00:00,8.9,90,0.0,,97,13.0,24.1,1009.8,0,8,7
2025-12-22 13:00:00+00:00,8.9,89,0.0,,102,14.8,24.1,1009.7,0,8,4
2025-12-22 14:00:00+00:00,8.9,88,0.0,,101,13.0,22.2,1009.9,0,8,4
2025-12-22 15:00:00+00:00,8.8,86,0.0,,98,11.1,20.4,1010.0,0,8,4
2025-12-22 16:00:00+00:00,9.2,84,0.0,,88,9.3,16.7,1011.9,1,7,4
2025-12-22 17:00:00+00:00,8.8,86,0.0,,84,9.3,16.7,1012.5,0,7,4
2025-12-22 18:00:00+00:00,8.0,90,0.0,,79,9.3,16.7,1012.9,0,7,4
2025-12-22 19:00:00+00:00,8.0,89,0.0,,80,9.3,16.7,1013.5,0,8,4
2025-12-22 20:00:00+00:00,8.0,90,0.0,,87,7.4,16.7,1014.1,0,8,4
2025-12-22 21:00:00+00:00,7.9,89,0.0,,82,9.3,16.7,1014.6,0,8,4
2025-12-22 22:00:00+00:00,8.6,87,0.0,,75,7.4,14.8,1015.0,0,8,4
2025-12-22 23:00:00+00:00,8.6,86,0.0,,77,7.4,14.8,1015.4,0,8,4
2025-12-23 00:00:00+00:00,8.4,86,0.0,,75,7.4,14.8,1015.8,0,8,4
2025-12-23 01:00:00+00:00,8.4,85,0.0,,75,7.4,14.8,1016.6,0,8,4
2025-12-23 02:00:00+00:00,8.4,85,0.0,,76,7.4,14.8,1017.0,0,8,4
2025-12-23 03:00:00+00:00,8.5,84,0.0,,77,7.4,16.7,1017.4,0,8,4
2025-12-23 04:00:00+00:00,8.0,83,0.0,,72,9.3,16.7,1018.1,0,8,4
2025-12-23 05:00:00+00:00,8.0,84,0.0,,78,9.3,18.5,1018.5,0,8,4
2025-12-23 06:00:00+00:00,7.5,87,0.0,,76,9.3,18.5,1018.9,0,8,4
2025-12-23 07:00:00+00:00,7.6,86,0.0,,77,11.1,18.5,1019.9,0,8,4
2025-12-23 08:00:00+00:00,7.6,86,0.0,,78,11.1,18.5,1020.9,0,8,4
2025-12-23 09:00:00+00:00,7.6,87,0.0,,80,11.1,20.4,1021.9,0,8,4
2025-12-23 10:00:00+00:00,7.8,85,0.0,,81,11.1,20.4,1022.2,0,8,4
2025-12-23 11:00:00+00:00,8.0,85,0.0,,82,13.0,22.2,1023.0,0,8,4
2025-12-23 12:00:00+00:00,8.2,84,0.0,,84,13.0,24.1,1023.7,0,8,4
2025-12-23 13:00:00+00:00,8.3,83,0.0,,84,14.8,24.1,1024.4,0,8,4
2025-12-23 14:00:00+00:00,8.3,82,0.0,,82,14.8,24.1,1025.2,0,8,4
2025-12-23 15:00:00+00:00,8.1,81,0.0,,78,13.0,24.1,1026.0,0,8,4
2025-12-23 16:00:00+00:00,8.1,79,0.0,,76,13.0,24.1,1026.9,0,8,4
2025-12-23 17:00:00+00:00,7.6,81,0.0,,71,14.8,25.9,1027.8,0,8,4
2025-12-23 18:00:00+00:00,6.8,85,0.0,,70,14.8,25.9,1028.6,0,8,4
2025-12-23 19:00:00+00:00,6.7,84,0.0,,70,14.8,25.9,1029.6,0,8,4
2025-12-23 20:00:00+00:00,6.6,85,0.0,,73,13.0,25.9,1030.4,0,8,4
2025-12-23 21:00:00+00:00,6.4,84,0.0,,72,13.0,24.1,1031.1,0,8,4
2025-12-23 22:00:00+00:00,6.4,82,0.0,,69,13.0,24.1,1032.0,0,8,4
2025-12-23 23:00:00+00:00,6.4,81,0.0,,68,13.0,22.2,1032.7,0,8,4
2025-12-24 00:00:00+00:00,6.2,81,0.0,,68,11.1,22.2,1033.1,0,8,4
2025-12-24 01:00:00+00:00,6.3,80,0.0,,69,11.1,20.4,1033.8,0,8,4
2025-12-24 02:00:00+00:00,6.4,77,0.0,,67,11.1,20.4,1034.4,0,8,4
2025-12-24 03:00:00+00:00,6.5,77,0.0,,69,11.1,18.5,1034.8,0,8,4
2025-12-24 04:00:00+00:00,6.6,77,0.0,,71,11.1,20.4,1035.5,0,8,4
2025-12-24 05:00:00+00:00,6.6,77,0.0,,73,11.1,20.4,1035.9,0,8,4
2025-12-24 06:00:00+00:00,6.5,78,0.0,,76,11.1,18.5,1036.3,0,8,4
2025-12-24 07:00:00+00:00,6.3,77,0.0,,78,11.1,20.4,1037.0,0,8,4
2025-12-24 08:00:00+00:00,6.1,77,0.0,,78,9.3,18.5,1037.6,0,7,4
2025-12-24 09:00:00+00:00,6.0,78,0.0,,80,9.3,18.5,1038.5,0,7,4
2025-12-24 10:00:00+00:00,6.2,78,0.0,,79,9.3,18.5,1038.6,2,7,4
2025-12-24 11:00:00+00:00,6.8,75,0.0,,80,11.1,20.4,1039.0,6,7,4
2025-12-24 12:00:00+00:00,7.2,73,0.0,,85,11.1,20.4,1039.3,8,7,4
2025-12-24 13:00:00+00:00,7.5,71,0.0,,86,11.1,20.4,1039.5,9,6,4
2025-12-24 14:00:00+00:00,7.4,71,0.0,,83,11.1,20.4,1039.8,6,6,4
2025-12-24 15:00:00+00:00,7.1,70,0.0,,77,11.1,20.4,1040.1,5,6,4
2025-12-24 16:00:00+00:00,6.9,69,0.0,,71,11.1,20.4,1040.3,0,7,4
2025-12-24 17:00:00+00:00,6.3,70,0.0,,62,11.1,20.4,1040.4,0,6,4
2025-12-24 18:00:00+00:00,5.1,76,0.0,,56,11.1,20.4,1040.5,0,6,4
2025-12-24 19:00:00+00:00,5.1,76,0.0,,53,11.1,22.2,1040.7,0,7,4
2025-12-24 20:00:00+00:00,5.0,77,0.0,,53,11.1,22.2,1040.5,0,8,4
2025-12-24 21:00:00+00:00,4.9,78,0.0,,50,13.0,24.1,1040.6,0,8,4
2025-12-24 22:00:00+00:00,4.6,76,0.0,,49,11.1,22.2,1040.3,0,7,4
2025-12-24 23:00:00+00:00,4.9,75,0.0,,53,11.1,22.2,1040.2,0,8,4
2025-12-25 00:00:00+00:00,4.9,76,0.0,,54,11.1,22.2,1040.1,0,7,4
2025-12-25 01:00:00+00:00,5.0,76,0.0,,51,11.1,22.2,1040.2,0,8,4
2025-12-25 02:00:00+00:00,5.1,76,0.0,,50,13.0,24.1,1040.0,0,8,4
2025-12-25 03:00:00+00:00,5.4,75,0.0,,54,13.0,24.1,1039.7,0,8,4
2025-12-25 04:00:00+00:00,4.7,77,0.0,,55,13.0,25.9,1039.6,0,8,4
2025-12-25 05:00:00+00:00,4.8,78,0.0,,58,13.0,25.9,1039.1,0,8,4
2025-12-25 06:00:00+00:00,4.9,79,0.0,,60,13.0,25.9,1039.0,0,8,4
2025-12-25 07:00:00+00:00,5.2,78,0.0,,61,13.0,25.9,1038.9,0,8,4
2025-12-25 08:00:00+00:00,5.4,77,0.0,,60,13.0,25.9,1038.9,0,8,4
2025-12-25 09:00:00+00:00,5.6,77,0.0,,61,14.8,27.8,1039.1,0,8,4
2025-12-25 10:00:00+00:00,5.2,79,0.0,,61,14.8,27.8,1038.5,0,8,4
2025-12-25 11:00:00+00:00,5.7,77,0.0,,63,16.7,29.6,1038.3,0,8,4
2025-12-25 12:00:00+00:00,6.2,75,0.0,,65,16.7,29.6,1038.0,0,8,4
2025-12-25 13:00:00+00:00,6.5,75,0.0,,68,16.7,29.6,1037.4,2,7,4
2025-12-25 14:00:00+00:00,6.7,74,0.0,,67,16.7,29.6,1036.9,1,8,4
2025-12-25 15:00:00+00:00,6.7,74,0.0,,64,16.7,27.8,1036.6,0,8,4
2025-12-25 16:00:00+00:00,6.7,72,0.0,,62,14.8,25.9,1036.4,0,8,4
2025-12-25 17:00:00+00:00,6.3,73,0.0,,58,14.8,27.8,1036.0,0,7,4
2025-12-25 18:00:00+00:00,6.0,76,0.0,,56,14.8,27.8,1035.7,0,7,4
2025-12-25 19:00:00+00:00,5.9,77,0.0,,54,14.8,27.8,1035.7,0,8,4
2025-12-25 20:00:00+00:00,5.8,79,0.0,,54,14.8,27.8,1035.5,0,8,4
2025-12-25 21:00:00+00:00,5.6,78,0.0,,51,16.7,29.6,1035.5,0,8,4
2025-12-25 22:00:00+00:00,5.7,77,0.0,,51,14.8,27.8,1034.9,0,8,4
2025-12-25 23:00:00+00:00,5.8,77,0.0,,56,14.8,25.9,1034.8,0,8,4
2025-12-26 00:00:00+00:00,5.7,77,0.0,,55,13.0,24.1,1034.8,0,7,4
2025-12-26 01:00:00+00:00,5.7,77,0.0,,56,13.0,24.1,1035.2,0,6,4
2025-12-26 02:00:00+00:00,5.6,78,0.0,,55,11.1,22.2,1035.1,0,6,4
2025-12-26 03:00:00+00:00,5.6,78,0.0,,57,11.1,22.2,1035.1,0,6,4
2025-12-26 04:00:00+00:00,5.1,78,0.0,,54,11.1,24.1,1035.4,0,5,4
2025-12-26 05:00:00+00:00,4.9,81,0.0,,56,11.1,22.2,1035.1,0,5,4
2025-12-26 06:00:00+00:00,4.8,83,0.0,,58,11.1,22.2,1035.0,0,5,4
2025-12-26 07:00:00+00:00,4.8,83,0.0,,59,11.1,20.4,1035.1,0,5,4
2025-12-26 08:00:00+00:00,4.9,83,0.0,,58,11.1,20.4,1035.4,0,5,4
2025-12-26 09:00:00+00:00,5.1,83,0.0,,61,11.1,20.4,1035.6,3,5,4
2025-12-26 10:00:00+00:00,5.4,82,0.0,,64,11.1,22.2,1035.9,8,4,4
2025-12-26 11:00:00+00:00,6.0,81,0.0,,63,13.0,22.2,1036.3,16,4,4
2025-12-26 12:00:00+00:00,6.5,79,0.0,,67,13.0,22.2,1036.3,18,4,4
2025-12-26 13:00:00+00:00,6.6,80,0.0,,70,13.0,22.2,1036.1,20,4,2
2025-12-26 14:00:00+00:00,6.6,81,0.0,,67,13.0,22.2,1036.1,19,4,2
2025-12-26 15:00:00+00:00,6.6,79,0.0,,63,11.1,20.4,1036.3,15,5,2
2025-12-26 16:00:00+00:00,6.5,78,0.0,,58,11.1,20.4,1036.5,10,5,4
2025-12-26 17:00:00+00:00,6.5,77,0.0,,51,11.1,20.4,1036.9,0,5,4
2025-12-26 18:00:00+00:00,6.2,78,0.0,,49,11.1,20.4,1037.4,0,5,4
2025-12-26 19:00:00+00:00,5.4,82,0.0,,46,9.3,18.5,1037.6,0,5,4
2025-12-26 20:00:00+00:00,5.1,83,0.0,,41,9.3,20.4,1038.1,0,5,4
2025-12-26 21:00:00+00:00,4.9,85,0.0,,31,9.3,18.5,1038.4,0,6,4
2025-12-26 22:00:00+00:00,5.2,79,0.0,,28,9.3,18.5,1038.3,0,6,4
2025-12-26 23:00:00+00:00,5.0,80,0.0,,22,7.4,16.7,1038.6,0,5,4
2025-12-27 00:00:00+00:00,4.7,82,0.0,,15,9.3,18.5,1039.0,0,4,4
2025-12-27 01:00:00+00:00,4.5,83,0.0,,7,7.4,18.5,1039.4,0,3,4
2025-12-27 02:00:00+00:00,4.4,83,0.0,,9,7.4,16.7,1039.4,0,4,4
2025-12-27 03:00:00+00:00,4.6,84,0.0,,11,7.4,18.5,1039.4,0,4,4
2025-12-27 04:00:00+00:00,4.3,81,0.0,,15,9.3,18.5,1040.0,0,5,2
2025-12-27 05:00:00+00:00,4.4,83,0.0,,13,7.4,18.5,1040.0,0,5,4
2025-12-27 06:00:00+00:00,4.3,85,0.0,,11,9.3,18.5,1040.2,0,5,4
2025-12-27 07:00:00+00:00,4.4,85,0.0,,13,9.3,18.5,1040.5,0,6,4
2025-12-27 08:00:00+00:00,4.6,84,0.0,,7,9.3,20.4,1040.6,0,6,4
2025-12-27 09:00:00+00:00,4.9,85,0.0,,15,11.1,20.4,1040.9,0,6,4
2025-12-27 10:00:00+00:00,5.1,84,0.0,,16,11.1,20.4,1041.0,0,7,4
2025-12-27 11:00:00+00:00,5.7,83,0.0,,18,11.1,22.2,1041.0,1,7,4
2025-12-27 12:00:00+00:00,6.4,83,0.0,,17,11.1,22.2,1040.8,1,8,4
2025-12-27 13:00:00+00:00,6.7,84,0.0,,17,11.1,22.2,1040.2,4,7,4
2025-12-27 14:00:00+00:00,7.1,83,0.0,,18,11.1,22.2,1039.9,3,7,4
2025-12-27 15:00:00+00:00,7.3,82,0.0,,20,13.0,22.2,1039.8,3,7,4
2025-12-27 16:00:00+00:00,7.6,81,0.0,,25,13.0,22.2,1039.9,1,7,4
2025-12-27 17:00:00+00:00,7.3,79,0.0,,22,13.0,25.9,1039.9,0,7,4
2025-12-27 18:00:00+00:00,6.7,80,0.0,,28,14.8,25.9,1040.1,0,6,4
2025-12-27 19:00:00+00:00,6.5,80,0.0,,27,14.8,25.9,1040.1,0,7,4
2025-12-27 20:00:00+00:00,5.9,83,0.0,,29,14.8,25.9,1040.1,0,8,4
2025-12-27 21:00:00+00:00,5.6,82,0.0,,25,14.8,25.9,1040.1,0,8,4
2025-12-27 22:00:00+00:00,5.4,81,0.0,,25,13.0,24.1,1039.9,0,7,4
2025-12-27 23:00:00+00:00,5.5,80,0.0,,26,13.0,24.1,1039.6,0,8,4
2025-12-28 00:00:00+00:00,5.5,81,0.0,,24,11.1,22.2,1039.4,0,8,4
2025-12-28 01:00:00+00:00,5.5,80,0.0,,17,11.1,20.4,1039.1,0,8,4
2025-12-28 02:00:00+00:00,5.5,80,0.0,,15,9.3,20.4,1038.7,0,8,4
2025-12-28 03:00:00+00:00,5.6,80,0.0,,16,9.3,18.5,1038.4,0,8,4
2025-12-28 04:00:00+00:00,5.2,78,0.0,,19,9.3,18.5,1038.3,0,8,4
2025-12-28 05:00:00+00:00,5.1,80,0.0,,19,7.4,16.7,1037.9,0,8,4
2025-12-28 06:00:00+00:00,5.0,83,0.0,,16,7.4,16.7,1037.8,0,8,4
2025-12-28 07:00:00+00:00,4.9,83,0.0,,14,7.4,14.8,1037.7,0,8,4
2025-12-28 08:00:00+00:00,5.0,82,0.0,,3,7.4,16.7,1037.6,0,8,4
2025-12-28 09:00:00+00:00,5.2,82,0.0,,9,7.4,16.7,1037.6,0,8,4
2025-12-28 10:00:00+00:00,5.0,83,0.0,,8,7.4,16.7,1037.6,0,8,4
2025-12-28 11:00:00+00:00,5.4,81,0.0,,16,7.4,16.7,1037.3,0,8,4
2025-12-28 12:00:00+00:00,5.8,78,0.0,,16,7.4,16.7,1036.8,0,8,4
2025-12-28 13:00:00+00:00,6.0,77,0.0,,22,7.4,16.7,1036.0,3,8,4
2025-12-28 14:00:00+00:00,6.1,77,0.0,,22,7.4,16.7,1035.6,1,8,4
2025-12-28 15:00:00+00:00,5.9,77,0.0,,19,7.4,16.7,1035.4,0,8,4
2025-12-28 16:00:00+00:00,6.1,76,0.0,,21,7.4,14.8,1035.0,0,7,4
2025-12-28 17:00:00+00:00,5.8,76,0.0,,360,7.4,14.8,1034.7,0,7,4
2025-12-28 18:00:00+00:00,5.2,79,0.0,,348,7.4,14.8,1034.3,0,7,4
2025-12-28 19:00:00+00:00,4.8,81,0.0,,338,7.4,16.7,1034.0,0,8,4
2025-12-28 20:00:00+00:00,4.2,84,0.0,,332,7.4,14.8,1033.8,0,8,4
2025-12-28 21:00:00+00:00,3.9,84,0.0,,326,7.4,16.7,1033.7,0,8,4
2025-12-28 22:00:00+00:00,3.5,87,0.0,,311,7.4,16.7,1033.2,0,7,4
2025-12-28 23:00:00+00:00,3.5,86,0.0,,314,9.3,16.7,1032.9,0,7,4
2025-12-29 00:00:00+00:00,3.4,87,0.0,,319,9.3,18.5,1032.7,0,8,4
2025-12-29 01:00:00+00:00,3.4,86,0.0,,312,9.3,18.5,1032.6,0,8,4
2025-12-29 02:00:00+00:00,3.2,86,0.0,,313,9.3,18.5,1032.4,0,8,4
2025-12-29 03:00:00+00:00,3.0,86,0.0,,315,9.3,18.5,1032.4,0,8,4
2025-12-29 04:00:00+00:00,3.1,84,0.0,,317,7.4,18.5,1032.3,0,8,4
2025-12-29 05:00:00+00:00,2.9,86,0.0,,314,7.4,18.5,1032.0,0,8,4
2025-12-29 06:00:00+00:00,2.7,87,0.0,,308,7.4,16.7,1031.9,0,8,4
2025-12-29 07:00:00+00:00,2.6,85,0.0,,303,9.3,16.7,1031.9,0,8,4
2025-12-29 08:00:00+00:00,2.7,85,0.0,,304,9.3,16.7,1031.9,0,8,4
2025-12-29 09:00:00+00:00,2.9,85,0.0,,305,9.3,18.5,1032.1,0,8,4
2025-12-29 10:00:00+00:00,3.0,87,0.0,,302,9.3,18.5,1032.0,0,7,4
2025-12-29 11:00:00+00:00,3.8,85,0.0,,305,9.3,18.5,1032.0,1,7,4
2025-12-29 12:00:00+00:00,4.7,82,0.0,,312,11.1,20.4,1031.8,3,8,4
2025-12-29 13:00:00+00:00,5.1,82,0.0,,318,11.1,20.4,1031.4,5,7,4
2025-12-29 14:00:00+00:00,5.6,81,0.0,,328,11.1,20.4,1031.4,4,7,4
2025-12-29 15:00:00+00:00,5.8,80,0.0,,339,11.1,20.4,1031.5,3,7,4
2025-12-29 16:00:00+00:00,6.2,80,0.0,,347,11.1,20.4,1031.6,0,6,4
2025-12-29 17:00:00+00:00,5.9,80,0.1,,352,11.1,22.2,1032.0,0,7,7
2025-12-29 18:00:00+00:00,5.6,81,0.1,,360,13.0,22.2,1032.3,0,7,7
2025-12-29 19:00:00+00:00,5.3,80,0.3,,2,13.0,24.1,1032.9,0,7,7
2025-12-29 20:00:00+00:00,5.0,81,0.0,,8,13.0,24.1,1033.5,0,7,4
2025-12-29 21:00:00+00:00,4.4,81,0.0,,10,13.0,24.1,1034.0,0,7,4
2025-12-29 22:00:00+00:00,4.1,81,0.0,,6,13.0,24.1,1034.2,0,6,4
2025-12-29 23:00:00+00:00,4.2,80,0.0,,7,13.0,24.1,1034.5,0,6,4
2025-12-30 00:00:00+00:00,4.1,80,0.0,,6,11.1,22.2,1034.8,0,6,4
2025-12-30 01:00:00+00:00,4.0,79,0.0,,1,11.1,22.2,1035.0,0,7,4
2025-12-30 02:00:00+00:00,3.9,80,0.0,,359,11.1,22.2,1035.4,0,7,4
2025-12-30 03:00:00+00:00,4.0,79,0.0,,359,11.1,22.2,1035.7,0,8,4
2025-12-30 04:00:00+00:00,3.3,81,0.0,,359,11.1,22.2,1036.1,0,8,4
2025-12-30 05:00:00+00:00,3.2,81,0.0,,358,11.1,20.4,1036.1,0,8,4
2025-12-30 06:00:00+00:00,3.0,82,0.0,,357,9.3,18.5,1036.2,0,7,4
2025-12-30 07:00:00+00:00,2.9,82,0.0,,358,9.3,18.5,1036.5,0,7,4
2025-12-30 08:00:00+00:00,3.1,80,0.0,,350,9.3,18.5,1036.9,0,7,4
2025-12-30 09:00:00+00:00,3.3,79,0.0,,349,9.3,18.5,1037.1,0,7,4
2025-12-30 10:00:00+00:00,3.2,80,0.0,,341,9.3,18.5,1037.5,0,7,4
2025-12-30 11:00:00+00:00,3.9,77,0.0,,341,11.1,20.4,1037.5,4,7,4
2025-12-30 12:00:00+00:00,4.5,75,0.0,,331,11.1,20.4,1037.3,8,7,4
2025-12-30 13:00:00+00:00,4.8,74,0.0,,327,11.1,20.4,1036.9,10,6,4
2025-12-30 14:00:00+00:00,4.8,74,0.0,,324,11.1,20.4,1036.9,8,6,4
2025-12-30 15:00:00+00:00,4.7,73,0.0,,324,11.1,20.4,1036.9,7,6,4
2025-12-30 16:00:00+00:00,4.6,73,0.0,,324,9.3,18.5,1036.8,3,6,4
2025-12-30 17:00:00+00:00,4.0,75,0.0,,314,9.3,20.4,1036.5,0,5,4
2025-12-30 18:00:00+00:00,3.1,77,0.0,,306,9.3,18.5,1036.3,0,5,4
2025-12-30 19:00:00+00:00,2.6,76,0.0,,302,11.1,20.4,1036.1,0,5,4
2025-12-30 20:00:00+00:00,1.7,80,0.0,,297,11.1,20.4,1035.9,0,4,2
2025-12-30 21:00:00+00:00,1.0,82,0.0,,290,11.1,20.4,1035.8,0,4,1
2025-12-30 22:00:00+00:00,0.5,85,0.0,,279,11.1,20.4,1035.4,0,3,1
2025-12-30 23:00:00+00:00,0.3,83,0.0,,276,11.1,20.4,1034.8,0,3,1
2025-12-31 00:00:00+00:00,0.0,84,0.0,,275,11.1,22.2,1034.3,0,1,1
2025-12-31 01:00:00+00:00,-0.2,83,0.0,,270,11.1,20.4,1033.6,0,1,1
2025-12-31 02:00:00+00:00,-0.2,82,0.0,,268,13.0,22.2,1033.0,0,1,1
2025-12-31 03:00:00+00:00,-0.3,83,0.0,,268,13.0,24.1,1032.4,0,0,1
2025-12-31 04:00:00+00:00,-0.8,82,0.0,,276,13.0,24.1,1031.9,0,1,1
2025-12-31 05:00:00+00:00,-0.8,83,0.0,,271,13.0,24.1,1031.1,0,1,1
2025-12-31 06:00:00+00:00,-0.7,81,0.0,,271,14.8,24.1,1030.4,0,1,1
2025-12-31 07:00:00+00:00,-0.6,82,0.0,,272,14.8,25.9,1029.5,0,1,1
2025-12-31 08:00:00+00:00,-0.3,85,0.0,,270,14.8,25.9,1028.9,0,1,1
2025-12-31 09:00:00+00:00,0.3,87,0.0,,268,16.7,27.8,1028.2,10,1,1
2025-12-31 10:00:00+00:00,0.8,83,0.0,,265,16.7,29.6,1027.9,21,1,1
2025-12-31 11:00:00+00:00,2.0,82,0.0,,265,18.5,31.5,1027.0,32,1,1
2025-12-31 12:00:00+00:00,3.1,80,0.0,,262,18.5,33.3,1025.7,37,2,1
2025-12-31 13:00:00+00:00,3.8,79,0.0,,263,20.4,33.3,1024.3,36,2,1
2025-12-31 14:00:00+00:00,4.3,77,0.0,,260,20.4,35.2,1023.3,30,3,1
2025-12-31 15:00:00+00:00,4.5,76,0.0,,258,20.4,33.3,1022.5,22,4,1
2025-12-31 16:00:00+00:00,4.6,75,0.0,,255,20.4,33.3,1021.2,13,4,1
2025-12-31 17:00:00+00:00,4.3,76,0.0,,253,20.4,33.3,1020.0,0,4,1
2025-12-31 18:00:00+00:00,4.3,76,0.0,,251,18.5,31.5,1019.0,0,5,2
2025-12-31 19:00:00+00:00,4.4,75,0.0,,249,20.4,33.3,1017.4,0,5,2
2025-12-31 20:00:00+00:00,4.3,78,0.0,,249,20.4,33.3,1016.0,0,5,4
2025-12-31 21:00:00+00:00,4.6,78,0.0,,249,20.4,35.2,1015.1,0,6,4
2025-12-31 22:00:00+00:00,5.2,78,0.0,,249,22.2,37.0,1013.2,0,6,4
2025-12-31 23:00:00+00:00,5.3,77,0.0,,248,22.2,38.9,1011.6,0,6,4
2026-01-01 00:00:00+00:00,5.4,77,0.0,,248,24.1,38.9,1010.2,0,7,4
2026-01-01 01:00:00+00:00,5.5,77,0.0,,254,24.1,38.9,1008.6,0,7,4
2026-01-01 02:00:00+00:00,5.5,77,0.0,,257,24.1,38.9,1007.3,0,6,4
2026-01-01 03:00:00+00:00,5.2,79,0.0,,263,22.2,37.0,1006.3,0,5,3
2026-01-01 04:00:00+00:00,4.7,78,0.0,,269,22.2,38.9,1005.6,0,4,2
2026-01-01 05:00:00+00:00,4.4,75,0.0,,271,22.2,37.0,1005.5,0,3,2
2026-01-01 06:00:00+00:00,3.8,75,0.0,,275,24.1,38.9,1005.7,0,3,1
2026-01-01 07:00:00+00:00,3.6,74,0.0,,277,24.1,37.0,1005.4,0,2,1
2026-01-01 08:00:00+00:00,3.4,74,0.0,,276,22.2,35.2,1005.2,0,2,1
2026-01-01 09:00:00+00:00,3.4,74,0.0,,275,22.2,35.2,1005.1,5,2,1
2026-01-01 10:00:00+00:00,3.1,74,0.0,,274,22.2,37.0,1005.8,13,2,1
2026-01-01 11:00:00+00:00,3.7,72,0.0,,277,22.2,38.9,1005.0,23,2,1
2026-01-01 12:00:00+00:00,4.4,67,0.0,,278,24.1,40.8,1004.1,28,2,2
2026-01-01 13:00:00+00:00,4.5,66,0.0,,279,25.9,42.6,1003.1,29,3,2
2026-01-01 14:00:00+00:00,4.5,64,0.0,,283,25.9,44.5,1002.6,27,3,2
2026-01-01 15:00:00+00:00,4.3,62,0.0,,282,25.9,46.3,1002.3,23,3,2
2026-01-01 16:00:00+00:00,3.7,64,0.0,,282,25.9,44.5,1002.0,17,2,2
2026-01-01 17:00:00+00:00,2.7,67,0.0,,284,25.9,44.5,1002.0,0,3,2
2026-01-01 18:00:00+00:00,2.2,67,0.0,,283,24.1,42.6,1001.9,0,2,2
2026-01-01 19:00:00+00:00,1.6,68,0.0,,281,24.1,42.6,1001.9,0,1,1
2026-01-01 20:00:00+00:00,1.1,71,0.0,,284,24.1,42.6,1002.0,0,0,1
2026-01-01 21:00:00+00:00,0.6,72,0.0,,286,25.9,44.5,1002.0,0,0,1
2026-01-01 22:00:00+00:00,0.9,73,0.0,,281,22.2,38.9,1002.1,0,0,1
2026-01-01 23:00:00+00:00,0.9,72,0.0,,280,20.4,37.0,1001.9,0,0,1
2026-01-02 00:00:00+00:00,0.7,74,0.0,,281,20.4,35.2,1001.9,0,0,1
2026-01-02 01:00:00+00:00,0.6,73,0.0,,282,20.4,33.3,1001.6,0,0,1
2026-01-02 02:00:00+00:00,0.7,71,0.0,,283,20.4,35.2,1001.5,0,0,1
2026-01-02 03:00:00+00:00,0.5,70,0.0,,286,20.4,35.2,1001.6,0,0,1
2026-01-02 04:00:00+00:00,0.1,70,0.0,,289,22.2,37.0,1001.7,0,0,1
2026-01-02 05:00:00+00:00,0.0,68,0.0,,285,22.2,37.0,1001.7,0,0,1
2026-01-02 06:00:00+00:00,0.0,67,0.0,,284,22.2,37.0,1001.8,0,0,1
2026-01-02 07:00:00+00:00,0.1,67,0.0,,285,22.2,35.2,1002.0,0,0,1
2026-01-02 08:00:00+00:00,0.0,68,0.0,,283,22.2,35.2,1002.2,0,0,1
2026-01-02 09:00:00+00:00,0.3,69,0.0,,284,20.4,35.2,1002.5,8,1,1
2026-01-02 10:00:00+00:00,0.6,68,0.0,,286,18.5,33.3,1003.4,20,1,1
2026-01-02 11:00:00+00:00,1.5,66,0.0,,292,18.5,31.5,1003.9,31,2,1
2026-01-02 12:00:00+00:00,2.4,63,0.0,,297,16.7,31.5,1004.1,37,3,1
2026-01-02 13:00:00+00:00,2.9,62,0.0,,302,16.7,29.6,1004.2,37,3,1
2026-01-02 14:00:00+00:00,3.0,63,0.0,,307,16.7,29.6,1004.7,36,3,1
2026-01-02 15:00:00+00:00,2.8,64,0.0,,303,14.8,29.6,1005.1,32,2,1
2026-01-02 16:00:00+00:00,2.4,67,0.0,,299,16.7,29.6,1005.4,24,2,1
2026-01-02 17:00:00+00:00,1.3,71,0.0,,295,16.7,29.6,1005.6,0,2,1
2026-01-02 18:00:00+00:00,0.6,72,0.0,,291,18.5,31.5,1005.7,0,2,1
2026-01-02 19:00:00+00:00,0.1,73,0.0,,290,18.5,33.3,1005.7,0,1,1
2026-01-02 20:00:00+00:00,-0.4,77,0.0,,292,20.4,35.2,1005.8,0,1,1
2026-01-02 21:00:00+00:00,-0.8,77,0.0,,294,22.2,37.0,1005.8,0,1,1
2026-01-02 22:00:00+00:00,-0.3,76,0.0,,287,20.4,35.2,1005.7,0,1,1
2026-01-02 23:00:00+00:00,-0.4,73,0.0,,287,20.4,35.2,1005.7,0,1,1
2026-01-03 00:00:00+00:00,-0.5,72,0.0,,288,18.5,35.2,1005.7,0,0,1
2026-01-03 01:00:00+00:00,-0.6,72,0.0,,287,20.4,35.2,1005.4,0,0,1
2026-01-03 02:00:00+00:00,-0.4,69,0.0,,286,20.4,37.0,1005.3,0,0,1
2026-01-03 03:00:00+00:00,-0.5,68,0.0,,291,20.4,37.0,1005.4,0,0,1
2026-01-03 04:00:00+00:00,-0.4,69,0.0,,294,22.2,38.9,1005.4,0,0,1
2026-01-03 05:00:00+00:00,-0.3,69,0.0,,292,22.2,38.9,1005.3,0,0,1
2026-01-03 06:00:00+00:00,-0.6,71,0.0,,294,22.2,37.0,1005.7,0,0,1
2026-01-03 07:00:00+00:00,-0.7,72,0.0,,295,20.4,33.3,1006.4,0,2,1
2026-01-03 08:00:00+00:00,-0.5,72,0.0,,298,20.4,33.3,1006.8,0,2,1
2026-01-03 09:00:00+00:00,-0.4,73,0.0,,300,18.5,33.3,1007.4,7,1,1
2026-01-03 10:00:00+00:00,0.2,70,0.0,,299,18.5,31.5,1008.8,19,1,10
2026-01-03 11:00:00+00:00,0.8,68,0.0,,303,18.5,31.5,1009.1,33,1,10
2026-01-03 12:00:00+00:00,1.6,63,0.0,,303,18.5,33.3,1009.2,42,2,7
2026-01-03 13:00:00+00:00,2.2,59,0.3,,304,20.4,35.2,1009.2,47,1,1
2026-01-03 14:00:00+00:00,2.1,58,0.3,,306,20.4,35.2,1009.5,46,1,1
2026-01-03 15:00:00+00:00,1.8,57,0.2,,303,18.5,35.2,1009.9,42,1,1
2026-01-03 16:00:00+00:00,1.2,60,0.4,,300,20.4,37.0,1010.0,31,0,1
2026-01-03 17:00:00+00:00,0.2,65,0.3,,299,20.4,37.0,1010.1,0,1,1
2026-01-03 18:00:00+00:00,-0.5,66,0.0,,297,20.4,37.0,1010.3,0,1,1
2026-01-03 19:00:00+00:00,-1.1,68,0.0,,294,20.4,37.0,1010.5,0,0,1
2026-01-03 20:00:00+00:00,-1.6,73,0.0,,293,22.2,37.0,1010.7,0,1,1
2026-01-03 21:00:00+00:00,-2.0,74,0.0,,294,22.2,38.9,1010.8,0,1,1
2026-01-03 22:00:00+00:00,-1.5,75,0.0,,285,20.4,35.2,1010.8,0,1,1
2026-01-03 23:00:00+00:00,-1.5,74,0.0,,286,20.4,35.2,1010.6,0,1,1
2026-01-04 00:00:00+00:00,-1.6,74,0.0,,287,18.5,33.3,1010.7,0,0,1
2026-01-04 01:00:00+00:00,-1.7,74,0.0,,285,18.5,33.3,1010.7,0,0,1
2026-01-04 02:00:00+00:00,-1.6,73,0.0,,284,18.5,33.3,1010.5,0,0,1
2026-01-04 03:00:00+00:00,-1.7,73,0.0,,287,18.5,33.3,1010.4,0,0,1
2026-01-04 04:00:00+00:00,-2.0,74,0.0,,290,18.5,33.3,1010.6,0,0,1
2026-01-04 05:00:00+00:00,-2.0,73,0.0,,284,18.5,33.3,1010.3,0,0,1
2026-01-04 06:00:00+00:00,-2.0,72,0.0,,283,20.4,33.3,1010.3,0,0,1
2026-01-04 07:00:00+00:00,-1.9,71,0.0,,283,20.4,31.5,1010.2,0,0,1
2026-01-04 08:00:00+00:00,-1.8,72,0.0,,281,18.5,31.5,1010.2,0,0,1
2026-01-04 09:00:00+00:00,-1.5,72,0.0,,280,18.5,29.6,1010.4,12,0,1
2026-01-04 10:00:00+00:00,-1.4,71,0.0,,275,18.5,29.6,1010.5,29,0,1
2026-01-04 11:00:00+00:00,-0.3,67,0.0,,276,18.5,31.5,1010.1,46,0,1
2026-01-04 12:00:00+00:00,0.5,64,0.0,,276,18.5,31.5,1009.6,56,0,1
2026-01-04 13:00:00+00:00,1.1,62,0.0,,277,20.4,33.3,1009.0,59,0,1
2026-01-04 14:00:00+00:00,1.2,62,0.0,,278,18.5,33.3,1008.7,55,0,1
2026-01-04 15:00:00+00:00,1.0,62,0.0,,277,18.5,31.5,1008.6,47,0,1
2026-01-04 16:00:00+00:00,0.6,65,0.0,,279,16.7,31.5,1008.3,33,0,1
2026-01-04 17:00:00+00:00,-0.6,71,0.0,,282,16.7,29.6,1008.2,0,1,1
2026-01-04 18:00:00+00:00,-1.5,73,0.0,,283,14.8,27.8,1008.1,0,0,1
2026-01-04 19:00:00+00:00,-2.1,74,0.0,,284,14.8,27.8,1008.1,0,0,1
2026-01-04 20:00:00+00:00,-2.5,76,0.0,,286,16.7,27.8,1008.3,0,0,1
2026-01-04 21:00:00+00:00,-3.1,77,0.0,,286,16.7,29.6,1008.5,0,0,1
2026-01-04 22:00:00+00:00,-2.7,78,0.0,,279,14.8,27.8,1008.3,0,0,1
2026-01-04 23:00:00+00:00,-2.7,75,0.0,,281,14.8,25.9,1008.2,0,0,1
2026-01-05 00:00:00+00:00,-2.7,75,0.0,,285,14.8,25.9,1008.1,0,0,1
2026-01-05 01:00:00+00:00,-2.8,75,0.0,,284,14.8,27.8,1008.1,0,0,1
2026-01-05 02:00:00+00:00,-2.7,73,0.0,,284,16.7,27.8,1008.1,0,0,1
2026-01-05 03:00:00+00:00,-2.6,75,0.0,,292,14.8,29.6,1008.2,0,1,1
2026-01-05 04:00:00+00:00,-2.6,74,0.0,,302,16.7,29.6,1008.9,0,1,1
2026-01-05 05:00:00+00:00,-2.6,75,0.0,,299,16.7,31.5,1009.4,0,1,1
2026-01-05 06:00:00+00:00,-2.5,76,0.0,,304,16.7,27.8,1010.0,0,2,1
2026-01-05 07:00:00+00:00,-2.3,78,0.2,,307,16.7,25.9,1010.8,0,3,10
2026-01-05 08:00:00+00:00,-2.0,78,0.2,,311,14.8,25.9,1011.5,0,3,10
2026-01-05 09:00:00+00:00,-1.7,79,0.2,,313,14.8,24.1,1012.3,5,3,10
2026-01-05 10:00:00+00:00,-1.0,76,0.2,,310,13.0,22.2,1013.5,13,3,10
2026-01-05 11:00:00+00:00,-0.2,74,0.2,,312,13.0,22.2,1013.9,21,3,10
2026-01-05 12:00:00+00:00,0.6,71,0.2,,308,13.0,22.2,1013.9,29,3,10
2026-01-05 13:00:00+00:00,1.3,68,0.2,,308,13.0,22.2,1014.0,36,2,10
2026-01-05 14:00:00+00:00,1.3,67,0.2,,305,13.0,22.2,1014.4,36,2,10
2026-01-05 15:00:00+00:00,1.0,66,0.0,,301,13.0,22.2,1014.8,33,2,10
2026-01-05 16:00:00+00:00,0.6,67,0.0,,295,13.0,22.2,1015.1,26,1,1
2026-01-05 17:00:00+00:00,-0.2,71,0.0,,291,13.0,24.1,1015.3,0,1,1
2026-01-05 18:00:00+00:00,-0.8,73,0.0,,289,13.0,24.1,1015.6,0,1,1
2026-01-05 19:00:00+00:00,-1.6,75,0.0,,286,13.0,24.1,1015.7,0,1,1
2026-01-05 20:00:00+00:00,-2.0,77,0.0,,282,13.0,24.1,1015.8,0,1,1
2026-01-05 21:00:00+00:00,-2.4,78,0.0,,277,13.0,24.1,1015.8,0,2,1
2026-01-05 22:00:00+00:00,-2.4,78,0.0,,273,13.0,24.1,1015.8,0,1,1
2026-01-05 23:00:00+00:00,-2.7,78,0.0,,270,13.0,22.2,1015.5,0,2,1
2026-01-06 00:00:00+00:00,-2.8,79,0.0,,267,11.1,20.4,1015.2,0,3,1
2026-01-06 01:00:00+00:00,-2.8,79,0.0,,264,11.1,20.4,1014.6,0,3,1
2026-01-06 02:00:00+00:00,-2.7,80,0.0,,260,11.1,20.4,1014.1,0,4,2
2026-01-06 03:00:00+00:00,-2.6,82,0.0,,259,9.3,18.5,1013.5,0,6,2
2026-01-06 04:00:00+00:00,-2.9,84,0.0,,260,9.3,16.7,1013.9,0,3,2
2026-01-06 05:00:00+00:00,-2.5,85,0.0,,253,9.3,16.7,1013.2,0,4,2
2026-01-06 06:00:00+00:00,-1.8,84,0.0,,252,9.3,16.7,1012.6,0,6,3
2026-01-06 07:00:00+00:00,-1.1,84,0.0,,249,7.4,16.7,1012.1,0,6,4
2026-01-06 08:00:00+00:00,-0.5,83,0.0,,240,7.4,14.8,1011.7,0,7,4
2026-01-06 09:00:00+00:00,0.1,84,0.1,,239,7.4,14.8,1011.2,0,7,4
2026-01-06 10:00:00+00:00,1.0,83,0.0,,233,7.4,16.7,1010.3,3,7,4
2026-01-06 11:00:00+00:00,1.9,82,0.1,,229,9.3,16.7,1009.5,5,6,4
2026-01-06 12:00:00+00:00,2.7,82,0.1,,226,9.3,18.5,1008.4,8,5,4
2026-01-06 13:00:00+00:00,3.2,81,0.0,,226,11.1,18.5,1007.0,6,5,4
2026-01-06 14:00:00+00:00,3.4,83,0.0,,221,13.0,20.4,1005.8,5,5,4
2026-01-06 15:00:00+00:00,3.5,83,0.0,,217,14.8,22.2,1004.4,3,6,4
2026-01-06 16:00:00+00:00,3.2,88,0.0,,215,16.7,27.8,1003.3,1,7,7
2026-01-06 17:00:00+00:00,3.2,87,0.5,,215,16.7,27.8,1001.8,0,8,7
2026-01-06 18:00:00+00:00,3.2,87,0.5,,214,16.7,27.8,1000.3,0,8,7
2026-01-06 19:00:00+00:00,3.3,86,0.3,,218,16.7,27.8,999.0,0,8,7
2026-01-06 20:00:00+00:00,3.3,86,0.3,,226,14.8,25.9,998.0,0,7,7
2026-01-06 21:00:00+00:00,3.1,86,0.2,,242,14.8,25.9,997.6,0,6,7
2026-01-06 22:00:00+00:00,3.1,84,0.4,,249,16.7,27.8,996.6,0,5,7
2026-01-06 23:00:00+00:00,3.0,81,0.0,,252,14.8,25.9,996.4,0,4,3
2026-01-07 00:00:00+00:00,2.8,81,0.0,,256,14.8,25.9,996.4,0,4,2
2026-01-07 01:00:00+00:00,2.7,81,0.0,,266,16.7,27.8,996.5,0,4,2
2026-01-07 02:00:00+00:00,2.5,82,0.0,,269,16.7,29.6,996.5,0,4,2
2026-01-07 03:00:00+00:00,2.4,82,0.0,,275,16.7,29.6,996.9,0,4,2
2026-01-07 04:00:00+00:00,2.1,81,0.0,,274,18.5,29.6,997.1,0,3,2
2026-01-07 05:00:00+00:00,2.3,80,0.0,,273,18.5,31.5,996.8,0,3,2
2026-01-07 06:00:00+00:00,2.4,79,0.0,,277,22.2,37.0,996.7,0,4,2
2026-01-07 07:00:00+00:00,2.7,78,0.0,,280,22.2,35.2,996.7,0,5,3
2026-01-07 08:00:00+00:00,3.0,78,0.0,,282,22.2,37.0,997.2,0,6,4
2026-01-07 09:00:00+00:00,3.6,76,0.0,,285,22.2,35.2,997.9,1,6,4
2026-01-07 10:00:00+00:00,3.3,77,0.0,,285,20.4,35.2,998.1,3,6,4
2026-01-07 11:00:00+00:00,3.8,76,0.0,,288,22.2,38.9,998.4,8,7,4
2026-01-07 12:00:00+00:00,4.4,73,0.0,,289,20.4,37.0,998.8,14,6,4
2026-01-07 13:00:00+00:00,4.7,72,0.0,,291,20.4,37.0,999.1,18,6,4
2026-01-07 14:00:00+00:00,4.8,72,0.0,,295,20.4,37.0,999.9,16,6,4
2026-01-07 15:00:00+00:00,4.6,73,0.0,,295,18.5,33.3,1001.0,14,6,4
2026-01-07 16:00:00+00:00,4.1,77,0.0,,295,18.5,35.2,1001.2,8,6,4
2026-01-07 17:00:00+00:00,3.3,80,0.0,,295,18.5,31.5,1001.8,0,6,7
2026-01-07 18:00:00+00:00,2.8,82,0.0,,297,14.8,27.8,1002.6,0,8,7
2026-01-07 19:00:00+00:00,2.6,82,0.0,,296,14.8,27.8,1002.7,0,8,7
2026-01-07 20:00:00+00:00,2.4,84,0.0,,296,13.0,25.9,1003.1,0,7,4
2026-01-07 21:00:00+00:00,1.9,86,0.0,,295,13.0,22.2,1003.3,0,7,4
2026-01-07 22:00:00+00:00,1.8,87,0.1,,288,11.1,20.4,1003.1,0,6,7
2026-01-07 23:00:00+00:00,1.5,88,0.0,,287,11.1,18.5,1003.1,0,6,4
2026-01-08 00:00:00+00:00,1.0,90,0.0,,281,9.3,18.5,1003.0,0,7,4
2026-01-08 01:00:00+00:00,0.7,90,0.0,,279,9.3,16.7,1003.0,0,7,4
2026-01-08 02:00:00+00:00,0.4,91,0.0,,277,9.3,16.7,1003.1,0,6,4
2026-01-08 03:00:00+00:00,-0.1,94,0.0,,278,7.4,14.8,1003.1,0,6,4
2026-01-08 04:00:00+00:00,-0.4,94,0.0,,277,7.4,14.8,1003.2,0,5,4
2026-01-08 05:00:00+00:00,-0.8,94,0.0,,271,7.4,14.8,1003.1,0,5,4
2026-01-08 06:00:00+00:00,-1.0,93,0.0,,265,7.4,13.0,1003.1,0,4,2
2026-01-08 07:00:00+00:00,-1.3,94,0.0,,261,5.5,13.0,1003.0,0,3,2
2026-01-08 08:00:00+00:00,-1.4,92,0.0,,258,5.5,13.0,1002.7,0,3,2
2026-01-08 09:00:00+00:00,-1.2,92,0.0,,259,5.5,13.0,1002.6,2,2,2
2026-01-08 10:00:00+00:00,-0.5,88,0.0,,259,5.5,11.1,1002.3,6,1,1
2026-01-08 11:00:00+00:00,0.5,86,0.0,,263,5.5,11.1,1002.0,14,2,1
2026-01-08 12:00:00+00:00,1.2,83,0.0,,257,5.5,11.1,1001.3,17,3,1
2026-01-08 13:00:00+00:00,1.6,82,0.0,,251,5.5,11.1,1000.2,16,3,2
2026-01-08 14:00:00+00:00,1.8,81,0.0,,242,3.7,9.3,999.6,13,3,2
2026-01-08 15:00:00+00:00,1.8,81,0.0,,51,3.7,9.3,998.6,10,4,2
2026-01-08 16:00:00+00:00,1.7,79,0.0,,38,3.7,9.3,998.0,10,2,2
2026-01-08 17:00:00+00:00,1.3,82,0.0,,29,5.5,13.0,997.1,0,4,2
2026-01-08 18:00:00+00:00,1.2,83,0.0,,20,7.4,14.8,996.2,0,6,4
2026-01-08 19:00:00+00:00,1.4,83,0.0,,27,9.3,18.5,995.4,0,7,4
2026-01-08 20:00:00+00:00,1.6,84,0.0,,21,11.1,20.4,994.6,0,8,4
2026-01-08 21:00:00+00:00,1.8,85,0.0,,31,13.0,24.1,994.0,0,8,4
2026-01-08 22:00:00+00:00,1.3,88,0.1,,24,11.1,20.4,993.8,0,8,7
2026-01-08 23:00:00+00:00,1.7,87,0.2,,19,13.0,24.1,993.6,0,8,7
2026-01-09 00:00:00+00:00,1.8,88,0.2,,16,13.0,24.1,993.1,0,8,7
2026-01-09 01:00:00+00:00,2.0,88,0.2,,14,13.0,24.1,993.2,0,8,7
2026-01-09 02:00:00+00:00,2.2,89,0.2,,8,14.8,25.9,993.3,0,8,7
2026-01-09 03:00:00+00:00,2.3,89,0.2,,7,14.8,25.9,993.5,0,8,7
2026-01-09 04:00:00+00:00,2.2,88,0.2,,11,16.7,27.8,993.7,0,8,7
2026-01-09 05:00:00+00:00,2.3,91,0.2,,8,16.7,27.8,994.3,0,8,7
2026-01-09 06:00:00+00:00,2.3,92,0.2,,7,14.8,25.9,994.8,0,8,7
2026-01-09 07:00:00+00:00,2.4,92,0.7,,7,14.8,24.1,995.6,0,8,7
2026-01-09 08:00:00+00:00,2.6,92,0.7,,11,13.0,22.2,996.3,0,8,7
2026-01-09 09:00:00+00:00,2.7,92,0.7,,14,13.0,22.2,997.0,0,8,7
2026-01-09 10:00:00+00:00,2.9,90,0.7,,14,11.1,18.5,998.3,0,8,7
2026-01-09 11:00:00+00:00,3.0,90,0.7,,18,11.1,20.4,999.0,0,8,7
2026-01-09 12:00:00+00:00,3.2,89,0.7,,19,11.1,18.5,999.3,0,8,7
2026-01-09 13:00:00+00:00,3.5,88,0.4,,15,11.1,18.5,999.9,3,8,7
2026-01-09 14:00:00+00:00,3.7,86,0.4,,12,11.1,18.5,1000.7,4,8,7
2026-01-09 15:00:00+00:00,3.6,84,0.4,,12,9.3,18.5,1001.6,7,8,7
2026-01-09 16:00:00+00:00,3.9,80,0.4,,13,9.3,18.5,1002.4,5,6,7
2026-01-09 17:00:00+00:00,3.3,84,0.4,,13,11.1,20.4,1003.4,0,8,7
2026-01-09 18:00:00+00:00,2.9,85,0.4,,8,9.3,18.5,1004.3,0,8,7
2026-01-09 19:00:00+00:00,2.7,85,0.1,,7,9.3,18.5,1005.2,0,8,7
2026-01-09 20:00:00+00:00,2.4,86,0.1,,7,9.3,16.7,1005.9,0,8,7
2026-01-09 21:00:00+00:00,1.8,89,0.1,,17,9.3,16.7,1006.5,0,8,7
2026-01-09 22:00:00+00:00,1.4,87,0.1,,7,7.4,14.8,1007.7,0,8,7
2026-01-09 23:00:00+00:00,1.1,86,0.1,,2,7.4,14.8,1008.4,0,7,7
2026-01-10 00:00:00+00:00,0.6,88,0.1,,357,7.4,13.0,1009.0,0,8,7
2026-01-10 01:00:00+00:00,0.3,88,0.0,,353,5.5,13.0,1009.6,0,7,7
2026-01-10 02:00:00+00:00,0.0,90,0.0,,347,5.5,13.0,1010.3,0,7,7
2026-01-10 03:00:00+00:00,-0.2,92,0.0,,347,5.5,13.0,1011.0,0,7,7
2026-01-10 04:00:00+00:00,-0.5,91,0.0,,334,5.5,13.0,1012.0,0,6,7
2026-01-10 05:00:00+00:00,-0.8,92,0.0,,312,5.5,11.1,1012.7,0,6,7
2026-01-10 06:00:00+00:00,-1.0,92,0.0,,294,5.5,11.1,1013.4,0,5,7
2026-01-10 07:00:00+00:00,-1.4,94,0.0,,288,5.5,11.1,1014.4,0,5,3
2026-01-10 08:00:00+00:00,-1.4,93,0.0,,274,5.5,11.1,1014.9,0,4,2
2026-01-10 09:00:00+00:00,-1.2,93,0.0,,267,5.5,11.1,1015.5,4,4,2
2026-01-10 10:00:00+00:00,-1.0,94,0.0,,248,5.5,13.0,1016.7,18,2,2
2026-01-10 11:00:00+00:00,0.0,92,0.0,,240,5.5,13.0,1016.9,31,2,1
2026-01-10 12:00:00+00:00,1.0,87,0.0,,236,7.4,13.0,1016.6,40,2,1
2026-01-10 13:00:00+00:00,1.7,84,0.0,,225,7.4,14.8,1016.8,42,2,1
2026-01-10 14:00:00+00:00,2.0,81,0.0,,213,7.4,14.8,1017.1,42,2,1
2026-01-10 15:00:00+00:00,2.0,79,0.0,,208,7.4,14.8,1017.4,38,1,1
2026-01-10 16:00:00+00:00,1.9,79,0.0,,211,7.4,13.0,1017.6,26,2,1
2026-01-10 17:00:00+00:00,1.5,80,0.0,,216,7.4,14.8,1017.6,0,2,1
2026-01-10 18:00:00+00:00,1.1,82,0.0,,217,7.4,14.8,1017.8,0,3,1
2026-01-10 19:00:00+00:00,1.0,82,0.0,,213,7.4,14.8,1018.0,0,3,1
2026-01-10 20:00:00+00:00,1.0,83,0.0,,213,9.3,16.7,1018.0,0,4,1
2026-01-10 21:00:00+00:00,1.1,82,0.0,,212,11.1,18.5,1017.9,0,5,2
2026-01-10 22:00:00+00:00,1.2,82,0.0,,210,11.1,20.4,1017.8,0,5,3
2026-01-10 23:00:00+00:00,1.3,80,0.0,,205,13.0,22.2,1017.5,0,7,3
2026-01-11 00:00:00+00:00,1.4,81,0.0,,200,13.0,20.4,1017.0,0,8,4
2026-01-11 01:00:00+00:00,1.4,81,0.0,,195,13.0,20.4,1016.3,0,8,4
2026-01-11 02:00:00+00:00,1.4,80,0.0,,192,13.0,22.2,1015.6,0,8,4
2026-01-11 03:00:00+00:00,1.5,83,0.0,,187,14.8,24.1,1014.7,0,8,4
2026-01-11 04:00:00+00:00,1.8,84,0.0,,181,16.7,27.8,1013.5,0,8,7
2026-01-11 05:00:00+00:00,2.1,82,0.0,,176,18.5,29.6,1012.4,0,8,7
2026-01-11 06:00:00+00:00,2.3,84,0.0,,175,18.5,29.6,1011.1,0,8,7
2026-01-11 07:00:00+00:00,2.7,83,0.4,,176,20.4,33.3,1010.0,0,8,7
2026-01-11 08:00:00+00:00,3.0,82,0.5,,174,22.2,37.0,1008.7,0,8,7
2026-01-11 09:00:00+00:00,3.0,82,0.6,,176,24.1,38.9,1007.6,0,8,8
2026-01-11 10:00:00+00:00,3.1,82,0.5,,178,24.1,40.8,1006.5,0,8,7
2026-01-11 11:00:00+00:00,3.1,84,0.5,,178,24.1,38.9,1005.3,0,8,7
2026-01-11 12:00:00+00:00,3.5,84,0.5,,177,25.9,40.8,1003.8,0,8,7
2026-01-11 13:00:00+00:00,3.7,84,0.4,,177,27.8,42.6,1002.4,0,8,7
2026-01-11 14:00:00+00:00,4.1,84,0.3,,178,27.8,44.5,1001.0,0,8,7
2026-01-11 15:00:00+00:00,4.6,84,0.3,,179,27.8,44.5,999.3,0,8,7
2026-01-11 16:00:00+00:00,5.1,85,0.3,,180,27.8,44.5,997.6,1,8,7
2026-01-11 17:00:00+00:00,5.3,86,0.4,,182,27.8,44.5,996.1,0,8,7
2026-01-11 18:00:00+00:00,5.8,86,0.4,,183,27.8,42.6,994.3,0,8,7
2026-01-11 19:00:00+00:00,6.1,85,0.2,,185,27.8,44.5,992.6,0,8,7
2026-01-11 20:00:00+00:00,6.4,85,0.2,,189,27.8,44.5,991.0,0,8,7
2026-01-11 21:00:00+00:00,6.6,88,0.1,,192,27.8,46.3,989.6,0,8,7
2026-01-11 22:00:00+00:00,7.2,84,0.2,,197,29.6,48.2,989.2,0,8,7
2026-01-11 23:00:00+00:00,7.5,84,0.2,,202,29.6,48.2,989.2,0,8,7
2026-01-12 00:00:00+00:00,7.8,84,0.0,,207,29.6,46.3,989.0,0,6,7
2026-01-12 01:00:00+00:00,7.9,83,0.0,,209,27.8,44.5,989.2,0,6,4
2026-01-12 02:00:00+00:00,8.0,81,0.0,,212,29.6,44.5,989.5,0,5,4
2026-01-12 03:00:00+00:00,7.9,81,0.0,,213,27.8,44.5,989.8,0,5,3
2026-01-12 04:00:00+00:00,8.4,78,0.0,,216,31.5,48.2,990.0,0,4,3
2026-01-12 05:00:00+00:00,8.4,77,0.0,,217,29.6,46.3,990.2,0,5,2
2026-01-12 06:00:00+00:00,8.4,76,0.0,,218,27.8,44.5,990.3,0,5,2
2026-01-12 07:00:00+00:00,8.6,74,0.0,,218,25.9,40.8,990.9,0,5,2
2026-01-12 08:00:00+00:00,8.4,75,0.0,,215,24.1,37.0,991.3,0,5,4
2026-01-12 09:00:00+00:00,8.5,76,0.0,,214,24.1,37.0,991.8,2,5,4
2026-01-12 10:00:00+00:00,8.7,76,0.0,,212,22.2,37.0,992.0,6,5,2
2026-01-12 11:00:00+00:00,9.4,75,0.0,,210,24.1,37.0,992.2,11,5,3
2026-01-12 12:00:00+00:00,9.9,75,0.0,,211,24.1,37.0,992.2,16,6,3
2026-01-12 13:00:00+00:00,10.1,75,0.0,,210,22.2,35.2,992.3,15,5,3
2026-01-12 14:00:00+00:00,10.0,76,0.0,,209,22.2,33.3,992.7,14,6,3
2026-01-12 15:00:00+00:00,9.7,77,0.0,,212,20.4,31.5,992.9,12,6,3
2026-01-12 16:00:00+00:00,9.3,79,0.0,,212,18.5,29.6,992.8,9,6,4
2026-01-12 17:00:00+00:00,9.1,79,0.0,,216,16.7,25.9,993.2,0,6,4
2026-01-12 18:00:00+00:00,8.4,80,0.0,,218,14.8,22.2,993.5,0,7,4
2026-01-12 19:00:00+00:00,8.3,79,0.0,,218,14.8,24.1,994.2,0,7,4
2026-01-12 20:00:00+00:00,8.2,80,0.0,,219,13.0,22.2,994.7,0,6,4
2026-01-12 21:00:00+00:00,8.0,80,0.0,,220,13.0,24.1,995.1,0,5,4
2026-01-12 22:00:00+00:00,7.7,84,0.0,,222,13.0,24.1,995.6,0,6,3
2026-01-12 23:00:00+00:00,7.7,83,0.0,,223,13.0,22.2,996.1,0,6,3
2026-01-13 00:00:00+00:00,7.7,83,0.0,,220,11.1,20.4,996.4,0,6,3
2026-01-13 01:00:00+00:00,7.7,82,0.0,,222,11.1,20.4,996.9,0,7,3
2026-01-13 02:00:00+00:00,7.6,82,0.0,,222,11.1,20.4,997.3,0,7,4
2026-01-13 03:00:00+00:00,7.6,82,0.0,,220,11.1,20.4,997.6,0,7,4
2026-01-13 04:00:00+00:00,7.6,82,0.0,,219,9.3,18.5,997.8,0,7,4
2026-01-13 05:00:00+00:00,7.6,82,0.0,,216,9.3,16.7,997.7,0,8,4
2026-01-13 06:00:00+00:00,7.6,82,0.0,,218,9.3,16.7,997.6,0,8,4
2026-01-13 07:00:00+00:00,7.6,81,0.0,,213,7.4,14.8,997.6,0,8,4
2026-01-13 08:00:00+00:00,7.6,81,0.0,,211,7.4,14.8,997.4,0,8,7
2026-01-13 09:00:00+00:00,7.7,80,0.8,,211,7.4,13.0,997.6,0,8,7
2026-01-13 10:00:00+00:00,7.7,82,0.3,,213,9.3,14.8,997.6,0,8,7
2026-01-13 11:00:00+00:00,7.6,84,0.4,,216,9.3,18.5,997.6,3,8,7
2026-01-13 12:00:00+00:00,7.3,84,0.4,,229,11.1,20.4,997.9,4,8,7
2026-01-13 13:00:00+00:00,7.2,82,0.5,,241,13.0,22.2,998.0,7,7,7
2026-01-13 14:00:00+00:00,6.8,81,0.4,,250,13.0,24.1,998.5,10,6,7
2026-01-13 15:00:00+00:00,6.4,79,0.3,,259,13.0,24.1,998.7,12,5,7
2026-01-13 16:00:00+00:00,5.9,75,0.0,,256,14.8,27.8,1000.4,18,4,2
2026-01-13 17:00:00+00:00,5.0,78,0.0,,256,14.8,25.9,1000.8,0,5,2
2026-01-13 18:00:00+00:00,4.0,80,0.0,,255,14.8,25.9,1001.5,0,3,2
2026-01-13 19:00:00+00:00,3.8,79,0.0,,253,14.8,25.9,1002.3,0,2,1
2026-01-13 20:00:00+00:00,3.6,80,0.0,,252,14.8,25.9,1003.1,0,2,1
2026-01-13 21:00:00+00:00,3.4,79,0.0,,251,14.8,25.9,1003.8,0,2,1
2026-01-13 22:00:00+00:00,3.2,80,0.0,,249,14.8,25.9,1004.2,0,2,1
2026-01-13 23:00:00+00:00,3.2,79,0.0,,244,13.0,24.1,1004.8,0,2,1
2026-01-14 00:00:00+00:00,3.0,80,0.0,,243,13.0,24.1,1005.3,0,2,1
2026-01-14 01:00:00+00:00,3.0,80,0.0,,241,13.0,22.2,1005.9,0,2,1
2026-01-14 02:00:00+00:00,2.8,82,0.0,,239,13.0,22.2,1006.3,0,2,1
2026-01-14 03:00:00+00:00,2.8,82,0.0,,234,11.1,22.2,1006.5,0,2,1
2026-01-14 04:00:00+00:00,2.7,82,0.0,,236,11.1,20.4,1006.8,0,3,1
2026-01-14 05:00:00+00:00,2.7,83,0.0,,233,11.1,20.4,1007.0,0,4,1
2026-01-14 06:00:00+00:00,2.7,83,0.0,,232,11.1,20.4,1007.0,0,4,2
2026-01-14 07:00:00+00:00,2.9,82,0.0,,230,11.1,20.4,1007.4,0,5,2
2026-01-14 08:00:00+00:00,2.9,82,0.0,,221,11.1,18.5,1007.7,0,5,2
2026-01-14 09:00:00+00:00,3.2,83,0.0,,217,9.3,18.5,1008.0,1,4,2
2026-01-14 10:00:00+00:00,3.9,81,0.0,,212,11.1,20.4,1008.2,5,4,2
2026-01-14 11:00:00+00:00,4.6,80,0.0,,206,13.0,22.2,1008.0,10,4,2
2026-01-14 12:00:00+00:00,5.5,77,0.0,,207,13.0,24.1,1007.7,11,4,2
2026-01-14 13:00:00+00:00,5.7,77,0.0,,206,14.8,24.1,1007.0,11,4,2
2026-01-14 14:00:00+00:00,5.7,77,0.0,,203,14.8,25.9,1006.4,9,4,2
2026-01-14 15:00:00+00:00,5.7,77,0.0,,202,14.8,24.1,1005.9,7,5,2
2026-01-14 16:00:00+00:00,5.9,74,0.0,,204,14.8,24.1,1005.3,7,4,2
2026-01-14 17:00:00+00:00,5.5,75,0.0,,202,14.8,24.1,1004.3,0,5,4
2026-01-14 18:00:00+00:00,4.7,77,0.0,,196,13.0,22.2,1003.6,0,7,4
2026-01-14 19:00:00+00:00,4.7,74,0.0,,192,13.0,22.2,1002.7,0,8,4
2026-01-14 20:00:00+00:00,4.6,74,0.0,,194,13.0,24.1,1001.9,0,8,4
2026-01-14 21:00:00+00:00,4.4,74,0.0,,198,14.8,24.1,1001.0,0,8,4
2026-01-14 22:00:00+00:00,4.5,76,0.0,,199,13.0,24.1,1000.1,0,8,4
2026-01-14 23:00:00+00:00,4.5,78,0.0,,195,13.0,22.2,999.2,0,8,7
2026-01-15 00:00:00+00:00,4.6,80,0.0,,195,13.0,22.2,998.4,0,7,7
2026-01-15 01:00:00+00:00,4.7,81,0.0,,197,13.0,20.4,997.6,0,7,7
2026-01-15 02:00:00+00:00,5.1,80,0.0,,202,13.0,22.2,996.9,0,6,4
2026-01-15 03:00:00+00:00,5.4,81,0.0,,207,13.0,24.1,996.1,0,6,4
2026-01-15 04:00:00+00:00,5.5,82,0.0,,210,14.8,25.9,995.9,0,6,4
2026-01-15 05:00:00+00:00,5.6,81,0.0,,214,13.0,24.1,995.8,0,5,4
2026-01-15 06:00:00+00:00,5.6,80,0.0,,219,13.0,22.2,995.9,0,5,3
2026-01-15 07:00:00+00:00,5.7,78,0.0,,221,11.1,22.2,996.5,0,5,3
2026-01-15 08:00:00+00:00,5.5,78,0.0,,217,11.1,18.5,997.1,0,5,4
2026-01-15 09:00:00+00:00,5.7,77,0.0,,217,11.1,18.5,997.6,6,5,4
2026-01-15 10:00:00+00:00,5.6,79,0.0,,217,9.3,18.5,998.0,16,4,2
2026-01-15 11:00:00+00:00,6.4,78,0.0,,213,11.1,20.4,998.2,21,4,2
2026-01-15 12:00:00+00:00,7.1,76,0.0,,211,11.1,20.4,998.3,26,5,2
2026-01-15 13:00:00+00:00,7.4,76,0.0,,207,11.1,18.5,998.1,27,5,2
2026-01-15 14:00:00+00:00,7.4,76,0.0,,203,9.3,18.5,998.0,23,5,2
2026-01-15 15:00:00+00:00,6.9,77,0.0,,202,7.4,14.8,997.7,18,4,2
2026-01-15 16:00:00+00:00,6.6,77,0.0,,195,5.5,13.0,997.6,11,5,2
2026-01-15 17:00:00+00:00,5.9,79,0.0,,211,5.5,11.1,997.4,0,6,4
2026-01-15 18:00:00+00:00,3.8,91,0.0,,255,5.5,11.1,997.3,0,6,4
2026-01-15 19:00:00+00:00,3.6,91,0.0,,271,5.5,13.0,997.1,0,7,4
2026-01-15 20:00:00+00:00,3.6,89,0.0,,286,5.5,13.0,996.9,0,7,4
2026-01-15 21:00:00+00:00,3.4,88,0.0,,288,7.4,13.0,996.9,0,8,4
2026-01-15 22:00:00+00:00,3.2,89,0.0,,288,7.4,14.8,996.7,0,8,4
2026-01-15 23:00:00+00:00,3.0,87,0.0,,288,7.4,14.8,996.6,0,8,4
2026-01-16 00:00:00+00:00,2.5,91,0.0,,288,9.3,16.7,996.5,0,8,4
2026-01-16 01:00:00+00:00,2.3,89,0.0,,286,7.4,16.7,996.9,0,7,4
2026-01-16 02:00:00+00:00,2.0,89,0.0,,282,7.4,16.7,997.3,0,7,4
2026-01-16 03:00:00+00:00,1.3,91,0.0,,276,7.4,16.7,997.6,0,5,4
2026-01-16 04:00:00+00:00,0.0,92,0.0,,277,7.4,14.8,999.0,0,3,1
2026-01-16 05:00:00+00:00,-0.2,90,0.0,,268,7.4,14.8,999.6,0,2,1
2026-01-16 06:00:00+00:00,-0.2,90,0.0,,261,5.5,13.0,1000.2,0,3,1
2026-01-16 07:00:00+00:00,-0.1,91,0.0,,267,7.4,13.0,1001.1,0,3,2
2026-01-16 08:00:00+00:00,-0.1,92,0.0,,250,5.5,11.1,1001.7,0,3,2
2026-01-16 09:00:00+00:00,0.3,93,0.0,,232,5.5,11.1,1002.4,4,3,2
2026-01-16 10:00:00+00:00,0.9,92,0.0,,217,5.5,13.0,1003.1,8,4,2
2026-01-16 11:00:00+00:00,1.9,92,0.0,,209,7.4,13.0,1003.7,14,4,2
2026-01-16 12:00:00+00:00,3.0,89,0.0,,198,7.4,14.8,1003.9,19,5,2
2026-01-16 13:00:00+00:00,3.7,87,0.0,,190,7.4,14.8,1004.4,23,5,3
2026-01-16 14:00:00+00:00,4.2,86,0.0,,188,7.4,14.8,1005.0,23,4,2
2026-01-16 15:00:00+00:00,4.6,83,0.0,,184,7.4,14.8,1005.6,21,4,2
2026-01-16 16:00:00+00:00,4.7,84,0.0,,178,7.4,14.8,1006.2,15,4,2
2026-01-16 17:00:00+00:00,4.2,85,0.0,,175,7.4,14.8,1007.0,0,4,2
2026-01-16 18:00:00+00:00,3.6,86,0.0,,173,7.4,13.0,1007.7,0,4,2
2026-01-16 19:00:00+00:00,3.5,87,0.0,,167,7.4,13.0,1008.4,0,4,2
2026-01-16 20:00:00+00:00,3.5,86,0.0,,164,7.4,14.8,1008.9,0,5,3
2026-01-16 21:00:00+00:00,3.5,85,0.0,,160,7.4,14.8,1009.2,0,5,3
2026-01-16 22:00:00+00:00,3.6,86,0.0,,161,7.4,13.0,1009.8,0,6,4
2026-01-16 23:00:00+00:00,3.8,84,0.0,,136,5.5,11.1,1010.1,0,6,4
2026-01-17 00:00:00+00:00,3.8,86,0.0,,115,5.5,11.1,1010.2,0,6,4
2026-01-17 01:00:00+00:00,3.9,86,0.0,,110,7.4,13.0,1010.5,0,7,4
2026-01-17 02:00:00+00:00,4.0,87,0.3,,109,7.4,13.0,1010.6,0,8,7
2026-01-17 03:00:00+00:00,4.3,88,0.5,,103,7.4,14.8,1010.7,0,8,7
2026-01-17 04:00:00+00:00,4.5,88,0.4,,89,7.4,14.8,1011.0,0,8,7
2026-01-17 05:00:00+00:00,4.7,88,0.5,,91,7.4,14.8,1011.4,0,8,7
2026-01-17 06:00:00+00:00,4.8,89,0.6,,86,7.4,14.8,1011.9,0,8,7
2026-01-17 07:00:00+00:00,5.1,88,0.2,,85,7.4,14.8,1012.5,0,8,7
2026-01-17 08:00:00+00:00,5.6,88,0.2,,89,7.4,13.0,1013.0,0,8,7
2026-01-17 09:00:00+00:00,5.9,87,0.2,,93,7.4,13.0,1013.5,0,8,7
2026-01-17 10:00:00+00:00,5.8,90,0.2,,100,5.5,13.0,1013.9,0,8,7
2026-01-17 11:00:00+00:00,6.2,90,0.2,,103,5.5,13.0,1014.4,0,8,7
2026-01-17 12:00:00+00:00,6.6,90,0.2,,119,5.5,11.1,1014.8,0,8,7
2026-01-17 13:00:00+00:00,6.9,88,0.1,,127,5.5,11.1,1015.2,0,8,7
2026-01-17 14:00:00+00:00,7.0,88,0.1,,144,5.5,11.1,1015.7,0,8,7
2026-01-17 15:00:00+00:00,6.9,87,0.1,,138,5.5,11.1,1016.4,3,8,7
2026-01-17 16:00:00+00:00,6.8,85,0.2,,140,5.5,11.1,1017.0,4,7,4
2026-01-17 17:00:00+00:00,6.5,85,0.0,,121,5.5,11.1,1017.6,2,6,4
2026-01-17 18:00:00+00:00,5.5,91,0.0,,105,5.5,11.1,1018.3,0,5,4
2026-01-17 19:00:00+00:00,5.4,89,0.0,,67,5.5,11.1,1019.0,0,6,4
2026-01-17 20:00:00+00:00,5.0,90,0.0,,286,5.5,11.1,1019.4,0,6,4
2026-01-17 21:00:00+00:00,4.8,91,0.0,,293,5.5,11.1,1019.8,0,6,4
2026-01-17 22:00:00+00:00,4.3,91,0.0,,270,5.5,11.1,1020.2,0,7,4
2026-01-17 23:00:00+00:00,4.3,89,0.0,,295,5.5,11.1,1020.5,0,6,4
2026-01-18 00:00:00+00:00,4.2,90,0.0,,300,5.5,11.1,1020.7,0,6,4
2026-01-18 01:00:00+00:00,4.0,91,0.0,,292,5.5,11.1,1021.0,0,7,4
2026-01-18 02:00:00+00:00,4.1,91,0.0,,313,5.5,11.1,1021.0,0,8,4
2026-01-18 03:00:00+00:00,4.1,92,0.0,,358,5.5,11.1,1020.9,0,8,4
2026-01-18 04:00:00+00:00,4.2,91,0.0,,340,3.7,9.3,1021.0,0,7,4
2026-01-18 05:00:00+00:00,4.1,93,0.0,,337,3.7,9.3,1020.6,0,7,4
2026-01-18 06:00:00+00:00,4.1,92,0.0,,355,3.7,9.3,1020.2,0,8,4
2026-01-18 07:00:00+00:00,4.4,91,0.0,,13,3.7,9.3,1020.2,0,8,4
2026-01-18 08:00:00+00:00,4.8,91,0.0,,37,5.5,11.1,1020.2,0,8,4
2026-01-18 09:00:00+00:00,5.4,89,0.0,,62,5.5,11.1,1020.3,0,8,4
2026-01-18 10:00:00+00:00,5.5,93,0.0,,84,5.5,11.1,1019.9,0,8,4
2026-01-18 11:00:00+00:00,5.8,93,0.0,,100,5.5,11.1,1019.3,0,8,4
2026-01-18 12:00:00+00:00,6.0,94,0.2,,105,5.5,11.1,1018.7,0,8,7
2026-01-18 13:00:00+00:00,6.4,93,0.5,,106,5.5,11.1,1018.1,0,8,7
2026-01-18 14:00:00+00:00,6.4,92,0.6,,105,5.5,11.1,1017.4,0,8,7
2026-01-18 15:00:00+00:00,6.3,93,0.7,,107,5.5,11.1,1016.6,0,8,7
2026-01-18 16:00:00+00:00,6.8,89,0.2,,88,5.5,13.0,1015.8,2,8,7
2026-01-18 17:00:00+00:00,6.5,91,0.2,,82,5.5,13.0,1015.6,2,8,7
2026-01-18 18:00:00+00:00,6.1,93,0.2,,84,5.5,13.0,1015.1,0,8,7
2026-01-18 19:00:00+00:00,6.0,93,0.4,,79,7.4,13.0,1014.8,0,8,7
2026-01-18 20:00:00+00:00,5.9,94,0.4,,237,5.5,13.0,1014.4,0,8,7
2026-01-18 21:00:00+00:00,5.7,95,0.3,,241,7.4,13.0,1014.1,0,8,7
2026-01-18 22:00:00+00:00,5.8,93,0.3,,242,7.4,13.0,1013.7,0,8,7
2026-01-18 23:00:00+00:00,5.7,91,0.3,,231,7.4,13.0,1013.6,0,8,7
2026-01-19 00:00:00+00:00,5.4,92,0.3,,238,5.5,13.0,1013.4,0,8,7
2026-01-19 01:00:00+00:00,5.4,91,0.3,,241,5.5,13.0,1013.3,0,8,7
2026-01-19 02:00:00+00:00,5.2,91,0.3,,227,5.5,11.1,1013.1,0,8,7
2026-01-19 03:00:00+00:00,5.2,91,0.3,,228,5.5,11.1,1012.9,0,8,7
2026-01-19 04:00:00+00:00,5.1,92,0.3,,335,3.7,9.3,1012.9,0,8,7
2026-01-19 05:00:00+00:00,5.0,94,0.3,,324,3.7,9.3,1012.8,0,8,7
2026-01-19 06:00:00+00:00,5.1,93,0.3,,323,3.7,9.3,1012.6,0,8,7
2026-01-19 07:00:00+00:00,4.9,96,0.2,,334,3.7,9.3,1012.6,0,8,7
2026-01-19 08:00:00+00:00,5.0,95,0.2,,326,3.7,9.3,1012.6,0,8,7
2026-01-19 09:00:00+00:00,5.3,95,0.2,,324,5.5,9.3,1012.7,0,8,7
2026-01-19 10:00:00+00:00,5.3,99,0.2,,325,5.5,11.1,1013.1,0,8,7
2026-01-19 11:00:00+00:00,5.9,97,0.2,,278,5.5,11.1,1013.0,0,8,7
2026-01-19 12:00:00+00:00,6.6,95,0.1,,194,5.5,11.1,1012.8,0,8,7
2026-01-19 13:00:00+00:00,7.1,93,0.2,,161,5.5,13.0,1012.5,0,8,4
2026-01-19 14:00:00+00:00,7.4,92,0.1,,167,5.5,13.0,1012.3,1,8,4
2026-01-19 15:00:00+00:00,7.5,89,0.0,,148,5.5,13.0,1012.4,3,8,4
2026-01-19 16:00:00+00:00,7.7,87,0.0,,172,5.5,13.0,1012.1,4,8,4
2026-01-19 17:00:00+00:00,7.2,89,0.0,,157,5.5,13.0,1012.1,3,8,4
2026-01-19 18:00:00+00:00,7.2,89,0.0,,157,5.5,13.0,1012.1,0,8,4
2026-01-19 19:00:00+00:00,7.2,89,0.0,,134,7.4,14.8,1012.0,0,8,4
2026-01-19 20:00:00+00:00,7.3,90,0.0,,138,7.4,14.8,1011.9,0,8,4
2026-01-19 21:00:00+00:00,7.3,90,0.0,,130,7.4,14.8,1011.7,0,8,4
2026-01-19 22:00:00+00:00,7.7,88,0.0,,126,7.4,14.8,1011.3,0,8,4
2026-01-19 23:00:00+00:00,7.9,87,0.0,,123,7.4,14.8,1010.8,0,8,4
2026-01-20 00:00:00+00:00,7.9,88,0.0,,131,9.3,14.8,1010.4,0,8,4
2026-01-20 01:00:00+00:00,8.0,87,0.0,,131,9.3,16.7,1010.2,0,8,4
2026-01-20 02:00:00+00:00,8.0,87,0.0,,139,9.3,16.7,1009.9,0,8,4
2026-01-20 03:00:00+00:00,8.1,87,0.0,,139,9.3,18.5,1009.5,0,8,4
2026-01-20 04:00:00+00:00,7.8,88,0.0,,135,9.3,18.5,1009.2,0,8,4
2026-01-20 05:00:00+00:00,7.7,88,0.0,,137,9.3,18.5,1008.9,0,8,4
2026-01-20 06:00:00+00:00,7.6,88,0.0,,133,9.3,18.5,1008.8,0,8,4
2026-01-20 07:00:00+00:00,7.6,88,0.0,,131,11.1,18.5,1008.6,0,8,4
2026-01-20 08:00:00+00:00,7.6,89,0.0,,130,11.1,18.5,1008.5,0,8,4
2026-01-20 09:00:00+00:00,7.8,88,0.0,,133,11.1,18.5,1008.4,2,8,4
2026-01-20 10:00:00+00:00,8.0,88,0.0,,132,11.1,20.4,1008.0,3,7,4
2026-01-20 11:00:00+00:00,8.4,86,0.0,,133,14.8,25.9,1007.5,5,7,4
2026-01-20 12:00:00+00:00,8.8,84,0.0,,132,16.7,29.6,1007.0,8,7,4
2026-01-20 13:00:00+00:00,9.1,81,0.0,,130,18.5,29.6,1006.4,11,7,4
2026-01-20 14:00:00+00:00,9.1,79,0.0,,132,18.5,29.6,1005.9,10,7,4
2026-01-20 15:00:00+00:00,9.1,76,0.0,,129,16.7,29.6,1005.4,9,7,4
2026-01-20 16:00:00+00:00,9.1,78,0.0,,122,16.7,29.6,1004.4,7,6,4
2026-01-20 17:00:00+00:00,8.5,79,0.0,,120,18.5,31.5,1003.8,4,7,4
2026-01-20 18:00:00+00:00,7.6,82,0.0,,116,18.5,31.5,1003.3,0,7,4
2026-01-20 19:00:00+00:00,7.6,81,0.0,,115,20.4,33.3,1002.5,0,7,4
2026-01-20 20:00:00+00:00,7.6,81,0.0,,121,20.4,35.2,1001.6,0,7,4
2026-01-20 21:00:00+00:00,7.6,79,0.0,,123,20.4,33.3,1001.1,0,8,4
2026-01-20 22:00:00+00:00,7.6,80,0.0,,119,20.4,33.3,1000.2,0,8,4
2026-01-20 23:00:00+00:00,7.6,80,0.0,,115,18.5,31.5,999.3,0,8,4
2026-01-21 00:00:00+00:00,7.6,80,0.0,,114,18.5,29.6,998.6,0,8,4
2026-01-21 01:00:00+00:00,7.6,80,0.3,,114,16.7,29.6,997.5,0,8,7
2026-01-21 02:00:00+00:00,7.6,81,0.4,,113,16.7,27.8,996.7,0,8,7
2026-01-21 03:00:00+00:00,7.5,82,0.5,,111,16.7,27.8,996.0,0,8,7
2026-01-21 04:00:00+00:00,7.6,82,0.5,,110,14.8,25.9,994.4,0,8,7
2026-01-21 05:00:00+00:00,7.5,83,0.5,,115,13.0,24.1,993.3,0,8,7
2026-01-21 06:00:00+00:00,7.2,85,0.5,,119,11.1,18.5,992.5,0,8,7
2026-01-21 07:00:00+00:00,7.1,85,0.1,,118,11.1,18.5,992.0,0,8,7
2026-01-21 08:00:00+00:00,6.7,85,0.1,,124,9.3,16.7,991.8,0,8,7
2026-01-21 09:00:00+00:00,6.9,83,0.1,,127,9.3,16.7,991.8,3,7,4
2026-01-21 10:00:00+00:00,6.2,88,0.0,,124,11.1,18.5,990.9,7,7,4
2026-01-21 11:00:00+00:00,6.5,86,0.0,,122,13.0,22.2,990.8,8,7,4
2026-01-21 12:00:00+00:00,7.0,85,0.0,,110,14.8,25.9,990.6,9,8,4
2026-01-21 13:00:00+00:00,7.2,85,0.2,,105,16.7,29.6,989.9,7,8,7
2026-01-21 14:00:00+00:00,7.7,86,0.4,,104,18.5,29.6,989.2,5,8,7
2026-01-21 15:00:00+00:00,8.0,85,0.5,,103,18.5,31.5,988.4,5,8,7
2026-01-21 16:00:00+00:00,8.7,86,0.4,,103,20.4,35.2,988.0,4,8,7
2026-01-21 17:00:00+00:00,8.7,87,0.5,,105,22.2,37.0,987.9,3,8,7
2026-01-21 18:00:00+00:00,8.3,89,0.4,,106,22.2,37.0,987.8,0,8,7
2026-01-21 19:00:00+00:00,8.3,88,0.2,,107,24.1,37.0,988.0,0,8,7
2026-01-21 20:00:00+00:00,8.4,88,0.2,,110,22.2,37.0,988.2,0,8,7
2026-01-21 21:00:00+00:00,8.4,87,0.2,,112,22.2,37.0,988.5,0,8,7
2026-01-21 22:00:00+00:00,9.5,82,0.1,,113,22.2,35.2,988.5,0,8,7
2026-01-21 23:00:00+00:00,9.4,83,0.1,,109,22.2,35.2,988.8,0,8,7
2026-01-22 00:00:00+00:00,9.2,83,0.1,,109,22.2,33.3,989.3,0,8,7
2026-01-22 01:00:00+00:00,9.2,83,0.2,,104,20.4,31.5,990.0,0,8,7
2026-01-22 02:00:00+00:00,9.0,84,0.2,,104,20.4,33.3,990.2,0,8,7
2026-01-22 03:00:00+00:00,8.9,84,0.2,,101,20.4,33.3,990.3,0,8,7
2026-01-22 04:00:00+00:00,8.9,83,0.2,,97,22.2,35.2,991.0,0,8,7
2026-01-22 05:00:00+00:00,8.8,83,0.2,,98,22.2,37.0,991.0,0,8,7
2026-01-22 06:00:00+00:00,7.1,93,0.2,,98,24.1,37.0,990.9,0,8,7
2026-01-22 07:00:00+00:00,7.1,92,0.2,,98,24.1,37.0,991.2,0,8,7
2026-01-22 08:00:00+00:00,7.0,91,0.2,,98,24.1,37.0,991.2,0,8,7
2026-01-22 09:00:00+00:00,7.0,90,0.2,,98,24.1,37.0,991.7,0,8,7
2026-01-22 10:00:00+00:00,7.7,84,0.5,,98,24.1,37.0,991.3,0,8,7
2026-01-22 11:00:00+00:00,7.5,84,0.5,,97,24.1,38.9,991.3,0,8,7
2026-01-22 12:00:00+00:00,7.3,84,0.5,,94,24.1,38.9,991.5,0,8,7
2026-01-22 13:00:00+00:00,7.2,83,0.4,,94,25.9,40.8,991.4,0,8,7
2026-01-22 14:00:00+00:00,7.1,82,0.5,,94,24.1,40.8,991.5,0,8,7
2026-01-22 15:00:00+00:00,6.8,82,0.5,,94,24.1,38.9,991.4,0,8,7
2026-01-22 16:00:00+00:00,6.9,80,0.5,,93,25.9,40.8,990.9,0,8,7
2026-01-22 17:00:00+00:00,6.5,82,0.5,,94,27.8,42.6,990.5,2,8,7
2026-01-22 18:00:00+00:00,6.0,84,0.5,,93,27.8,44.5,990.3,0,8,7
2026-01-22 19:00:00+00:00,5.9,85,0.9,,92,29.6,46.3,989.9,0,8,8
2026-01-22 20:00:00+00:00,5.7,86,0.9,,93,27.8,44.5,989.6,0,8,8
2026-01-22 21:00:00+00:00,5.8,85,0.9,,92,27.8,44.5,989.3,0,8,8
2026-01-22 22:00:00+00:00,6.6,81,0.9,,93,27.8,44.5,988.7,0,8,7
2026-01-22 23:00:00+00:00,6.5,81,0.9,,92,29.6,44.5,988.4,0,8,7
2026-01-23 00:00:00+00:00,6.5,82,0.9,,91,29.6,44.5,988.0,0,8,7
2026-01-23 01:00:00+00:00,6.6,83,0.6,,88,29.6,44.5,988.1,0,8,7
2026-01-23 02:00:00+00:00,6.7,83,0.6,,90,29.6,46.3,987.9,0,8,7
2026-01-23 03:00:00+00:00,6.9,82,0.5,,91,29.6,44.5,987.7,0,8,7
2026-01-23 04:00:00+00:00,7.1,84,0.6,,91,27.8,42.6,987.6,0,8,7
2026-01-23 05:00:00+00:00,7.3,84,0.5,,95,25.9,40.8,987.6,0,8,7
2026-01-23 06:00:00+00:00,7.4,84,0.5,,96,24.1,37.0,987.7,0,8,7
2026-01-23 07:00:00+00:00,7.4,84,0.3,,95,22.2,35.2,988.2,0,8,7
2026-01-23 08:00:00+00:00,7.4,83,0.3,,95,20.4,31.5,988.6,0,8,7
2026-01-23 09:00:00+00:00,7.4,84,0.3,,93,20.4,31.5,989.3,0,8,7
2026-01-23 10:00:00+00:00,7.5,85,0.3,,93,20.4,33.3,989.5,1,8,7
2026-01-23 11:00:00+00:00,7.5,86,0.3,,90,22.2,35.2,989.7,1,8,7
2026-01-23 12:00:00+00:00,7.5,86,0.3,,89,24.1,37.0,989.6,4,8,7
2026-01-23 13:00:00+00:00,7.5,87,0.4,,89,24.1,37.0,989.8,3,8,7
2026-01-23 14:00:00+00:00,7.5,86,0.4,,91,24.1,37.0,989.8,3,8,7
2026-01-23 15:00:00+00:00,7.5,86,0.4,,89,24.1,37.0,990.0,4,8,7
2026-01-23 16:00:00+00:00,7.7,86,0.4,,89,25.9,40.8,989.9,3,8,7
2026-01-23 17:00:00+00:00,7.4,88,0.4,,89,25.9,42.6,990.1,3,8,7
2026-01-23 18:00:00+00:00,7.0,90,0.4,,89,27.8,44.5,990.5,0,8,7
2026-01-23 19:00:00+00:00,6.9,90,0.6,,89,27.8,44.5,990.9,0,8,7
2026-01-23 20:00:00+00:00,6.9,90,0.6,,91,25.9,42.6,991.3,0,8,8
2026-01-23 21:00:00+00:00,6.9,89,0.6,,91,25.9,40.8,991.7,0,8,8
2026-01-23 22:00:00+00:00,7.6,84,0.6,,94,24.1,38.9,991.7,0,8,7
2026-01-23 23:00:00+00:00,7.6,84,0.6,,93,24.1,38.9,992.3,0,8,7
2026-01-24 00:00:00+00:00,7.5,84,0.6,,94,24.1,37.0,992.7,0,8,7
2026-01-24 01:00:00+00:00,7.4,85,0.2,,91,22.2,35.2,993.4,0,8,7
2026-01-24 02:00:00+00:00,7.4,84,0.2,,93,22.2,35.2,993.7,0,8,7
2026-01-24 03:00:00+00:00,7.5,84,0.1,,92,22.2,35.2,994.0,0,8,7
2026-01-24 04:00:00+00:00,7.4,83,0.4,,93,24.1,37.0,994.5,0,8,7
2026-01-24 05:00:00+00:00,7.3,83,0.4,,96,22.2,35.2,994.8,0,8,7
2026-01-24 06:00:00+00:00,7.0,84,0.4,,96,22.2,35.2,995.2,0,8,7
2026-01-24 07:00:00+00:00,7.0,84,0.0,,95,22.2,35.2,995.7,0,8,7
2026-01-24 08:00:00+00:00,6.9,84,0.0,,96,22.2,33.3,996.0,1,8,7
2026-01-24 09:00:00+00:00,6.9,85,0.0,,97,22.2,33.3,996.5,2,8,7
2026-01-24 10:00:00+00:00,7.0,86,0.0,,99,20.4,33.3,996.2,4,8,7
2026-01-24 11:00:00+00:00,7.3,84,0.0,,99,20.4,33.3,996.3,6,8,7
2026-01-24 12:00:00+00:00,7.5,83,0.0,,97,20.4,33.3,996.5,10,8,7
2026-01-24 13:00:00+00:00,7.8,81,0.2,,98,20.4,33.3,996.4,12,7,7
2026-01-24 14:00:00+00:00,7.8,81,0.1,,98,20.4,33.3,996.6,12,7,7
2026-01-24 15:00:00+00:00,7.6,79,0.1,,97,20.4,33.3,996.6,13,6,7
2026-01-24 16:00:00+00:00,7.7,78,0.2,,96,20.4,35.2,996.7,11,7,7
2026-01-24 17:00:00+00:00,7.2,80,0.2,,96,22.2,35.2,996.6,7,7,7
2026-01-24 18:00:00+00:00,6.7,82,0.0,,95,22.2,37.0,996.7,0,7,7
2026-01-24 19:00:00+00:00,6.6,83,0.0,,95,24.1,38.9,996.5,0,7,4
2026-01-24 20:00:00+00:00,6.7,82,0.0,,97,24.1,40.8,996.3,0,8,4
2026-01-24 21:00:00+00:00,6.7,82,0.0,,98,24.1,40.8,996.1,0,8,4
2026-01-24 22:00:00+00:00,7.6,76,0.0,,101,24.1,38.9,995.8,0,8,4
2026-01-24 23:00:00+00:00,7.5,76,0.0,,98,25.9,38.9,995.6,0,7,4
2026-01-25 00:00:00+00:00,7.5,76,0.0,,97,24.1,38.9,995.2,0,7,4
2026-01-25 01:00:00+00:00,7.3,79,0.1,,95,24.1,37.0,995.1,0,8,4
2026-01-25 02:00:00+00:00,7.3,79,0.1,,94,25.9,38.9,994.8,0,8,4
2026-01-25 03:00:00+00:00,7.4,79,0.1,,92,25.9,40.8,994.4,0,8,4
2026-01-25 04:00:00+00:00,7.4,79,0.1,,91,25.9,40.8,994.3,0,8,7
2026-01-25 05:00:00+00:00,7.2,80,0.1,,94,25.9,38.9,994.4,0,8,7
2026-01-25 06:00:00+00:00,5.8,88,0.1,,94,25.9,38.9,994.6,0,8,7
2026-01-25 07:00:00+00:00,5.8,88,0.2,,95,25.9,38.9,995.2,0,8,7
2026-01-25 08:00:00+00:00,5.8,88,0.2,,95,24.1,37.0,995.5,0,8,7
2026-01-25 09:00:00+00:00,5.7,89,0.2,,94,24.1,37.0,996.3,0,8,7
2026-01-25 10:00:00+00:00,6.4,84,0.2,,96,24.1,37.0,996.7,0,8,7
2026-01-25 11:00:00+00:00,6.4,84,0.2,,94,22.2,35.2,997.3,0,8,7
2026-01-25 12:00:00+00:00,6.4,83,0.2,,92,22.2,33.3,997.9,0,8,7
2026-01-25 13:00:00+00:00,6.3,83,0.1,,91,20.4,33.3,998.3,0,8,7
2026-01-25 14:00:00+00:00,6.4,82,0.1,,90,20.4,33.3,998.7,0,8,7
2026-01-25 15:00:00+00:00,6.2,82,0.1,,89,18.5,31.5,999.1,0,8,7
2026-01-25 16:00:00+00:00,6.4,80,0.1,,86,18.5,29.6,999.5,1,8,7
2026-01-25 17:00:00+00:00,6.0,82,0.1,,84,18.5,29.6,1000.0,2,8,7
2026-01-25 18:00:00+00:00,5.3,86,0.1,,81,16.7,29.6,1000.5,0,8,7
2026-01-25 19:00:00+00:00,5.2,86,0.3,,80,16.7,27.8,1000.9,0,8,7
2026-01-25 20:00:00+00:00,5.2,87,0.3,,80,16.7,27.8,1001.3,0,8,7
2026-01-25 21:00:00+00:00,5.0,88,0.3,,76,14.8,25.9,1001.7,0,8,7
2026-01-25 22:00:00+00:00,5.0,86,0.3,,70,14.8,25.9,1002.1,0,8,7
2026-01-25 23:00:00+00:00,5.0,86,0.3,,68,14.8,24.1,1002.3,0,8,7
2026-01-26 00:00:00+00:00,4.7,88,0.2,,69,13.0,22.2,1002.3,0,8,7
2026-01-26 01:00:00+00:00,4.7,88,0.2,,69,13.0,22.2,1002.4,0,8,7
2026-01-26 02:00:00+00:00,4.6,86,0.2,,66,13.0,22.2,1002.3,0,8,7
2026-01-26 03:00:00+00:00,4.6,86,0.2,,68,13.0,22.2,1002.1,0,8,7
2026-01-26 04:00:00+00:00,4.4,86,0.1,,68,11.1,20.4,1002.1,0,8,7
2026-01-26 05:00:00+00:00,4.5,86,0.1,,70,11.1,20.4,1002.0,0,8,7
2026-01-26 06:00:00+00:00,4.4,87,0.2,,72,11.1,20.4,1002.0,0,8,7
2026-01-26 07:00:00+00:00,4.4,87,0.1,,74,11.1,20.4,1002.0,0,8,7
2026-01-26 08:00:00+00:00,4.4,87,0.1,,79,11.1,20.4,1002.0,0,8,7
2026-01-26 09:00:00+00:00,4.1,89,0.1,,86,11.1,20.4,1002.0,0,8,7
2026-01-26 10:00:00+00:00,4.6,88,0.1,,87,11.1,20.4,1002.3,0,8,7
2026-01-26 11:00:00+00:00,5.0,85,0.1,,96,11.1,20.4,1002.1,0,8,7
2026-01-26 12:00:00+00:00,5.3,83,0.0,,104,13.0,22.2,1001.6,0,8,4
2026-01-26 13:00:00+00:00,5.5,82,0.0,,110,13.0,22.2,1001.1,1,8,4
2026-01-26 14:00:00+00:00,5.6,80,0.0,,118,13.0,22.2,1000.8,0,8,4
2026-01-26 15:00:00+00:00,5.4,79,0.0,,120,13.0,22.2,1000.5,1,8,4
2026-01-26 16:00:00+00:00,5.7,76,0.0,,122,13.0,24.1,1000.3,2,8,4
2026-01-26 17:00:00+00:00,5.3,77,0.0,,126,13.0,24.1,1000.2,1,8,4
2026-01-26 18:00:00+00:00,4.6,79,0.0,,128,13.0,22.2,1000.2,0,8,4
2026-01-26 19:00:00+00:00,4.5,78,0.0,,121,14.8,25.9,999.9,0,8,4
2026-01-26 20:00:00+00:00,4.5,78,0.0,,121,16.7,27.8,999.6,0,8,4
2026-01-26 21:00:00+00:00,4.4,77,0.0,,121,16.7,29.6,999.3,0,8,4
2026-01-26 22:00:00+00:00,5.0,75,0.0,,119,16.7,27.8,998.9,0,8,4
2026-01-26 23:00:00+00:00,5.0,74,0.0,,112,16.7,27.8,998.1,0,8,4
2026-01-27 00:00:00+00:00,5.0,74,0.0,,108,16.7,27.8,997.2,0,8,4
2026-01-27 01:00:00+00:00,5.0,75,0.0,,104,18.5,29.6,996.4,0,8,4
2026-01-27 02:00:00+00:00,5.1,76,0.0,,103,18.5,31.5,995.4,0,8,4
2026-01-27 03:00:00+00:00,5.3,75,0.0,,99,22.2,35.2,994.2,0,8,4
2026-01-27 04:00:00+00:00,5.3,77,0.0,,95,24.1,38.9,993.0,0,8,4
2026-01-27 05:00:00+00:00,5.5,77,0.1,,98,25.9,40.8,991.7,0,8,7
2026-01-27 06:00:00+00:00,5.1,81,0.1,,97,29.6,44.5,990.3,0,8,7
2026-01-27 07:00:00+00:00,5.1,82,0.6,,99,31.5,46.3,989.5,0,8,7
2026-01-27 08:00:00+00:00,5.1,84,0.7,,99,31.5,48.2,988.3,0,8,8
2026-01-27 09:00:00+00:00,5.1,85,0.8,,98,31.5,48.2,987.8,0,8,8
2026-01-27 10:00:00+00:00,5.8,80,0.7,,98,31.5,50.0,986.4,0,8,8
2026-01-27 11:00:00+00:00,5.3,83,0.7,,100,31.5,50.0,986.3,0,8,8
2026-01-27 12:00:00+00:00,5.0,86,0.7,,100,29.6,48.2,985.9,0,8,8
2026-01-27 13:00:00+00:00,5.0,86,1.6,,101,29.6,48.2,985.6,0,8,8
2026-01-27 14:00:00+00:00,5.0,86,1.5,,102,27.8,44.5,985.3,0,8,8
2026-01-27 15:00:00+00:00,5.0,86,1.5,,103,25.9,42.6,984.8,0,8,8
2026-01-27 16:00:00+00:00,5.2,86,1.6,,102,27.8,44.5,984.3,2,8,8
2026-01-27 17:00:00+00:00,5.4,85,1.5,,105,27.8,44.5,984.1,3,8,8
2026-01-27 18:00:00+00:00,5.4,87,1.4,,108,25.9,40.8,983.9,0,8,8
2026-01-27 19:00:00+00:00,5.4,88,0.2,,109,25.9,38.9,984.2,0,8,7
2026-01-27 20:00:00+00:00,5.5,89,0.2,,113,22.2,35.2,984.4,0,8,7
2026-01-27 21:00:00+00:00,5.5,88,0.2,,116,20.4,33.3,984.9,0,8,7
2026-01-27 22:00:00+00:00,7.3,80,0.0,,119,18.5,29.6,984.3,0,8,4
2026-01-27 23:00:00+00:00,7.4,80,0.0,,121,16.7,27.8,985.0,0,8,4
2026-01-28 00:00:00+00:00,7.3,81,0.0,,130,14.8,24.1,985.7,0,8,4
2026-01-28 01:00:00+00:00,7.1,81,0.0,,131,13.0,22.2,986.6,0,7,4
2026-01-28 02:00:00+00:00,6.9,81,0.0,,141,11.1,18.5,987.4,0,7,4
2026-01-28 03:00:00+00:00,6.5,82,0.0,,144,9.3,18.5,988.3,0,7,4
2026-01-28 04:00:00+00:00,5.8,84,0.0,,157,7.4,16.7,989.3,0,6,4
2026-01-28 05:00:00+00:00,5.2,85,0.0,,190,5.5,13.0,990.0,0,4,3
2026-01-28 06:00:00+00:00,4.9,85,0.0,,214,5.5,11.1,990.7,0,4,2
2026-01-28 07:00:00+00:00,4.2,87,0.0,,234,5.5,11.1,991.6,0,4,2
2026-01-28 08:00:00+00:00,3.8,88,0.0,,231,5.5,11.1,992.3,3,4,2
2026-01-28 09:00:00+00:00,3.9,88,0.0,,221,5.5,11.1,993.2,7,4,2
2026-01-28 10:00:00+00:00,4.4,87,0.0,,228,3.7,11.1,993.8,16,3,2
2026-01-28 11:00:00+00:00,5.2,85,0.0,,213,5.5,11.1,994.3,26,4,2
2026-01-28 12:00:00+00:00,6.2,81,0.0,,179,5.5,11.1,994.7,32,4,1
2026-01-28 13:00:00+00:00,6.6,80,0.0,,150,5.5,11.1,994.9,32,4,1
2026-01-28 14:00:00+00:00,6.6,79,0.0,,129,5.5,11.1,995.4,29,3,1
2026-01-28 15:00:00+00:00,6.6,79,0.0,,114,5.5,11.1,995.9,25,3,1
2026-01-28 16:00:00+00:00,6.3,79,0.0,,98,5.5,13.0,996.3,19,3,1
2026-01-28 17:00:00+00:00,5.8,80,0.0,,85,5.5,13.0,996.7,11,4,2
2026-01-28 18:00:00+00:00,5.3,82,0.0,,72,5.5,13.0,997.2,0,5,2
2026-01-28 19:00:00+00:00,4.5,87,0.0,,69,7.4,13.0,997.4,0,6,3
2026-01-28 20:00:00+00:00,4.4,88,0.0,,62,7.4,13.0,998.0,0,6,4
2026-01-28 21:00:00+00:00,4.3,89,0.0,,76,7.4,13.0,998.4,0,7,4
2026-01-28 22:00:00+00:00,4.6,90,0.0,,33,5.5,11.1,997.9,0,8,4
2026-01-28 23:00:00+00:00,4.7,89,0.0,,60,5.5,11.1,998.2,0,8,4
2026-01-29 00:00:00+00:00,4.7,89,0.0,,76,5.5,11.1,998.3,0,7,4
2026-01-29 01:00:00+00:00,4.7,89,0.0,,83,7.4,13.0,998.7,0,7,4
2026-01-29 02:00:00+00:00,4.7,89,0.0,,89,7.4,14.8,998.8,0,7,4
2026-01-29 03:00:00+00:00,4.9,88,0.0,,95,7.4,14.8,998.8,0,8,4
2026-01-29 04:00:00+00:00,4.9,88,0.0,,93,9.3,16.7,998.9,0,8,4
2026-01-29 05:00:00+00:00,5.0,87,0.0,,97,9.3,16.7,998.9,0,8,7
2026-01-29 06:00:00+00:00,4.7,88,0.0,,94,9.3,16.7,999.0,0,8,7
2026-01-29 07:00:00+00:00,4.7,88,0.0,,95,11.1,18.5,999.2,0,8,7
2026-01-29 08:00:00+00:00,4.6,88,0.0,,98,11.1,20.4,999.3,0,8,7
2026-01-29 09:00:00+00:00,4.8,86,0.0,,100,13.0,20.4,999.5,1,8,7
2026-01-29 10:00:00+00:00,4.9,86,0.0,,108,11.1,20.4,999.2,1,8,7
2026-01-29 11:00:00+00:00,5.2,83,0.0,,108,13.0,22.2,999.0,0,8,7
2026-01-29 12:00:00+00:00,5.3,82,0.0,,107,14.8,24.1,998.8,3,8,7
2026-01-29 13:00:00+00:00,5.4,80,0.0,,108,14.8,25.9,998.5,5,8,7
2026-01-29 14:00:00+00:00,5.4,78,0.0,,107,14.8,25.9,998.4,5,8,7
2026-01-29 15:00:00+00:00,5.3,77,0.0,,106,14.8,25.9,998.2,6,8,7
2026-01-29 16:00:00+00:00,5.2,74,0.0,,104,14.8,25.9,997.8,5,8,7
2026-01-29 17:00:00+00:00,4.6,76,0.0,,104,14.8,25.9,997.6,3,8,7
2026-01-29 18:00:00+00:00,3.7,80,0.0,,104,14.8,25.9,997.4,0,8,7
2026-01-29 19:00:00+00:00,3.7,79,0.0,,103,16.7,27.8,996.9,0,8,7
2026-01-29 20:00:00+00:00,3.7,79,0.0,,105,16.7,27.8,996.6,0,8,7
2026-01-29 21:00:00+00:00,3.6,80,0.0,,107,16.7,27.8,996.2,0,8,7
2026-01-29 22:00:00+00:00,4.2,76,0.0,,106,14.8,24.1,995.7,0,8,7
2026-01-29 23:00:00+00:00,4.2,75,0.0,,105,14.8,24.1,995.5,0,8,7
2026-01-30 00:00:00+00:00,4.1,76,0.0,,104,14.8,24.1,995.2,0,7,4
2026-01-30 01:00:00+00:00,4.0,77,0.0,,104,14.8,24.1,994.8,0,7,4
2026-01-30 02:00:00+00:00,3.8,78,0.0,,102,14.8,24.1,994.4,0,8,4
2026-01-30 03:00:00+00:00,4.0,77,0.0,,100,14.8,25.9,993.9,0,8,4
2026-01-30 04:00:00+00:00,3.8,77,0.0,,95,16.7,25.9,993.3,0,8,4
2026-01-30 05:00:00+00:00,3.7,77,0.0,,100,16.7,27.8,992.9,0,8,4
2026-01-30 06:00:00+00:00,3.8,78,0.1,,97,16.7,27.8,992.4,0,8,4
2026-01-30 07:00:00+00:00,3.8,79,0.2,,98,18.5,27.8,992.1,0,8,7
2026-01-30 08:00:00+00:00,3.9,79,0.3,,99,18.5,27.8,991.6,0,8,7
2026-01-30 09:00:00+00:00,4.2,80,0.3,,100,18.5,29.6,991.3,0,8,7
2026-01-30 10:00:00+00:00,4.0,84,0.3,,102,16.7,27.8,991.1,0,8,7
2026-01-30 11:00:00+00:00,4.2,85,0.3,,103,18.5,29.6,990.9,0,8,7
2026-01-30 12:00:00+00:00,4.5,86,0.3,,100,18.5,29.6,990.6,0,8,7
2026-01-30 13:00:00+00:00,4.8,87,0.9,,100,18.5,31.5,990.3,0,8,7
2026-01-30 14:00:00+00:00,5.2,86,0.9,,98,18.5,31.5,990.1,0,8,7
2026-01-30 15:00:00+00:00,5.4,86,0.9,,98,18.5,31.5,989.9,0,8,7
2026-01-30 16:00:00+00:00,5.8,84,0.2,,95,18.5,31.5,989.7,2,8,7
2026-01-30 17:00:00+00:00,5.9,85,0.2,,95,20.4,33.3,989.7,3,8,7
2026-01-30 18:00:00+00:00,5.9,85,0.2,,93,20.4,33.3,989.7,0,8,7
2026-01-30 19:00:00+00:00,5.9,86,0.3,,92,22.2,35.2,989.8,0,8,7
2026-01-30 20:00:00+00:00,6.0,87,0.3,,94,22.2,35.2,989.9,0,8,7
2026-01-30 21:00:00+00:00,6.0,88,0.2,,96,22.2,35.2,990.0,0,8,7
2026-01-30 22:00:00+00:00,6.1,87,0.2,,94,22.2,35.2,990.3,0,8,7
2026-01-30 23:00:00+00:00,6.2,88,0.2,,91,22.2,35.2,990.5,0,8,7
2026-01-31 00:00:00+00:00,6.2,89,0.2,,89,22.2,33.3,990.6,0,8,7
2026-01-31 01:00:00+00:00,6.2,90,0.2,,87,22.2,33.3,990.7,0,8,7
2026-01-31 02:00:00+00:00,6.2,90,0.2,,87,22.2,35.2,990.9,0,8,7
2026-01-31 03:00:00+00:00,6.2,89,0.2,,85,24.1,35.2,991.0,0,8,7
2026-01-31 04:00:00+00:00,6.2,90,0.2,,84,24.1,35.2,991.4,0,8,7
2026-01-31 05:00:00+00:00,6.2,90,0.2,,86,24.1,35.2,991.9,0,8,7
2026-01-31 06:00:00+00:00,6.2,89,0.2,,88,22.2,33.3,992.5,0,8,7
2026-01-31 07:00:00+00:00,7.0,85,0.1,,88,20.4,33.3,993.1,0,8,7
2026-01-31 08:00:00+00:00,6.9,86,0.1,,91,18.5,29.6,994.1,0,8,7
2026-01-31 09:00:00+00:00,6.7,87,0.1,,95,16.7,27.8,995.0,1,8,7
2026-01-31 10:00:00+00:00,7.1,84,0.2,,99,16.7,25.9,995.8,3,8,7
2026-01-31 11:00:00+00:00,7.6,82,0.0,,103,14.8,25.9,996.4,4,8,7
2026-01-31 12:00:00+00:00,8.0,81,0.0,,109,16.7,25.9,996.9,7,8,7
2026-01-31 13:00:00+00:00,8.2,78,0.0,,114,14.8,25.9,997.4,9,8,7
2026-01-31 14:00:00+00:00,8.4,77,0.0,,116,14.8,24.1,997.7,8,8,4
2026-01-31 15:00:00+00:00,8.4,76,0.0,,116,13.0,22.2,998.3,9,7,4
2026-01-31 16:00:00+00:00,8.0,78,0.0,,115,13.0,22.2,998.6,8,7,4
2026-01-31 17:00:00+00:00,7.4,80,0.0,,111,13.0,20.4,999.1,6,7,4
2026-01-31 18:00:00+00:00,6.2,86,0.0,,109,13.0,22.2,999.3,0,7,4
2026-01-31 19:00:00+00:00,6.2,86,0.0,,104,13.0,22.2,999.8,0,8,4
2026-01-31 20:00:00+00:00,6.2,86,0.0,,108,13.0,24.1,1000.0,0,8,4
2026-01-31 21:00:00+00:00,6.2,86,0.0,,108,13.0,22.2,1000.2,0,8,4
2026-01-31 22:00:00+00:00,6.2,86,0.0,,106,11.1,22.2,1000.1,0,8,4
2026-01-31 23:00:00+00:00,6.2,87,0.0,,107,11.1,20.4,1000.1,0,8,4
2026-02-01 00:00:00+00:00,6.2,87,0.0,,106,11.1,20.4,1000.4,0,8,4
2026-02-01 01:00:00+00:00,6.2,87,0.2,,105,9.3,18.5,1000.1,0,8,7
2026-02-01 02:00:00+00:00,6.1,89,0.2,,106,9.3,18.5,1000.1,0,8,7
2026-02-01 03:00:00+00:00,6.1,89,0.2,,108,9.3,18.5,999.9,0,8,7
2026-02-01 04:00:00+00:00,6.0,88,0.0,,104,9.3,18.5,1000.1,0,8,7
2026-02-01 05:00:00+00:00,5.9,88,0.0,,105,7.4,16.7,1000.0,0,8,4
2026-02-01 06:00:00+00:00,5.7,89,0.0,,103,7.4,14.8,1000.2,0,8,4
2026-02-01 07:00:00+00:00,5.8,88,0.0,,103,7.4,14.8,1000.1,0,7,4
2026-02-01 08:00:00+00:00,5.8,89,0.0,,103,7.4,14.8,1000.4,1,8,4
2026-02-01 09:00:00+00:00,5.9,89,0.0,,114,7.4,16.7,1000.7,3,8,7
2026-02-01 10:00:00+00:00,6.3,88,0.0,,121,9.3,16.7,1000.9,6,8,7
2026-02-01 11:00:00+00:00,6.9,87,0.0,,129,9.3,18.5,1001.1,7,8,7
2026-02-01 12:00:00+00:00,7.2,86,0.0,,125,9.3,18.5,1001.1,10,8,7
2026-02-01 13:00:00+00:00,7.3,85,0.0,,128,9.3,18.5,1001.1,11,8,7
2026-02-01 14:00:00+00:00,7.3,84,0.0,,118,9.3,18.5,1000.8,10,8,7
2026-02-01 15:00:00+00:00,7.3,84,0.0,,114,9.3,18.5,1000.7,11,8,7
2026-02-01 16:00:00+00:00,7.2,84,0.0,,101,9.3,18.5,1000.8,9,8,7
2026-02-01 17:00:00+00:00,7.1,84,0.0,,88,9.3,16.7,1000.9,7,8,7
2026-02-01 18:00:00+00:00,6.0,89,0.0,,81,9.3,18.5,1001.2,0,8,7
2026-02-01 19:00:00+00:00,5.8,91,0.0,,67,9.3,16.7,1001.2,0,8,7
2026-02-01 20:00:00+00:00,5.7,90,0.0,,67,11.1,20.4,1001.1,0,8,7
2026-02-01 21:00:00+00:00,5.5,91,0.0,,67,11.1,20.4,1001.0,0,8,7
2026-02-01 22:00:00+00:00,5.2,93,0.0,,72,11.1,18.5,1000.9,0,8,7
2026-02-01 23:00:00+00:00,5.1,95,0.0,,70,11.1,18.5,1000.8,0,8,7
2026-02-02 00:00:00+00:00,5.0,95,0.0,,67,11.1,20.4,1000.7,0,8,7
2026-02-02 01:00:00+00:00,4.8,97,0.0,,67,11.1,20.4,1000.4,0,8,7
2026-02-02 02:00:00+00:00,4.8,97,0.0,,66,11.1,20.4,999.6,0,8,7
2026-02-02 03:00:00+00:00,5.1,96,0.0,,65,11.1,22.2,999.7,0,8,7
2026-02-02 04:00:00+00:00,5.0,96,0.0,,66,13.0,22.2,999.4,0,8,7
2026-02-02 05:00:00+00:00,5.2,93,0.0,,66,14.8,24.1,999.4,0,8,7
2026-02-02 06:00:00+00:00,4.8,95,0.0,,72,14.8,25.9,998.8,0,8,7
2026-02-02 07:00:00+00:00,4.9,94,0.1,,78,14.8,25.9,999.7,0,8,7
2026-02-02 08:00:00+00:00,5.2,93,0.1,,81,14.8,27.8,999.4,0,8,7
2026-02-02 09:00:00+00:00,5.6,90,0.1,,80,18.5,29.6,999.8,2,8,7
2026-02-02 10:00:00+00:00,5.9,89,0.1,,82,18.5,31.5,1000.2,2,8,7
2026-02-02 11:00:00+00:00,6.0,88,0.1,,86,20.4,31.5,999.9,1,8,7
2026-02-02 12:00:00+00:00,6.0,87,0.1,,86,22.2,35.2,999.5,2,8,7
2026-02-02 13:00:00+00:00,6.1,86,0.2,,87,22.2,37.0,999.1,2,8,7
2026-02-02 14:00:00+00:00,6.2,85,0.2,,86,22.2,37.0,999.3,3,8,7
2026-02-02 15:00:00+00:00,6.1,84,0.2,,82,22.2,35.2,999.2,5,8,7
2026-02-02 16:00:00+00:00,5.7,86,0.2,,79,20.4,35.2,999.2,6,8,7
2026-02-02 17:00:00+00:00,5.6,85,0.2,,76,20.4,35.2,999.2,3,8,7
2026-02-02 18:00:00+00:00,5.0,87,0.1,,76,20.4,35.2,999.2,0,8,7
2026-02-02 19:00:00+00:00,5.0,86,0.1,,76,20.4,33.3,999.1,0,8,7
2026-02-02 20:00:00+00:00,4.9,86,0.1,,75,22.2,35.2,1000.0,0,8,7
2026-02-02 21:00:00+00:00,4.9,86,0.1,,74,22.2,35.2,999.7,0,8,7
2026-02-02 22:00:00+00:00,4.8,85,0.1,,75,22.2,35.2,999.5,0,8,7
2026-02-02 23:00:00+00:00,4.8,83,0.1,,74,22.2,33.3,1000.2,0,8,7
2026-02-03 00:00:00+00:00,4.7,84,0.1,,72,20.4,33.3,999.6,0,8,7
2026-02-03 01:00:00+00:00,4.7,84,0.1,,71,20.4,33.3,999.3,0,8,7
2026-02-03 02:00:00+00:00,4.7,84,0.1,,72,22.2,33.3,999.3,0,8,7
2026-02-03 03:00:00+00:00,4.7,84,0.1,,71,20.4,31.5,999.1,0,8,7
2026-02-03 04:00:00+00:00,4.7,84,0.1,,72,22.2,33.3,998.4,0,8,7
2026-02-03 05:00:00+00:00,4.7,85,0.1,,72,22.2,35.2,998.5,0,8,7
2026-02-03 06:00:00+00:00,4.5,86,0.1,,71,22.2,37.0,997.9,0,8,7
2026-02-03 07:00:00+00:00,4.5,86,0.0,,72,24.1,37.0,998.3,0,8,7
2026-02-03 08:00:00+00:00,4.5,86,0.0,,74,22.2,37.0,998.8,0,8,7
2026-02-03 09:00:00+00:00,4.5,86,0.0,,72,24.1,37.0,998.9,0,8,7
2026-02-03 10:00:00+00:00,4.5,87,0.0,,69,24.1,38.9,998.8,0,8,7
2026-02-03 11:00:00+00:00,4.5,86,0.0,,71,24.1,38.9,999.3,0,8,7
2026-02-03 12:00:00+00:00,4.5,84,0.0,,71,24.1,38.9,997.9,1,8,7
2026-02-03 13:00:00+00:00,4.4,85,0.2,,71,24.1,38.9,998.5,1,8,7
2026-02-03 14:00:00+00:00,4.5,84,0.2,,70,22.2,37.0,998.1,1,8,7
2026-02-03 15:00:00+00:00,4.4,85,0.2,,71,22.2,35.2,997.4,0,8,7
2026-02-03 16:00:00+00:00,4.3,86,0.2,,72,20.4,35.2,997.3,2,8,7
2026-02-03 17:00:00+00:00,4.0,85,0.2,,68,20.4,33.3,997.2,2,8,7
2026-02-03 18:00:00+00:00,3.7,87,0.2,,68,20.4,33.3,997.1,0,8,7
2026-02-03 19:00:00+00:00,2.9,91,0.3,,70,20.4,31.5,997.0,0,8,7
2026-02-03 20:00:00+00:00,2.8,93,0.3,,66,20.4,31.5,997.0,0,8,7
2026-02-03 21:00:00+00:00,3.0,94,0.3,,67,20.4,29.6,996.7,0,8,7
2026-02-03 22:00:00+00:00,2.8,95,0.3,,70,18.5,27.8,996.8,0,8,7
2026-02-03 23:00:00+00:00,2.9,95,0.3,,69,18.5,27.8,996.6,0,8,7
2026-02-04 00:00:00+00:00,3.0,93,0.3,,69,16.7,25.9,996.8,0,8,7
2026-02-04 01:00:00+00:00,2.8,94,0.6,,67,16.7,25.9,997.1,0,8,7
2026-02-04 02:00:00+00:00,2.8,95,0.7,,69,16.7,25.9,997.0,0,8,7
2026-02-04 03:00:00+00:00,2.8,95,0.7,,70,16.7,25.9,996.4,0,8,7
2026-02-04 04:00:00+00:00,3.1,93,0.3,,72,14.8,25.9,996.9,0,8,7
2026-02-04 05:00:00+00:00,2.9,95,0.2,,70,16.7,27.8,996.3,0,8,7
2026-02-04 06:00:00+00:00,3.1,95,0.2,,74,14.8,25.9,995.9,0,8,7
2026-02-04 07:00:00+00:00,3.2,95,0.3,,74,14.8,25.9,995.9,0,8,7
2026-02-04 08:00:00+00:00,3.4,97,0.3,,78,14.8,25.9,995.6,1,8,7
2026-02-04 09:00:00+00:00,3.5,97,0.3,,80,14.8,25.9,996.3,2,8,7
2026-02-04 10:00:00+00:00,3.9,99,0.3,,85,14.8,25.9,996.5,4,8,7
2026-02-04 11:00:00+00:00,4.5,95,0.3,,85,16.7,25.9,996.4,8,8,7
2026-02-04 12:00:00+00:00,5.0,95,0.3,,89,16.7,27.8,995.9,10,7,7
2026-02-04 13:00:00+00:00,5.0,93,0.1,,91,16.7,27.8,995.3,10,7,7
2026-02-04 14:00:00+00:00,5.5,88,0.1,,97,16.7,29.6,995.1,9,7,7
2026-02-04 15:00:00+00:00,5.5,87,0.1,,94,16.7,27.8,995.1,8,8,7
2026-02-04 16:00:00+00:00,5.9,86,0.0,,91,16.7,25.9,995.4,5,7,7
2026-02-04 17:00:00+00:00,5.7,85,0.0,,89,16.7,25.9,995.5,3,8,7
2026-02-04 18:00:00+00:00,4.8,89,0.0,,89,14.8,24.1,995.6,0,8,7
2026-02-04 19:00:00+00:00,4.8,89,0.0,,81,14.8,24.1,995.3,0,7,7
2026-02-04 20:00:00+00:00,4.6,89,0.0,,83,14.8,24.1,995.1,0,7,7
2026-02-04 21:00:00+00:00,4.5,90,0.0,,87,13.0,22.2,995.2,0,8,4
2026-02-04 22:00:00+00:00,4.5,90,0.0,,88,13.0,20.4,995.3,0,8,4
2026-02-04 23:00:00+00:00,4.5,89,0.0,,90,13.0,20.4,995.6,0,8,4
2026-02-05 00:00:00+00:00,4.5,89,0.0,,93,13.0,22.2,995.2,0,8,4
2026-02-05 01:00:00+00:00,4.5,88,0.2,,88,13.0,22.2,995.1,0,8,4
2026-02-05 02:00:00+00:00,4.3,88,0.2,,91,11.1,20.4,995.0,0,8,4
2026-02-05 03:00:00+00:00,4.3,88,0.2,,89,13.0,20.4,994.2,0,8,4
2026-02-05 04:00:00+00:00,4.3,88,0.2,,80,13.0,20.4,994.1,0,8,4
2026-02-05 05:00:00+00:00,4.3,89,0.2,,84,13.0,20.4,994.3,0,8,4
2026-02-05 06:00:00+00:00,4.1,89,0.2,,76,13.0,20.4,994.8,0,8,4
2026-02-05 07:00:00+00:00,4.1,89,0.1,,73,13.0,24.1,994.8,0,8,4
2026-02-05 08:00:00+00:00,4.2,87,0.1,,70,13.0,24.1,995.0,1,8,7
2026-02-05 09:00:00+00:00,4.5,86,0.1,,84,13.0,24.1,995.2,4,8,7
2026-02-05 10:00:00+00:00,4.9,85,0.1,,79,14.8,25.9,995.4,8,8,7
2026-02-05 11:00:00+00:00,5.0,86,0.1,,82,14.8,25.9,995.7,11,8,7
2026-02-05 12:00:00+00:00,5.1,85,0.1,,89,16.7,27.8,995.5,12,8,7
2026-02-05 13:00:00+00:00,4.9,86,0.4,,91,16.7,29.6,996.1,12,8,7
2026-02-05 14:00:00+00:00,5.3,84,0.4,,100,16.7,27.8,996.2,11,8,7
2026-02-05 15:00:00+00:00,4.9,86,0.4,,103,14.8,27.8,996.1,10,8,7
2026-02-05 16:00:00+00:00,5.0,85,0.4,,98,14.8,27.8,996.0,7,8,7
2026-02-05 17:00:00+00:00,4.8,84,0.4,,93,14.8,25.9,996.7,4,8,7
2026-02-05 18:00:00+00:00,4.2,87,0.4,,90,14.8,25.9,996.2,0,8,7
2026-02-05 19:00:00+00:00,4.3,86,0.3,,88,14.8,25.9,996.3,0,8,7
2026-02-05 20:00:00+00:00,4.1,85,0.3,,84,13.0,25.9,996.5,0,8,7
2026-02-05 21:00:00+00:00,4.1,84,0.3,,81,13.0,25.9,996.3,0,8,7
2026-02-05 22:00:00+00:00,3.9,87,0.2,,68,13.0,25.9,997.1,0,8,7
2026-02-05 23:00:00+00:00,3.8,87,0.2,,74,13.0,24.1,997.5,0,8,7
2026-02-06 00:00:00+00:00,3.7,86,0.2,,77,13.0,24.1,997.6,0,8,4
2026-02-06 01:00:00+00:00,3.8,85,0.3,,72,13.0,24.1,997.9,0,8,4
2026-02-06 02:00:00+00:00,3.7,86,0.3,,72,13.0,24.1,998.0,0,8,4
2026-02-06 03:00:00+00:00,3.6,88,0.3,,83,13.0,24.1,997.6,0,7,4
2026-02-06 04:00:00+00:00,3.9,86,0.3,,84,13.0,24.1,997.5,0,7,4
2026-02-06 05:00:00+00:00,3.7,88,0.3,,84,13.0,24.1,997.5,0,7,4
2026-02-06 06:00:00+00:00,3.6,88,0.3,,82,13.0,24.1,997.2,0,7,4
2026-02-06 07:00:00+00:00,3.7,87,0.4,,87,13.0,25.9,997.6,0,7,4
2026-02-06 08:00:00+00:00,3.9,86,0.4,,83,14.8,25.9,996.9,2,7,4
2026-02-06 09:00:00+00:00,4.0,87,0.4,,91,14.8,25.9,997.6,5,7,4
2026-02-06 10:00:00+00:00,4.1,89,0.4,,93,16.7,29.6,997.4,10,7,7
2026-02-06 11:00:00+00:00,4.6,88,0.4,,98,16.7,29.6,998.3,14,8,7
2026-02-06 12:00:00+00:00,5.0,86,0.4,,101,18.5,33.3,997.8,15,8,7
2026-02-06 13:00:00+00:00,5.3,84,0.6,,99,18.5,33.3,997.6,16,8,7
2026-02-06 14:00:00+00:00,5.7,81,0.6,,97,18.5,33.3,997.9,15,8,7
2026-02-06 15:00:00+00:00,5.5,79,0.6,,91,18.5,35.2,996.7,12,8,7
2026-02-06 16:00:00+00:00,5.1,80,0.6,,83,18.5,33.3,996.7,8,8,7
2026-02-06 17:00:00+00:00,4.6,82,0.6,,83,16.7,31.5,997.0,5,8,7
2026-02-06 18:00:00+00:00,4.0,81,0.6,,77,16.7,29.6,996.2,0,8,7
2026-02-06 19:00:00+00:00,3.9,83,0.7,,77,16.7,29.6,996.4,0,8,7
2026-02-06 20:00:00+00:00,3.8,84,0.8,,81,16.7,29.6,996.7,0,8,7
2026-02-06 21:00:00+00:00,2.8,89,0.8,,83,16.7,29.6,997.1,0,8,7
2026-02-06 22:00:00+00:00,2.8,87,0.6,,83,16.7,29.6,996.5,0,8,7
2026-02-06 23:00:00+00:00,2.8,85,0.7,,85,14.8,29.6,996.5,0,8,7
2026-02-07 00:00:00+00:00,2.8,84,0.7,,84,14.8,27.8,996.8,0,8,7
2026-02-07 01:00:00+00:00,2.7,85,0.6,,82,14.8,27.8,996.8,0,8,4
2026-02-07 02:00:00+00:00,2.6,86,0.7,,91,14.8,27.8,996.8,0,8,4
2026-02-07 03:00:00+00:00,2.9,85,0.7,,90,14.8,27.8,996.9,0,8,4
2026-02-07 04:00:00+00:00,2.5,86,0.7,,83,14.8,25.9,996.8,0,8,4
2026-02-07 05:00:00+00:00,1.6,91,0.7,,82,14.8,25.9,996.7,0,8,4
2026-02-07 06:00:00+00:00,1.6,91,0.6,,83,14.8,25.9,996.4,0,8,7
2026-02-07 07:00:00+00:00,1.6,90,0.1,,87,14.8,27.8,997.1,0,8,7
2026-02-07 08:00:00+00:00,1.6,90,0.1,,92,14.8,27.8,997.2,3,8,7
2026-02-07 09:00:00+00:00,1.9,89,0.1,,93,14.8,27.8,998.2,6,8,7
2026-02-07 10:00:00+00:00,2.3,89,0.1,,100,16.7,29.6,999.0,10,8,7
2026-02-07 11:00:00+00:00,3.0,86,0.1,,106,16.7,31.5,999.0,13,7,7
2026-02-07 12:00:00+00:00,3.6,83,0.1,,110,18.5,33.3,998.9,16,7,7
2026-02-07 13:00:00+00:00,4.1,80,0.2,,111,18.5,33.3,998.9,17,7,7
2026-02-07 14:00:00+00:00,4.3,79,0.2,,118,18.5,33.3,998.9,16,7,7
2026-02-07 15:00:00+00:00,4.2,80,0.2,,110,18.5,33.3,999.0,14,8,7
2026-02-07 16:00:00+00:00,3.8,80,0.2,,111,18.5,33.3,999.3,12,8,4
2026-02-07 17:00:00+00:00,3.4,83,0.3,,118,18.5,31.5,999.6,7,8,4
2026-02-07 18:00:00+00:00,3.0,83,0.3,,109,16.7,29.6,1000.2,0,8,4
2026-02-07 19:00:00+00:00,1.9,89,0.3,,112,16.7,29.6,1000.5,0,8,4
2026-02-07 20:00:00+00:00,1.7,90,0.3,,109,16.7,29.6,1000.7,0,8,4
2026-02-07 21:00:00+00:00,1.5,90,0.3,,111,16.7,29.6,1001.3,0,8,4
2026-02-07 22:00:00+00:00,1.3,90,0.2,,117,16.7,27.8,1000.6,0,8,4
2026-02-07 23:00:00+00:00,1.7,87,0.2,,109,16.7,27.8,1002.1,0,8,4
2026-02-08 00:00:00+00:00,0.8,92,0.2,,111,14.8,27.8,1000.9,0,8,4
2026-02-08 01:00:00+00:00,0.7,92,0.3,,109,14.8,27.8,1000.9,0,8,4
2026-02-08 02:00:00+00:00,0.7,92,0.2,,101,16.7,27.8,1001.0,0,8,4
2026-02-08 03:00:00+00:00,0.7,93,0.2,,95,14.8,27.8,1000.9,0,8,4
2026-02-08 04:00:00+00:00,1.5,88,0.3,,93,14.8,27.8,1001.0,0,8,4
2026-02-08 05:00:00+00:00,0.9,92,0.3,,83,14.8,27.8,1001.1,0,8,4
2026-02-08 06:00:00+00:00,1.5,91,0.0,,69,14.8,25.9,1001.3,0,8,4
2026-02-08 07:00:00+00:00,1.4,90,0.0,,71,14.8,25.9,1001.5,0,8,4
2026-02-08 08:00:00+00:00,1.5,92,0.0,,76,14.8,25.9,1001.7,2,8,4
2026-02-08 09:00:00+00:00,1.7,90,0.0,,84,14.8,27.8,1002.6,6,8,7
2026-02-08 10:00:00+00:00,2.2,89,0.0,,90,14.8,29.6,1003.1,11,8,7
2026-02-08 11:00:00+00:00,2.9,86,0.0,,92,16.7,31.5,1003.1,15,7,7
2026-02-08 12:00:00+00:00,3.4,84,0.0,,96,18.5,33.3,1003.8,18,7,7
2026-02-08 13:00:00+00:00,3.9,81,0.0,,98,18.5,33.3,1003.6,19,7,7
2026-02-08 14:00:00+00:00,4.0,81,0.0,,107,18.5,33.3,1003.6,17,8,7
2026-02-08 15:00:00+00:00,4.0,80,0.0,,97,18.5,31.5,1003.9,14,8,7
2026-02-08 16:00:00+00:00,3.6,81,0.0,,92,16.7,29.6,1005.2,11,8,7
2026-02-08 17:00:00+00:00,3.3,86,0.0,,71,16.7,27.8,1005.6,7,8,7
2026-02-08 18:00:00+00:00,3.0,85,0.0,,67,14.8,27.8,1006.2,0,8,4
2026-02-08 19:00:00+00:00,2.6,86,0.3,,56,14.8,25.9,1006.2,0,7,4
2026-02-08 20:00:00+00:00,2.5,85,0.3,,339,14.8,25.9,1006.5,0,8,4
2026-02-08 21:00:00+00:00,2.2,85,0.3,,44,14.8,25.9,1006.9,0,8,4
2026-02-08 22:00:00+00:00,2.0,86,0.0,,165,14.8,25.9,1006.8,0,8,4
2026-02-08 23:00:00+00:00,2.0,85,0.4,,312,14.8,25.9,1006.9,0,8,4
2026-02-09 00:00:00+00:00,1.4,89,0.4,,262,14.8,25.9,1006.9,0,8,4
2026-02-09 01:00:00+00:00,1.3,90,0.2,,246,14.8,25.9,1006.2,0,8,4
2026-02-09 02:00:00+00:00,1.2,92,0.2,,286,14.8,25.9,1006.2,0,8,4
2026-02-09 03:00:00+00:00,1.1,93,0.2,,252,14.8,25.9,1006.1,0,8,4
2026-02-09 04:00:00+00:00,1.2,92,0.2,,252,13.0,25.9,1006.0,0,8,4
2026-02-09 05:00:00+00:00,2.2,85,0.2,,249,14.8,24.1,1006.5,0,7,4
2026-02-09 06:00:00+00:00,2.2,83,0.2,,273,14.8,24.1,1006.4,0,6,4
2026-02-09 07:00:00+00:00,2.2,83,0.3,,251,14.8,24.1,1006.6,0,6,4
2026-02-09 08:00:00+00:00,2.4,81,0.0,,218,14.8,25.9,1006.7,3,6,4
2026-02-09 09:00:00+00:00,2.7,81,0.0,,215,16.7,25.9,1007.3,9,7,4
2026-02-09 10:00:00+00:00,3.2,79,0.0,,185,16.7,27.8,1007.4,14,8,4
2026-02-09 11:00:00+00:00,3.9,75,0.0,,263,18.5,29.6,1007.2,20,7,4
2026-02-09 12:00:00+00:00,4.4,73,0.0,,226,18.5,31.5,1006.9,22,7,4
2026-02-09 13:00:00+00:00,4.9,71,0.0,,206,22.2,31.5,1006.8,21,7,4
2026-02-09 14:00:00+00:00,5.1,70,0.0,,201,22.2,33.3,1006.7,18,6,4
2026-02-09 15:00:00+00:00,5.2,69,0.0,,232,22.2,33.3,1006.7,16,6,4
2026-02-09 16:00:00+00:00,4.9,71,0.0,,234,22.2,33.3,1006.8,12,6,4
2026-02-09 17:00:00+00:00,5.0,76,0.0,,146,24.1,35.2,1003.4,8,7,4
2026-02-09 18:00:00+00:00,4.8,76,0.0,,150,22.2,33.3,1003.7,0,6,4
2026-02-09 19:00:00+00:00,4.6,77,0.0,,145,20.4,31.5,1003.7,0,6,4
2026-02-09 20:00:00+00:00,4.4,77,0.0,,152,20.4,31.5,1003.8,0,6,4
2026-02-09 21:00:00+00:00,4.1,79,0.0,,185,20.4,31.5,1004.0,0,6,4
2026-02-09 22:00:00+00:00,4.0,79,0.0,,199,20.4,29.6,1004.1,0,6,4
2026-02-09 23:00:00+00:00,7.7,82,0.0,,100,11.1,20.4,996.0,0,8,4
2026-02-10 00:00:00+00:00,7.5,84,0.0,,96,11.1,20.4,995.7,0,8,4
2026-02-10 01:00:00+00:00,7.5,85,0.0,,97,13.0,20.4,995.2,0,8,4
2026-02-10 02:00:00+00:00,7.4,85,0.1,,92,11.1,22.2,994.7,0,8,7
2026-02-10 03:00:00+00:00,7.4,86,0.2,,89,13.0,22.2,994.0,0,8,7
2026-02-10 04:00:00+00:00,7.2,86,0.1,,88,13.0,22.2,993.3,0,8,7
2026-02-10 05:00:00+00:00,7.3,86,0.1,,88,14.8,24.1,992.7,0,8,7
2026-02-10 06:00:00+00:00,7.3,86,0.1,,88,14.8,24.1,992.2,0,8,7
2026-02-10 07:00:00+00:00,7.2,87,0.3,,89,16.7,25.9,991.6,0,8,7
2026-02-10 08:00:00+00:00,7.4,86,0.3,,92,16.7,24.1,991.4,0,8,7
2026-02-10 09:00:00+00:00,7.4,87,0.3,,94,16.7,25.9,991.0,1,8,7
2026-02-10 10:00:00+00:00,7.4,88,0.3,,95,16.7,25.9,990.4,1,8,7
2026-02-10 11:00:00+00:00,7.5,88,0.3,,91,16.7,27.8,989.8,0,8,7
2026-02-10 12:00:00+00:00,7.5,90,0.3,,89,16.7,27.8,989.3,0,8,7
2026-02-10 13:00:00+00:00,7.5,90,0.4,,87,16.7,27.8,988.8,0,8,7
2026-02-10 14:00:00+00:00,7.5,89,0.4,,88,16.7,29.6,987.6,0,8,7
2026-02-10 15:00:00+00:00,7.5,90,0.4,,88,16.7,27.8,987.0,1,8,7
2026-02-10 16:00:00+00:00,7.5,89,0.4,,86,14.8,25.9,986.3,2,8,7
2026-02-10 17:00:00+00:00,7.4,90,0.4,,83,14.8,25.9,985.7,3,8,7
2026-02-10 18:00:00+00:00,6.9,92,0.4,,81,14.8,25.9,985.1,0,8,7
2026-02-10 19:00:00+00:00,6.6,91,0.5,,80,14.8,24.1,984.6,0,8,7
2026-02-10 20:00:00+00:00,6.8,90,0.5,,76,14.8,25.9,983.9,0,8,7
2026-02-10 21:00:00+00:00,6.7,91,0.6,,75,14.8,25.9,983.6,0,8,7
2026-02-10 22:00:00+00:00,6.7,91,0.5,,76,14.8,24.1,982.9,0,8,7
2026-02-10 23:00:00+00:00,6.7,91,0.5,,73,14.8,24.1,982.6,0,8,7
2026-02-11 00:00:00+00:00,6.5,93,0.6,,69,14.8,24.1,982.3,0,8,7
2026-02-11 01:00:00+00:00,6.4,93,0.6,,67,14.8,24.1,982.2,0,8,7
2026-02-11 02:00:00+00:00,6.2,97,0.6,,67,13.0,24.1,981.8,0,8,7
2026-02-11 03:00:00+00:00,6.2,96,0.6,,69,14.8,24.1,981.6,0,8,7
2026-02-11 04:00:00+00:00,6.2,96,0.6,,63,14.8,24.1,981.7,0,8,7
2026-02-11 05:00:00+00:00,6.0,97,0.6,,62,14.8,25.9,981.6,0,8,7
2026-02-11 06:00:00+00:00,5.9,97,0.6,,61,14.8,24.1,981.7,0,8,7
2026-02-11 07:00:00+00:00,5.8,96,0.6,,62,14.8,24.1,981.9,0,8,7
2026-02-11 08:00:00+00:00,5.6,98,0.6,,61,14.8,25.9,982.2,0,8,7
2026-02-11 09:00:00+00:00,5.7,98,0.6,,66,14.8,25.9,982.2,1,8,7
2026-02-11 10:00:00+00:00,6.1,97,0.6,,63,14.8,25.9,982.0,2,8,7
2026-02-11 11:00:00+00:00,6.2,98,0.6,,64,14.8,25.9,982.2,2,8,7
2026-02-11 12:00:00+00:00,6.5,97,0.6,,55,16.7,27.8,982.0,2,8,7
2026-02-11 13:00:00+00:00,6.8,94,0.6,,54,16.7,27.8,981.5,2,8,7
2026-02-11 14:00:00+00:00,6.7,95,0.6,,56,16.7,27.8,981.0,5,8,7
2026-02-11 15:00:00+00:00,6.8,95,0.6,,51,14.8,25.9,980.4,4,8,7
2026-02-11 16:00:00+00:00,6.9,92,0.6,,43,14.8,25.9,980.2,4,8,7
2026-02-11 17:00:00+00:00,6.8,92,0.6,,43,14.8,24.1,979.6,4,8,8
2026-02-11 18:00:00+00:00,6.1,95,0.6,,38,14.8,25.9,979.4,0,8,8
2026-02-11 19:00:00+00:00,6.0,95,1.0,,39,14.8,24.1,978.7,0,8,8
2026-02-11 20:00:00+00:00,5.8,95,1.0,,38,14.8,24.1,978.4,0,8,8
2026-02-11 21:00:00+00:00,5.7,95,1.0,,35,14.8,24.1,978.3,0,8,8
2026-02-11 22:00:00+00:00,5.6,95,1.0,,30,14.8,24.1,978.0,0,8,8
2026-02-11 23:00:00+00:00,5.4,95,1.0,,28,14.8,22.2,978.0,0,8,8
2026-02-12 00:00:00+00:00,5.2,95,0.9,,16,13.0,22.2,978.3,0,8,8
2026-02-12 01:00:00+00:00,5.1,95,0.7,,12,14.8,22.2,978.5,0,8,8
2026-02-12 02:00:00+00:00,4.9,96,0.7,,356,14.8,25.9,978.3,0,8,8
2026-02-12 03:00:00+00:00,4.8,95,0.7,,355,13.0,24.1,978.8,0,8,7
2026-02-12 04:00:00+00:00,4.9,94,0.7,,352,13.0,25.9,979.5,0,8,7
2026-02-12 05:00:00+00:00,4.5,94,0.7,,353,14.8,25.9,980.3,0,8,7
2026-02-12 06:00:00+00:00,4.3,94,0.7,,350,16.7,27.8,981.1,0,8,7
2026-02-12 07:00:00+00:00,4.0,94,0.5,,349,16.7,27.8,981.8,0,8,7
2026-02-12 08:00:00+00:00,4.0,93,0.5,,344,16.7,27.8,982.8,1,8,7
2026-02-12 09:00:00+00:00,4.1,90,0.5,,342,16.7,29.6,984.2,3,8,7
2026-02-12 10:00:00+00:00,4.4,87,0.4,,349,16.7,29.6,984.7,6,8,7
2026-02-12 11:00:00+00:00,5.0,82,0.5,,344,18.5,29.6,985.5,9,8,7
2026-02-12 12:00:00+00:00,5.1,78,0.5,,345,16.7,29.6,986.9,12,8,7
2026-02-12 13:00:00+00:00,5.5,75,0.4,,340,16.7,29.6,987.4,14,8,7
2026-02-12 14:00:00+00:00,5.5,75,0.4,,334,16.7,29.6,987.7,13,8,7
2026-02-12 15:00:00+00:00,5.3,75,0.4,,332,18.5,29.6,988.3,15,8,7
2026-02-12 16:00:00+00:00,4.8,76,0.4,,327,16.7,27.8,989.2,13,8,7
2026-02-12 17:00:00+00:00,4.0,78,0.4,,326,14.8,27.8,989.8,8,7,7
2026-02-12 18:00:00+00:00,3.1,82,0.3,,325,14.8,27.8,990.1,0,6,7
2026-02-12 19:00:00+00:00,2.8,82,0.6,,314,14.8,27.8,990.7,0,5,7
2026-02-12 20:00:00+00:00,2.1,87,0.6,,312,14.8,27.8,991.2,0,4,7
2026-02-12 21:00:00+00:00,2.0,85,0.6,,312,14.8,27.8,991.5,0,4,7
2026-02-12 22:00:00+00:00,1.6,85,0.0,,309,14.8,25.9,991.6,0,4,7
2026-02-12 23:00:00+00:00,1.1,86,0.0,,313,14.8,25.9,992.1,0,4,2
2026-02-13 00:00:00+00:00,0.9,85,0.0,,305,13.0,25.9,992.4,0,3,2
2026-02-13 01:00:00+00:00,0.5,86,0.0,,305,13.0,25.9,992.5,0,3,2
2026-02-13 02:00:00+00:00,0.2,86,0.0,,304,13.0,24.1,992.8,0,4,2
2026-02-13 03:00:00+00:00,0.0,87,0.0,,304,13.0,24.1,993.0,0,4,2
2026-02-13 04:00:00+00:00,-0.2,86,0.0,,296,13.0,24.1,992.3,0,4,2
2026-02-13 05:00:00+00:00,-0.4,87,0.0,,299,13.0,24.1,992.9,0,3,2
2026-02-13 06:00:00+00:00,-0.7,88,0.0,,296,13.0,22.2,993.4,0,3,1
2026-02-13 07:00:00+00:00,-1.3,90,0.0,,298,11.1,22.2,993.7,0,3,1
2026-02-13 08:00:00+00:00,-1.0,89,0.0,,299,11.1,22.2,994.3,7,3,1
2026-02-13 09:00:00+00:00,-0.4,85,0.0,,295,13.0,24.1,994.9,17,3,1
2026-02-13 10:00:00+00:00,0.5,82,0.0,,294,13.0,25.9,995.2,27,3,1
2026-02-13 11:00:00+00:00,1.7,76,0.0,,294,14.8,25.9,995.7,36,3,1
2026-02-13 12:00:00+00:00,2.8,73,0.0,,298,16.7,27.8,996.3,41,2,1
2026-02-13 13:00:00+00:00,3.3,69,0.0,,300,16.7,27.8,996.6,42,2,1
2026-02-13 14:00:00+00:00,3.6,66,0.0,,302,16.7,29.6,996.2,39,2,1
2026-02-13 15:00:00+00:00,3.4,67,0.0,,300,16.7,27.8,996.3,35,2,1
2026-02-13 16:00:00+00:00,3.2,71,0.2,,29,14.8,27.8,1002.0,12,6,7
2026-02-13 17:00:00+00:00,2.6,74,0.2,,20,13.0,25.9,1003.2,10,5,7
2026-02-13 18:00:00+00:00,1.6,78,0.2,,3,11.1,22.2,1004.2,0,5,7
2026-02-13 19:00:00+00:00,1.5,79,0.1,,350,11.1,22.2,1005.4,0,5,7
2026-02-13 20:00:00+00:00,1.3,80,0.1,,336,11.1,20.4,1006.5,0,5,7
2026-02-13 21:00:00+00:00,0.7,84,0.0,,331,11.1,20.4,1007.4,0,4,7
2026-02-13 22:00:00+00:00,0.4,84,0.1,,315,11.1,20.4,1008.2,0,4,7
2026-02-13 23:00:00+00:00,0.0,85,0.1,,309,11.1,20.4,1008.8,0,3,7
2026-02-14 00:00:00+00:00,-0.3,86,0.0,,305,11.1,18.5,1009.4,0,2,2
2026-02-14 01:00:00+00:00,-0.8,86,0.0,,293,11.1,20.4,1010.2,0,2,1
2026-02-14 02:00:00+00:00,-1.1,86,0.0,,288,11.1,20.4,1010.9,0,2,1
2026-02-14 03:00:00+00:00,-1.3,86,0.0,,290,11.1,20.4,1011.4,0,1,1
2026-02-14 04:00:00+00:00,-1.6,86,0.0,,285,11.1,20.4,1011.8,0,1,1
2026-02-14 05:00:00+00:00,-1.8,86,0.0,,283,11.1,20.4,1012.3,0,1,1
2026-02-14 06:00:00+00:00,-2.0,86,0.0,,280,11.1,20.4,1012.8,0,1,1
2026-02-14 07:00:00+00:00,-2.1,87,0.0,,278,11.1,20.4,1013.6,0,1,1
2026-02-14 08:00:00+00:00,-1.8,86,0.0,,277,11.1,20.4,1014.1,9,1,1
2026-02-14 09:00:00+00:00,-1.4,86,0.0,,273,11.1,20.4,1014.8,23,0,1
2026-02-14 10:00:00+00:00,-0.1,80,0.0,,266,11.1,20.4,1015.0,39,0,1
2026-02-14 11:00:00+00:00,1.0,76,0.0,,260,11.1,22.2,1015.2,52,0,1
2026-02-14 12:00:00+00:00,2.2,71,0.0,,253,13.0,22.2,1015.1,58,0,1
2026-02-14 13:00:00+00:00,3.2,67,0.0,,249,13.0,22.2,1014.8,58,1,1
2026-02-14 14:00:00+00:00,3.7,65,0.0,,241,13.0,22.2,1014.8,52,0,1
2026-02-14 15:00:00+00:00,3.9,64,0.0,,231,13.0,22.2,1014.6,45,0,1
2026-02-14 16:00:00+00:00,4.0,62,0.0,,222,9.3,18.5,1014.6,33,0,1
2026-02-14 17:00:00+00:00,3.2,66,0.0,,225,7.4,16.7,1014.3,20,1,1
2026-02-14 18:00:00+00:00,2.3,70,0.0,,221,7.4,14.8,1014.2,0,1,1
2026-02-14 19:00:00+00:00,2.1,72,0.0,,206,7.4,14.8,1013.5,0,2,1
2026-02-14 20:00:00+00:00,2.1,73,0.0,,205,9.3,16.7,1012.8,0,4,1
2026-02-14 21:00:00+00:00,2.1,73,0.0,,205,11.1,18.5,1011.8,0,6,4
2026-02-14 22:00:00+00:00,2.2,73,0.0,,202,11.1,20.4,1010.8,0,7,4
2026-02-14 23:00:00+00:00,2.3,74,0.0,,197,13.0,22.2,1009.9,0,8,4
2026-02-15 00:00:00+00:00,2.3,75,0.0,,192,14.8,24.1,1008.8,0,8,4
2026-02-15 01:00:00+00:00,2.3,76,0.0,,187,14.8,24.1,1007.4,0,8,4
2026-02-15 02:00:00+00:00,2.3,78,0.2,,184,16.7,25.9,1006.1,0,8,7
2026-02-15 03:00:00+00:00,2.4,79,0.2,,184,16.7,27.8,1004.4,0,8,7
2026-02-15 04:00:00+00:00,2.4,82,0.2,,184,18.5,29.6,1003.0,0,8,7
2026-02-15 05:00:00+00:00,2.4,84,0.2,,187,18.5,29.6,1001.6,0,8,7
2026-02-15 06:00:00+00:00,2.4,84,0.1,,193,16.7,27.8,1000.2,0,7,7
2026-02-15 07:00:00+00:00,3.3,80,0.0,,195,16.7,27.8,999.5,0,7,4
2026-02-15 08:00:00+00:00,3.5,81,0.0,,196,16.7,27.8,998.3,3,7,4
2026-02-15 09:00:00+00:00,3.7,82,0.0,,197,14.8,25.9,997.7,8,7,4
2026-02-15 10:00:00+00:00,4.1,86,0.0,,197,14.8,25.9,996.9,11,8,4
2026-02-15 11:00:00+00:00,4.8,85,0.0,,195,16.7,25.9,995.6,11,7,4
2026-02-15 12:00:00+00:00,5.5,83,0.0,,195,14.8,25.9,994.3,10,8,4
2026-02-15 13:00:00+00:00,5.9,82,0.3,,194,14.8,25.9,993.2,7,8,7
2026-02-15 14:00:00+00:00,6.0,83,0.3,,194,14.8,24.1,992.2,6,8,7
2026-02-15 15:00:00+00:00,5.9,83,0.4,,196,13.0,22.2,991.3,7,8,7
2026-02-15 16:00:00+00:00,6.0,83,0.4,,197,11.1,20.4,990.5,6,8,7
2026-02-15 17:00:00+00:00,5.8,83,0.4,,206,9.3,18.5,989.9,4,7,7
2026-02-15 18:00:00+00:00,4.7,88,0.3,,221,9.3,16.7,989.6,0,7,7
2026-02-15 19:00:00+00:00,4.7,86,0.2,,229,9.3,18.5,989.2,0,7,7
2026-02-15 20:00:00+00:00,4.7,84,0.0,,238,9.3,18.5,989.0,0,7,4
2026-02-15 21:00:00+00:00,4.6,84,0.0,,241,11.1,20.4,989.1,0,6,4
2026-02-15 22:00:00+00:00,4.6,83,0.0,,244,11.1,20.4,988.7,0,7,4
2026-02-15 23:00:00+00:00,4.6,83,0.0,,246,11.1,18.5,988.6,0,7,4
2026-02-16 00:00:00+00:00,4.5,84,0.0,,244,9.3,18.5,988.7,0,8,4
2026-02-16 01:00:00+00:00,4.5,83,0.0,,249,9.3,18.5,988.4,0,8,4
2026-02-16 02:00:00+00:00,4.5,83,0.0,,248,9.3,18.5,988.2,0,8,4
2026-02-16 03:00:00+00:00,4.4,83,0.0,,246,11.1,18.5,988.1,0,8,4
2026-02-16 04:00:00+00:00,4.4,83,0.0,,248,11.1,20.4,988.2,0,8,4
2026-02-16 05:00:00+00:00,4.5,82,0.0,,249,11.1,20.4,988.4,0,8,4
2026-02-16 06:00:00+00:00,4.4,83,0.0,,252,13.0,22.2,988.8,0,8,4
2026-02-16 07:00:00+00:00,4.5,82,0.0,,254,13.0,22.2,989.1,0,8,4
2026-02-16 08:00:00+00:00,4.5,83,0.0,,255,13.0,22.2,989.5,5,7,4
2026-02-16 09:00:00+00:00,4.6,84,0.0,,253,13.0,24.1,990.0,10,7,4
2026-02-16 10:00:00+00:00,5.0,80,0.0,,256,16.7,27.8,989.7,23,5,3
2026-02-16 11:00:00+00:00,5.9,76,0.0,,261,18.5,31.5,990.1,29,4,2
2026-02-16 12:00:00+00:00,6.7,72,0.0,,267,20.4,33.3,990.3,33,5,3
2026-02-16 13:00:00+00:00,7.3,69,0.0,,271,20.4,33.3,990.9,34,5,3
2026-02-16 14:00:00+00:00,7.5,68,0.0,,275,20.4,33.3,991.6,31,5,2
2026-02-16 15:00:00+00:00,7.4,68,0.0,,278,18.5,33.3,992.5,28,6,3
2026-02-16 16:00:00+00:00,6.8,70,0.0,,283,16.7,31.5,993.4,23,5,3
2026-02-16 17:00:00+00:00,6.1,73,0.0,,289,16.7,29.6,994.4,14,5,3
2026-02-16 18:00:00+00:00,4.7,79,0.0,,296,16.7,29.6,995.5,0,6,4
2026-02-16 19:00:00+00:00,4.4,79,0.0,,299,16.7,29.6,996.8,0,7,4
2026-02-16 20:00:00+00:00,4.1,79,0.0,,301,16.7,29.6,998.2,0,7,4
2026-02-16 21:00:00+00:00,3.6,79,0.0,,304,16.7,31.5,999.4,0,6,4
2026-02-16 22:00:00+00:00,3.1,79,0.0,,302,18.5,31.5,1000.4,0,5,4
2026-02-16 23:00:00+00:00,2.3,79,0.0,,299,18.5,31.5,1001.5,0,5,3
2026-02-17 00:00:00+00:00,1.8,79,0.0,,294,18.5,31.5,1002.6,0,3,2
2026-02-17 01:00:00+00:00,1.4,79,0.0,,292,18.5,31.5,1003.2,0,4,2
2026-02-17 02:00:00+00:00,1.5,76,0.0,,292,20.4,33.3,1003.9,0,4,2
2026-02-17 03:00:00+00:00,1.2,78,0.0,,296,20.4,35.2,1004.8,0,4,2
2026-02-17 04:00:00+00:00,1.3,78,0.0,,299,20.4,35.2,1005.8,0,3,2
2026-02-17 05:00:00+00:00,1.5,76,0.0,,302,20.4,37.0,1006.8,0,3,1
2026-02-17 06:00:00+00:00,1.4,76,0.0,,306,20.4,35.2,1007.8,0,2,1
2026-02-17 07:00:00+00:00,1.3,75,0.0,,308,20.4,35.2,1009.1,0,2,1
2026-02-17 08:00:00+00:00,1.3,74,0.0,,313,18.5,35.2,1010.2,10,2,1
2026-02-17 09:00:00+00:00,1.4,74,0.0,,316,18.5,35.2,1011.5,22,1,1
2026-02-17 10:00:00+00:00,2.1,66,0.0,,311,18.5,33.3,1014.3,40,1,1
2026-02-17 11:00:00+00:00,3.2,62,0.0,,317,18.5,33.3,1015.0,48,2,1
2026-02-17 12:00:00+00:00,4.0,58,0.0,,325,18.5,33.3,1015.3,50,4,2
2026-02-17 13:00:00+00:00,4.5,56,0.0,,330,18.5,33.3,1015.6,47,4,2
2026-02-17 14:00:00+00:00,4.7,56,0.0,,338,16.7,31.5,1016.0,39,5,2
2026-02-17 15:00:00+00:00,4.5,57,0.0,,343,14.8,29.6,1016.3,32,6,3
2026-02-17 16:00:00+00:00,4.1,59,0.0,,343,11.1,25.9,1016.2,22,6,4
2026-02-17 17:00:00+00:00,3.6,62,0.0,,341,9.3,22.2,1016.3,13,6,4
2026-02-17 18:00:00+00:00,2.7,67,0.0,,342,7.4,16.7,1016.4,0,7,4
2026-02-17 19:00:00+00:00,2.1,69,0.0,,346,7.4,16.7,1016.3,0,7,4
2026-02-17 20:00:00+00:00,1.4,72,0.0,,350,7.4,14.8,1016.1,0,7,4
2026-02-17 21:00:00+00:00,0.9,75,0.0,,353,7.4,16.7,1015.8,0,7,4
2026-02-17 22:00:00+00:00,0.6,77,0.0,,355,7.4,14.8,1015.4,0,6,3
2026-02-17 23:00:00+00:00,0.7,76,0.0,,357,7.4,14.8,1015.0,0,5,3
2026-02-18 00:00:00+00:00,0.4,78,0.0,,8,7.4,14.8,1014.2,0,6,2
2026-02-18 01:00:00+00:00,0.5,77,0.0,,26,7.4,14.8,1013.8,0,5,2
2026-02-18 02:00:00+00:00,0.5,77,0.0,,52,7.4,14.8,1013.1,0,7,3
2026-02-18 03:00:00+00:00,0.6,77,0.0,,78,7.4,14.8,1012.3,0,8,4
2026-02-18 04:00:00+00:00,1.2,76,0.0,,90,7.4,16.7,1011.6,0,6,4
2026-02-18 05:00:00+00:00,1.3,78,0.0,,100,9.3,18.5,1011.0,0,6,4
2026-02-18 06:00:00+00:00,1.6,78,0.0,,106,11.1,18.5,1010.4,0,7,4
2026-02-18 07:00:00+00:00,1.9,78,0.0,,109,11.1,20.4,1009.8,0,7,4
2026-02-18 08:00:00+00:00,2.3,76,0.0,,114,13.0,22.2,1009.1,3,8,4
2026-02-18 09:00:00+00:00,3.0,76,0.0,,118,13.0,22.2,1008.5,8,8,4
2026-02-18 10:00:00+00:00,3.8,74,0.0,,122,14.8,25.9,1008.0,12,7,4
2026-02-18 11:00:00+00:00,4.6,70,0.0,,124,18.5,31.5,1007.4,14,7,4
2026-02-18 12:00:00+00:00,4.9,70,0.0,,123,20.4,35.2,1006.6,15,8,4
2026-02-18 13:00:00+00:00,4.9,69,0.0,,122,22.2,37.0,1005.8,15,7,3
2026-02-18 14:00:00+00:00,4.9,68,0.0,,124,22.2,38.9,1004.8,13,7,3
2026-02-18 15:00:00+00:00,4.9,66,0.0,,120,22.2,37.0,1003.7,11,7,4
2026-02-18 16:00:00+00:00,4.8,66,0.0,,117,22.2,37.0,1003.3,9,7,4
2026-02-18 17:00:00+00:00,4.6,66,0.0,,114,22.2,37.0,1002.8,7,7,4
2026-02-18 18:00:00+00:00,4.1,69,0.0,,112,20.4,33.3,1002.5,3,7,4
2026-02-18 19:00:00+00:00,3.9,70,0.0,,108,20.4,35.2,1002.5,0,8,4
2026-02-18 20:00:00+00:00,3.7,72,0.0,,107,20.4,35.2,1002.1,0,8,4
2026-02-18 21:00:00+00:00,3.7,71,0.0,,103,20.4,33.3,1001.8,0,8,4
2026-02-18 22:00:00+00:00,3.4,73,0.0,,97,20.4,35.2,1001.6,0,8,4
2026-02-18 23:00:00+00:00,3.5,74,0.0,,94,20.4,31.5,1001.4,0,8,4
2026-02-19 00:00:00+00:00,3.4,75,0.0,,91,18.5,31.5,1001.2,0,8,4
2026-02-19 01:00:00+00:00,3.6,75,0.0,,88,18.5,29.6,1001.3,0,8,4
2026-02-19 02:00:00+00:00,3.5,76,0.0,,86,16.7,29.6,1001.3,0,8,4
2026-02-19 03:00:00+00:00,3.5,77,0.0,,84,16.7,29.6,1001.4,0,8,4
2026-02-19 04:00:00+00:00,4.1,74,0.0,,81,18.5,31.5,1000.6,0,8,4
2026-02-19 05:00:00+00:00,4.2,74,0.0,,81,18.5,31.5,1001.1,0,8,4
2026-02-19 06:00:00+00:00,4.3,75,0.0,,79,18.5,31.5,1001.6,0,8,4
2026-02-19 07:00:00+00:00,4.5,75,0.0,,77,18.5,29.6,1002.3,0,8,4
2026-02-19 08:00:00+00:00,4.6,75,0.0,,78,16.7,29.6,1002.8,0,8,4
2026-02-19 09:00:00+00:00,4.9,75,0.0,,79,16.7,29.6,1003.5,2,8,4
2026-02-19 10:00:00+00:00,5.0,76,0.0,,82,16.7,27.8,1004.1,3,8,4
2026-02-19 11:00:00+00:00,5.1,78,0.0,,87,14.8,27.8,1004.8,2,8,4
2026-02-19 12:00:00+00:00,5.2,79,0.0,,89,14.8,25.9,1005.5,1,8,4
2026-02-19 13:00:00+00:00,5.2,80,0.1,,91,13.0,25.9,1005.9,0,8,7
2026-02-19 14:00:00+00:00,5.2,81,0.1,,94,13.0,24.1,1006.4,0,8,7
2026-02-19 15:00:00+00:00,5.1,81,0.2,,100,11.1,22.2,1006.8,0,8,7
2026-02-19 16:00:00+00:00,5.1,80,0.2,,99,9.3,20.4,1007.3,1,8,7
2026-02-19 17:00:00+00:00,4.9,82,0.2,,94,9.3,18.5,1007.8,1,8,7
2026-02-19 18:00:00+00:00,4.6,83,0.2,,95,7.4,14.8,1008.3,0,8,7
2026-02-19 19:00:00+00:00,4.2,85,0.0,,108,5.5,13.0,1008.6,0,8,7
2026-02-19 20:00:00+00:00,4.0,85,0.0,,217,5.5,13.0,1009.1,0,8,7
2026-02-19 21:00:00+00:00,3.8,86,0.0,,237,7.4,13.0,1009.4,0,7,4
2026-02-19 22:00:00+00:00,3.6,87,0.0,,245,7.4,13.0,1009.5,0,7,4
2026-02-19 23:00:00+00:00,3.2,89,0.0,,239,7.4,14.8,1009.7,0,7,4
2026-02-20 00:00:00+00:00,3.2,89,0.0,,231,7.4,14.8,1009.8,0,7,4
2026-02-20 01:00:00+00:00,3.4,87,0.0,,228,9.3,16.7,1010.0,0,7,4
2026-02-20 02:00:00+00:00,3.4,86,0.0,,230,9.3,16.7,1010.0,0,8,4
2026-02-20 03:00:00+00:00,3.6,86,0.0,,227,9.3,18.5,1010.0,0,8,4
2026-02-20 04:00:00+00:00,4.0,83,0.0,,227,11.1,20.4,1009.8,0,8,4
2026-02-20 05:00:00+00:00,4.4,82,0.0,,227,11.1,20.4,1009.4,0,8,4
2026-02-20 06:00:00+00:00,4.6,82,0.0,,220,13.0,22.2,1009.1,0,8,4
2026-02-20 07:00:00+00:00,4.8,83,0.0,,218,14.8,24.1,1008.7,0,8,4
2026-02-20 08:00:00+00:00,5.2,83,0.0,,213,16.7,25.9,1008.2,1,8,4
2026-02-20 09:00:00+00:00,5.7,84,0.0,,209,18.5,27.8,1007.6,3,8,4
2026-02-20 10:00:00+00:00,6.8,81,0.2,,209,22.2,33.3,1006.9,4,8,7
2026-02-20 11:00:00+00:00,7.8,78,0.2,,209,25.9,37.0,1006.1,6,8,7
2026-02-20 12:00:00+00:00,8.9,76,0.2,,214,27.8,42.6,1005.2,6,8,7
2026-02-20 13:00:00+00:00,9.5,74,0.2,,218,27.8,44.5,1004.5,8,7,7
2026-02-20 14:00:00+00:00,9.8,75,0.2,,223,29.6,46.3,1004.0,9,7,7
2026-02-20 15:00:00+00:00,9.9,74,0.2,,229,29.6,46.3,1003.5,11,6,7
2026-02-20 16:00:00+00:00,9.8,74,0.3,,232,27.8,46.3,1003.8,11,6,7
2026-02-20 17:00:00+00:00,9.5,74,0.2,,235,25.9,42.6,1004.3,9,6,7
2026-02-20 18:00:00+00:00,8.9,76,0.0,,238,24.1,40.8,1004.5,5,6,4
2026-02-20 19:00:00+00:00,8.5,76,0.0,,241,24.1,38.9,1005.0,0,6,4
2026-02-20 20:00:00+00:00,8.4,75,0.0,,243,22.2,37.0,1005.4,0,6,4
2026-02-20 21:00:00+00:00,8.3,76,0.0,,243,22.2,37.0,1005.6,0,7,4
2026-02-20 22:00:00+00:00,8.1,80,0.0,,249,20.4,35.2,1006.1,0,6,3
2026-02-20 23:00:00+00:00,8.2,79,0.0,,249,20.4,33.3,1006.7,0,6,3
2026-02-21 00:00:00+00:00,8.2,79,0.0,,247,20.4,33.3,1007.3,0,6,3
2026-02-21 01:00:00+00:00,8.1,80,0.0,,249,20.4,33.3,1008.1,0,7,3
2026-02-21 02:00:00+00:00,8.2,79,0.0,,247,18.5,31.5,1008.5,0,7,4
2026-02-21 03:00:00+00:00,8.1,80,0.0,,244,18.5,29.6,1008.9,0,7,4
2026-02-21 04:00:00+00:00,8.2,79,0.0,,243,16.7,27.8,1009.4,0,8,4
2026-02-21 05:00:00+00:00,8.0,80,0.0,,241,14.8,25.9,1009.7,0,8,4
2026-02-21 06:00:00+00:00,7.7,82,0.0,,240,14.8,24.1,1010.2,0,8,4
2026-02-21 07:00:00+00:00,7.8,81,0.0,,236,13.0,22.2,1010.6,0,8,4
2026-02-21 08:00:00+00:00,7.9,82,0.0,,233,13.0,22.2,1011.0,2,8,4
2026-02-21 09:00:00+00:00,8.5,82,0.0,,230,13.0,22.2,1011.4,4,8,4
2026-02-21 10:00:00+00:00,9.3,80,0.0,,228,14.8,24.1,1011.5,5,8,4
2026-02-21 11:00:00+00:00,10.0,81,0.0,,228,16.7,27.8,1011.6,6,8,4
2026-02-21 12:00:00+00:00,10.6,80,0.0,,228,18.5,29.6,1011.7,8,8,4
2026-02-21 13:00:00+00:00,11.0,78,0.0,,227,18.5,31.5,1011.4,8,8,4
2026-02-21 14:00:00+00:00,11.0,78,0.0,,224,20.4,31.5,1011.1,7,8,4
2026-02-21 15:00:00+00:00,11.0,78,0.0,,221,20.4,33.3,1010.7,5,8,4
2026-02-21 16:00:00+00:00,10.9,80,0.0,,220,18.5,33.3,1010.2,4,8,4
2026-02-21 17:00:00+00:00,10.8,81,0.5,,218,18.5,31.5,1009.9,2,8,7
2026-02-21 18:00:00+00:00,10.6,82,0.6,,219,18.5,29.6,1009.6,0,8,7
2026-02-21 19:00:00+00:00,10.4,84,0.3,,220,16.7,29.6,1009.3,0,8,7
2026-02-21 20:00:00+00:00,10.5,85,0.3,,222,16.7,27.8,1009.1,0,8,7
2026-02-21 21:00:00+00:00,10.6,84,0.2,,226,16.7,27.8,1009.0,0,8,4
2026-02-21 22:00:00+00:00,10.6,86,0.2,,231,16.7,27.8,1008.4,0,8,7
2026-02-21 23:00:00+00:00,10.7,85,0.2,,230,14.8,25.9,1008.3,0,8,7
2026-02-22 00:00:00+00:00,10.6,86,0.0,,225,14.8,24.1,1008.0,0,8,4
2026-02-22 01:00:00+00:00,10.5,86,0.0,,230,13.0,24.1,1007.7,0,8,4
2026-02-22 02:00:00+00:00,10.4,86,0.0,,232,13.0,24.1,1007.2,0,8,4
2026-02-22 03:00:00+00:00,10.3,86,0.0,,235,13.0,22.2,1006.9,0,8,4
2026-02-22 04:00:00+00:00,10.2,85,0.0,,237,13.0,22.2,1006.6,0,8,4
2026-02-22 05:00:00+00:00,10.0,84,0.0,,240,11.1,20.4,1006.4,0,8,4
2026-02-22 06:00:00+00:00,9.8,83,0.0,,243,13.0,22.2,1006.4,0,8,4
2026-02-22 07:00:00+00:00,9.7,82,0.0,,242,13.0,24.1,1006.4,1,7,4
2026-02-22 08:00:00+00:00,9.6,80,0.0,,238,14.8,25.9,1006.7,5,7,4
2026-02-22 09:00:00+00:00,9.9,79,0.0,,235,16.7,29.6,1007.0,11,6,4
2026-02-22 10:00:00+00:00,10.6,76,0.0,,236,20.4,33.3,1007.0,19,6,4
2026-02-22 11:00:00+00:00,11.3,72,0.0,,237,24.1,38.9,1007.0,24,6,4
2026-02-22 12:00:00+00:00,11.8,69,0.0,,238,25.9,42.6,1006.9,29,6,4
2026-02-22 13:00:00+00:00,12.0,67,0.0,,239,27.8,44.5,1006.7,32,6,3
2026-02-22 14:00:00+00:00,11.9,65,0.0,,239,27.8,44.5,1006.6,31,6,3
2026-02-22 15:00:00+00:00,11.7,65,0.0,,239,27.8,44.5,1006.4,29,6,3
2026-02-22 16:00:00+00:00,11.2,67,0.0,,238,25.9,42.6,1006.3,25,6,3
2026-02-22 17:00:00+00:00,10.5,69,0.0,,238,24.1,40.8,1006.3,17,6,3
2026-02-22 18:00:00+00:00,9.9,71,0.0,,237,22.2,37.0,1006.2,9,7,3
2026-02-22 19:00:00+00:00,9.3,72,0.0,,236,22.2,37.0,1006.2,0,6,3
2026-02-22 20:00:00+00:00,9.0,74,0.0,,236,22.2,35.2,1006.0,0,6,4
2026-02-22 21:00:00+00:00,8.8,74,0.0,,236,20.4,35.2,1006.0,0,6,4
2026-02-22 22:00:00+00:00,8.5,75,0.0,,236,22.2,35.2,1005.9,0,5,4
2026-02-22 23:00:00+00:00,8.4,75,0.0,,236,20.4,35.2,1005.8,0,5,3
2026-02-23 00:00:00+00:00,8.3,75,0.0,,235,20.4,35.2,1005.7,0,5,3
2026-02-23 01:00:00+00:00,8.2,76,0.0,,236,20.4,35.2,1005.4,0,5,3
2026-02-23 02:00:00+00:00,8.2,76,0.0,,237,20.4,35.2,1005.2,0,5,3
2026-02-23 03:00:00+00:00,8.1,76,0.0,,237,20.4,35.2,1004.9,0,5,3
2026-02-23 04:00:00+00:00,8.1,76,0.0,,240,20.4,35.2,1004.6,0,5,3
2026-02-23 05:00:00+00:00,8.2,76,0.0,,240,20.4,35.2,1004.4,0,5,3
2026-02-23 06:00:00+00:00,8.2,76,0.0,,238,20.4,35.2,1004.3,0,6,4
2026-02-23 07:00:00+00:00,8.2,76,0.0,,239,20.4,35.2,1004.5,2,6,4
2026-02-23 08:00:00+00:00,8.6,75,0.0,,239,20.4,35.2,1004.8,5,6,4
2026-02-23 09:00:00+00:00,8.9,75,0.0,,238,22.2,35.2,1004.9,10,7,4
2026-02-23 10:00:00+00:00,9.5,74,0.0,,240,22.2,37.0,1005.4,16,7,4
2026-02-23 11:00:00+00:00,10.2,72,0.0,,243,24.1,38.9,1006.0,18,7,4
2026-02-23 12:00:00+00:00,10.6,71,0.0,,244,24.1,38.9,1006.0,20,7,4
2026-02-23 13:00:00+00:00,10.7,70,0.0,,244,22.2,38.9,1006.5,18,8,4
2026-02-23 14:00:00+00:00,10.9,71,0.0,,243,22.2,37.0,1006.6,15,8,4
2026-02-23 15:00:00+00:00,10.8,72,0.0,,238,20.4,35.2,1006.9,13,8,4
2026-02-23 16:00:00+00:00,10.8,68,0.0,,253,22.2,40.8,1006.9,17,5,4
2026-02-23 17:00:00+00:00,10.3,70,0.0,,252,20.4,35.2,1007.5,10,6,4
2026-02-23 18:00:00+00:00,9.2,76,0.0,,250,14.8,27.8,1008.1,5,6,4
2026-02-23 19:00:00+00:00,9.1,77,0.0,,244,13.0,24.1,1008.9,0,7,4
2026-02-23 20:00:00+00:00,9.0,79,0.0,,240,11.1,20.4,1009.6,0,7,4
2026-02-23 21:00:00+00:00,8.6,82,0.0,,241,11.1,20.4,1010.0,0,8,4
2026-02-23 22:00:00+00:00,8.5,84,0.4,,240,9.3,18.5,1010.4,0,8,7
2026-02-23 23:00:00+00:00,8.5,86,0.4,,234,9.3,16.7,1010.6,0,8,7
2026-02-24 00:00:00+00:00,8.5,88,0.5,,227,9.3,16.7,1010.6,0,8,7
2026-02-24 01:00:00+00:00,8.5,88,0.1,,224,9.3,16.7,1010.5,0,8,7
2026-02-24 02:00:00+00:00,8.8,88,0.1,,220,11.1,18.5,1010.3,0,8,7
2026-02-24 03:00:00+00:00,9.0,88,0.0,,219,13.0,20.4,1009.9,0,8,4
2026-02-24 04:00:00+00:00,9.0,87,0.0,,217,13.0,24.1,1009.9,0,8,4
2026-02-24 05:00:00+00:00,9.1,85,0.0,,218,14.8,25.9,1009.8,0,8,4
2026-02-24 06:00:00+00:00,9.1,84,0.0,,220,16.7,27.8,1009.8,0,8,4
2026-02-24 07:00:00+00:00,9.6,80,0.0,,218,16.7,27.8,1010.1,0,8,4
2026-02-24 08:00:00+00:00,9.7,80,0.0,,215,16.7,27.8,1010.0,2,8,4
2026-02-24 09:00:00+00:00,10.1,80,0.0,,212,18.5,29.6,1010.1,5,8,4
2026-02-24 10:00:00+00:00,11.1,75,0.0,,213,20.4,33.3,1010.3,8,8,4
2026-02-24 11:00:00+00:00,11.8,73,0.0,,214,24.1,35.2,1010.2,10,8,4
2026-02-24 12:00:00+00:00,12.5,70,0.0,,213,24.1,38.9,1010.1,11,7,4
2026-02-24 13:00:00+00:00,12.8,68,0.0,,213,25.9,38.9,1009.8,13,8,4
2026-02-24 14:00:00+00:00,13.1,66,0.0,,212,25.9,38.9,1009.5,12,8,4
2026-02-24 15:00:00+00:00,13.1,65,0.0,,211,24.1,38.9,1009.2,11,8,4
2026-02-24 16:00:00+00:00,12.8,68,0.0,,212,22.2,35.2,1009.2,8,6,4
2026-02-24 17:00:00+00:00,12.4,69,0.0,,211,18.5,31.5,1009.5,5,6,4
2026-02-24 18:00:00+00:00,10.9,74,0.0,,211,16.7,27.8,1009.8,3,7,4
2026-02-24 19:00:00+00:00,10.8,74,0.0,,208,14.8,24.1,1010.0,0,7,4
2026-02-24 20:00:00+00:00,10.6,75,0.0,,209,13.0,24.1,1010.1,0,6,4
2026-02-24 21:00:00+00:00,10.4,75,0.0,,211,13.0,24.1,1010.1,0,6,4
2026-02-24 22:00:00+00:00,10.3,76,0.0,,212,13.0,24.1,1010.1,0,6,4
2026-02-24 23:00:00+00:00,10.3,77,0.0,,211,13.0,24.1,1010.2,0,5,4
2026-02-25 00:00:00+00:00,9.9,79,0.0,,209,13.0,24.1,1010.1,0,5,3
2026-02-25 01:00:00+00:00,9.5,82,0.0,,209,13.0,24.1,1010.1,0,4,2
2026-02-25 02:00:00+00:00,9.3,82,0.0,,210,13.0,22.2,1010.1,0,3,2
2026-02-25 03:00:00+00:00,9.1,82,0.0,,210,11.1,22.2,1010.0,0,3,2
2026-02-25 04:00:00+00:00,8.9,82,0.0,,208,11.1,20.4,1010.0,0,3,2
2026-02-25 05:00:00+00:00,8.8,82,0.0,,211,11.1,18.5,1010.0,0,4,2
2026-02-25 06:00:00+00:00,8.8,82,0.0,,216,9.3,18.5,1010.0,0,4,2
2026-02-25 07:00:00+00:00,9.0,81,0.0,,214,9.3,18.5,1010.0,1,5,2
2026-02-25 08:00:00+00:00,9.1,82,0.0,,212,11.1,18.5,1010.2,6,6,3
2026-02-25 09:00:00+00:00,9.6,82,0.0,,209,11.1,20.4,1010.3,10,6,4
2026-02-25 10:00:00+00:00,10.9,81,0.0,,205,14.8,24.1,1010.0,17,5,4
2026-02-25 11:00:00+00:00,11.7,79,0.0,,203,16.7,27.8,1009.8,17,6,4
2026-02-25 12:00:00+00:00,12.6,77,0.0,,204,18.5,31.5,1009.4,16,8,4
2026-02-25 13:00:00+00:00,13.1,76,0.0,,205,20.4,33.3,1009.1,12,8,4
2026-02-25 14:00:00+00:00,13.3,76,0.0,,206,22.2,37.0,1008.9,10,8,4
2026-02-25 15:00:00+00:00,13.2,76,0.0,,207,24.1,38.9,1008.8,8,8,4
2026-02-25 16:00:00+00:00,13.2,76,0.0,,209,24.1,38.9,1008.9,5,8,4
2026-02-25 17:00:00+00:00,13.0,77,0.0,,211,22.2,38.9,1009.1,2,8,4
2026-02-25 18:00:00+00:00,12.0,81,0.0,,213,22.2,35.2,1009.1,0,8,4
2026-02-25 19:00:00+00:00,11.9,81,0.0,,214,20.4,35.2,1009.0,0,8,4
2026-02-25 20:00:00+00:00,11.7,81,0.0,,216,20.4,33.3,1008.8,0,8,4
2026-02-25 21:00:00+00:00,11.7,80,0.0,,219,20.4,33.3,1008.7,0,8,4
2026-02-25 22:00:00+00:00,11.5,80,0.0,,221,20.4,33.3,1008.6,0,7,4
2026-02-25 23:00:00+00:00,11.4,78,0.0,,220,20.4,35.2,1008.7,0,7,4
2026-02-26 00:00:00+00:00,11.1,80,0.0,,220,20.4,35.2,1008.7,0,6,4
2026-02-26 01:00:00+00:00,10.9,80,0.0,,221,20.4,35.2,1008.5,0,6,4
2026-02-26 02:00:00+00:00,10.7,80,0.0,,221,20.4,35.2,1008.4,0,6,4
2026-02-26 03:00:00+00:00,10.5,81,0.0,,220,20.4,35.2,1008.2,0,6,4
2026-02-26 04:00:00+00:00,10.2,82,0.0,,220,20.4,33.3,1008.1,0,6,4
2026-02-26 05:00:00+00:00,10.3,80,0.0,,219,20.4,33.3,1007.9,0,6,4
2026-02-26 06:00:00+00:00,10.3,80,0.0,,220,20.4,33.3,1007.9,0,6,4
2026-02-26 07:00:00+00:00,10.5,80,0.0,,218,20.4,31.5,1008.0,0,7,4
2026-02-26 08:00:00+00:00,10.6,80,0.0,,217,20.4,33.3,1007.8,1,8,4
2026-02-26 09:00:00+00:00,10.9,80,0.0,,217,22.2,35.2,1007.8,4,8,4
2026-02-26 10:00:00+00:00,11.3,79,0.0,,212,24.1,38.9,1006.3,3,8,4
2026-02-26 11:00:00+00:00,11.7,79,0.0,,211,27.8,40.8,1005.5,3,8,7
2026-02-26 12:00:00+00:00,12.0,78,0.0,,210,29.6,44.5,1004.5,3,8,7
2026-02-26 13:00:00+00:00,12.3,76,0.1,,211,31.5,48.2,1003.8,1,8,7
2026-02-26 14:00:00+00:00,12.2,76,0.1,,214,31.5,50.0,1003.3,1,8,7
2026-02-26 15:00:00+00:00,12.1,76,0.1,,214,33.3,51.8,1002.8,1,8,7
2026-02-26 16:00:00+00:00,11.9,76,0.1,,215,31.5,50.0,1002.6,1,8,7
2026-02-26 17:00:00+00:00,11.9,76,0.1,,217,29.6,48.2,1002.5,0,8,7
2026-02-26 18:00:00+00:00,10.9,82,0.1,,219,25.9,42.6,1002.3,0,8,7
2026-02-26 19:00:00+00:00,10.8,81,0.0,,218,24.1,38.9,1002.7,0,8,4
2026-02-26 20:00:00+00:00,10.8,80,0.0,,220,22.2,35.2,1003.0,0,8,4
2026-02-26 21:00:00+00:00,10.8,80,0.0,,222,20.4,33.3,1003.3,0,8,4
2026-02-26 22:00:00+00:00,10.7,78,0.0,,224,20.4,31.5,1003.7,0,8,4
2026-02-26 23:00:00+00:00,10.7,77,0.0,,223,18.5,27.8,1004.0,0,8,4
2026-02-27 00:00:00+00:00,10.4,78,0.0,,224,14.8,24.1,1004.3,0,8,4
2026-02-27 01:00:00+00:00,10.1,78,0.0,,228,13.0,24.1,1004.2,0,8,4
2026-02-27 02:00:00+00:00,9.7,79,0.0,,231,11.1,20.4,1004.2,0,8,4
2026-02-27 03:00:00+00:00,9.3,82,0.0,,232,9.3,18.5,1004.1,0,8,4
2026-02-27 04:00:00+00:00,8.7,83,0.0,,238,9.3,16.7,1004.2,0,8,4
2026-02-27 05:00:00+00:00,8.4,82,0.0,,244,7.4,16.7,1004.4,0,8,4
2026-02-27 06:00:00+00:00,8.0,84,0.0,,250,7.4,16.7,1004.5,0,7,4
2026-02-27 07:00:00+00:00,7.7,84,0.0,,254,7.4,14.8,1004.8,1,7,4
2026-02-27 08:00:00+00:00,7.7,83,0.0,,257,7.4,14.8,1005.1,5,6,4
2026-02-27 09:00:00+00:00,7.9,83,0.0,,263,9.3,16.7,1005.3,10,6,4
2026-02-27 10:00:00+00:00,9.0,82,0.0,,260,7.4,14.8,1007.6,17,5,3
2026-02-27 11:00:00+00:00,9.6,80,0.0,,264,7.4,16.7,1007.9,20,5,3
2026-02-27 12:00:00+00:00,10.2,75,0.0,,291,7.4,16.7,1008.1,20,6,4
2026-02-27 13:00:00+00:00,10.7,71,0.0,,316,7.4,18.5,1008.2,18,6,4
2026-02-27 14:00:00+00:00,10.9,69,0.0,,342,9.3,18.5,1008.4,17,6,4
2026-02-27 15:00:00+00:00,10.7,69,0.0,,360,9.3,18.5,1008.8,14,6,3
2026-02-27 16:00:00+00:00,10.3,69,0.0,,12,9.3,18.5,1009.2,11,6,3
2026-02-27 17:00:00+00:00,9.5,72,0.0,,14,9.3,20.4,1009.9,6,6,4
2026-02-27 18:00:00+00:00,7.6,82,0.0,,17,9.3,18.5,1010.6,3,6,4
2026-02-27 19:00:00+00:00,7.4,82,0.0,,13,9.3,18.5,1011.0,0,6,4
2026-02-27 20:00:00+00:00,7.1,83,0.0,,9,9.3,18.5,1011.5,0,7,4
2026-02-27 21:00:00+00:00,6.7,85,0.0,,4,11.1,20.4,1011.9,0,7,4
2026-02-27 22:00:00+00:00,6.4,86,0.0,,360,11.1,20.4,1012.3,0,7,4
2026-02-27 23:00:00+00:00,6.2,87,0.0,,356,11.1,20.4,1012.4,0,7,4
2026-02-28 00:00:00+00:00,5.8,90,0.0,,356,11.1,20.4,1012.7,0,7,4
2026-02-28 01:00:00+00:00,5.6,90,0.0,,353,11.1,22.2,1013.0,0,8,4
2026-02-28 02:00:00+00:00,5.4,90,0.0,,356,11.1,20.4,1013.0,0,8,4
2026-02-28 03:00:00+00:00,5.1,92,0.0,,358,11.1,20.4,1013.1,0,8,4
2026-02-28 04:00:00+00:00,5.2,87,0.0,,6,13.0,24.1,1012.8,0,8,4
2026-02-28 05:00:00+00:00,5.0,89,0.0,,6,13.0,24.1,1013.0,0,7,4
2026-02-28 06:00:00+00:00,5.0,88,0.0,,3,13.0,24.1,1013.4,0,7,4
2026-02-28 07:00:00+00:00,5.0,88,0.0,,2,13.0,22.2,1013.8,0,7,4
2026-02-28 08:00:00+00:00,5.3,86,0.0,,358,13.0,22.2,1014.2,4,8,4
2026-02-28 09:00:00+00:00,5.8,85,0.0,,359,13.0,22.2,1014.6,8,8,4
2026-02-28 10:00:00+00:00,6.5,81,0.0,,359,13.0,22.2,1014.8,15,7,4
2026-02-28 11:00:00+00:00,7.1,77,0.0,,4,13.0,22.2,1014.9,17,7,4
2026-02-28 12:00:00+00:00,7.5,75,0.0,,1,11.1,20.4,1015.0,18,7,4
2026-02-28 13:00:00+00:00,7.8,73,0.0,,3,9.3,18.5,1015.0,18,7,4
2026-02-28 14:00:00+00:00,7.8,72,0.0,,4,9.3,18.5,1014.9,17,7,4
2026-02-28 15:00:00+00:00,7.7,71,0.0,,3,9.3,16.7,1014.9,13,7,4
2026-02-28 16:00:00+00:00,7.3,73,0.2,,310,9.3,16.7,1014.9,13,7,7
2026-02-28 17:00:00+00:00,6.5,76,0.2,,248,9.3,16.7,1014.9,10,5,7
2026-02-28 18:00:00+00:00,5.5,78,0.2,,241,7.4,16.7,1015.1,5,4,7
2026-02-28 19:00:00+00:00,4.8,80,0.0,,232,7.4,16.7,1015.2,0,4,2
2026-02-28 20:00:00+00:00,3.9,81,0.0,,237,7.4,14.8,1015.1,0,4,2
2026-02-28 21:00:00+00:00,3.5,81,0.0,,233,9.3,16.7,1014.9,0,3,2
2026-02-28 22:00:00+00:00,3.4,81,0.0,,228,9.3,16.7,1014.6,0,3,2
2026-02-28 23:00:00+00:00,3.5,81,0.0,,219,9.3,16.7,1013.9,0,4,2
2026-03-01 00:00:00+00:00,3.7,81,0.0,,211,9.3,18.5,1013.3,0,5,2
2026-03-01 01:00:00+00:00,3.9,81,0.0,,206,9.3,18.5,1012.6,0,6,4
2026-03-01 02:00:00+00:00,4.1,81,0.0,,204,9.3,18.5,1011.9,0,7,4
2026-03-01 03:00:00+00:00,4.1,81,0.0,,201,9.3,18.5,1011.0,0,8,4
2026-03-01 04:00:00+00:00,4.5,81,0.0,,197,11.1,18.5,1010.4,0,6,4
2026-03-01 05:00:00+00:00,5.0,79,0.0,,194,11.1,18.5,1009.9,0,6,4
2026-03-01 06:00:00+00:00,5.2,79,0.0,,196,11.1,18.5,1009.5,0,8,4
2026-03-01 07:00:00+00:00,5.6,78,0.0,,194,11.1,20.4,1009.0,0,8,4
2026-03-01 08:00:00+00:00,5.9,80,0.0,,192,13.0,20.4,1008.5,0,8,4
2026-03-01 09:00:00+00:00,6.6,81,0.0,,195,13.0,24.1,1007.9,2,8,4
2026-03-01 10:00:00+00:00,7.5,79,0.0,,193,16.7,27.8,1007.5,3,8,4
2026-03-01 11:00:00+00:00,8.3,79,0.0,,194,18.5,31.5,1006.9,4,8,4
2026-03-01 12:00:00+00:00,9.4,78,0.0,,195,22.2,35.2,1006.4,2,8,4
2026-03-01 13:00:00+00:00,10.0,77,0.0,,196,22.2,37.0,1006.0,3,8,4
2026-03-01 14:00:00+00:00,10.6,77,0.0,,199,24.1,40.8,1005.5,2,8,4
2026-03-01 15:00:00+00:00,10.9,78,0.1,,199,25.9,40.8,1005.1,1,8,7
2026-03-01 16:00:00+00:00,10.9,79,0.0,,201,25.9,40.8,1004.9,2,8,7
2026-03-01 17:00:00+00:00,10.9,80,0.0,,201,24.1,40.8,1004.9,0,8,7
2026-03-01 18:00:00+00:00,10.9,80,0.0,,202,24.1,40.8,1004.7,0,8,7
2026-03-01 19:00:00+00:00,11.5,76,0.3,,201,24.1,38.9,1004.8,0,8,7
2026-03-01 20:00:00+00:00,11.4,75,0.0,,203,22.2,37.0,1004.9,0,8,4
2026-03-01 21:00:00+00:00,11.3,75,0.0,,203,24.1,38.9,1004.6,0,8,4
2026-03-01 22:00:00+00:00,11.3,75,0.0,,202,24.1,38.9,1004.5,0,8,4
2026-03-01 23:00:00+00:00,11.2,76,0.0,,201,24.1,40.8,1004.4,0,8,4
2026-03-02 00:00:00+00:00,11.2,76,0.0,,201,25.9,40.8,1004.1,0,8,4
2026-03-02 01:00:00+00:00,11.2,76,0.0,,200,25.9,42.6,1003.9,0,8,4
2026-03-02 02:00:00+00:00,11.0,78,0.0,,200,25.9,42.6,1003.8,0,7,4
2026-03-02 03:00:00+00:00,10.7,78,0.0,,200,25.9,42.6,1003.7,0,7,4
2026-03-02 04:00:00+00:00,11.3,76,0.0,,199,25.9,40.8,1003.5,0,8,4
2026-03-02 05:00:00+00:00,11.3,75,0.0,,196,25.9,40.8,1003.7,0,8,4
2026-03-02 06:00:00+00:00,11.5,75,0.0,,197,25.9,40.8,1004.0,0,8,4
2026-03-02 07:00:00+00:00,11.5,74,0.0,,195,25.9,40.8,1004.5,0,8,4
2026-03-02 08:00:00+00:00,11.3,75,0.0,,194,25.9,38.9,1004.9,1,8,4
2026-03-02 09:00:00+00:00,11.4,75,0.0,,194,25.9,40.8,1005.6,3,8,4
2026-03-02 10:00:00+00:00,11.8,74,0.0,,196,25.9,38.9,1006.1,6,8,4
2026-03-02 11:00:00+00:00,12.2,74,0.0,,199,25.9,40.8,1006.4,5,8,4
2026-03-02 12:00:00+00:00,12.5,73,0.0,,203,25.9,40.8,1006.9,5,8,4
2026-03-02 13:00:00+00:00,12.5,73,0.0,,206,25.9,42.6,1007.3,6,8,4
2026-03-02 14:00:00+00:00,12.4,72,0.0,,210,25.9,40.8,1007.7,5,8,4
2026-03-02 15:00:00+00:00,12.3,71,0.0,,212,24.1,38.9,1008.3,3,8,4
2026-03-02 16:00:00+00:00,11.7,71,0.0,,216,22.2,35.2,1008.9,3,8,4
2026-03-02 17:00:00+00:00,11.1,71,0.0,,218,20.4,31.5,1009.6,0,8,4
2026-03-02 18:00:00+00:00,10.2,73,0.0,,222,16.7,29.6,1010.5,0,8,4
2026-03-02 19:00:00+00:00,9.3,74,0.0,,223,16.7,27.8,1011.5,0,7,4
2026-03-02 20:00:00+00:00,8.4,74,0.0,,226,16.7,27.8,1012.3,0,6,4
2026-03-02 21:00:00+00:00,8.1,74,0.0,,226,14.8,27.8,1013.2,0,5,4
2026-03-02 22:00:00+00:00,7.7,74,0.0,,232,16.7,27.8,1015.6,0,4,2
2026-03-02 23:00:00+00:00,7.3,74,0.0,,239,14.8,25.9,1017.1,0,4,2
2026-03-03 00:00:00+00:00,6.5,75,0.0,,246,13.0,24.1,1018.3,0,4,2
2026-03-03 01:00:00+00:00,5.9,76,0.0,,254,13.0,22.2,1019.9,0,3,2
2026-03-03 02:00:00+00:00,5.3,76,0.0,,256,11.1,22.2,1021.1,0,3,2
2026-03-03 03:00:00+00:00,4.3,79,0.0,,263,11.1,20.4,1022.1,0,3,2
2026-03-03 04:00:00+00:00,3.6,80,0.0,,265,9.3,18.5,1023.3,0,2,1
2026-03-03 05:00:00+00:00,3.0,82,0.0,,264,9.3,18.5,1024.2,0,2,1
2026-03-03 06:00:00+00:00,2.8,82,0.0,,262,9.3,18.5,1025.1,0,2,1
2026-03-03 07:00:00+00:00,3.1,81,0.0,,263,9.3,18.5,1026.0,13,2,1
2026-03-03 08:00:00+00:00,3.7,79,0.0,,263,9.3,18.5,1026.8,28,2,1
2026-03-03 09:00:00+00:00,5.0,75,0.0,,265,9.3,18.5,1027.5,44,1,1
2026-03-03 10:00:00+00:00,6.5,70,0.0,,261,7.4,16.7,1028.2,55,1,1
2026-03-03 11:00:00+00:00,7.9,64,0.0,,254,7.4,16.7,1028.6,60,1,1
2026-03-03 12:00:00+00:00,9.0,60,0.0,,240,7.4,16.7,1028.8,60,1,1
2026-03-03 13:00:00+00:00,9.9,56,0.0,,146,7.4,16.7,1028.9,59,1,1
2026-03-03 14:00:00+00:00,10.0,56,0.0,,105,9.3,18.5,1029.0,55,1,1
2026-03-03 15:00:00+00:00,9.8,57,0.0,,104,9.3,18.5,1029.0,50,1,1
2026-03-03 16:00:00+00:00,9.4,57,0.0,,100,9.3,18.5,1028.9,46,1,1
2026-03-03 17:00:00+00:00,8.5,60,0.0,,95,9.3,18.5,1029.0,37,1,1
2026-03-03 18:00:00+00:00,7.4,65,0.0,,93,7.4,16.7,1029.1,23,1,1
2026-03-03 19:00:00+00:00,6.2,70,0.0,,85,7.4,14.8,1029.4,0,1,1
2026-03-03 20:00:00+00:00,5.1,75,0.0,,65,7.4,13.0,1029.4,0,1,1
2026-03-03 21:00:00+00:00,4.4,79,0.0,,268,5.5,13.0,1029.4,0,1,1
2026-03-03 22:00:00+00:00,3.9,81,0.0,,256,7.4,13.0,1029.4,0,1,1
2026-03-03 23:00:00+00:00,3.4,83,0.0,,241,7.4,14.8,1029.1,0,1,1
2026-03-04 00:00:00+00:00,3.2,84,0.0,,236,7.4,14.8,1028.9,0,2,1
2026-03-04 01:00:00+00:00,3.0,85,0.0,,237,7.4,14.8,1028.2,0,2,1
2026-03-04 02:00:00+00:00,3.1,85,0.0,,228,7.4,14.8,1027.7,0,3,1
2026-03-04 03:00:00+00:00,3.3,85,0.0,,222,7.4,14.8,1027.1,0,4,1
2026-03-04 04:00:00+00:00,3.6,84,0.0,,225,7.4,14.8,1026.6,0,4,1
2026-03-04 05:00:00+00:00,3.9,84,0.0,,216,7.4,13.0,1026.2,0,4,1
2026-03-04 06:00:00+00:00,4.3,86,0.0,,208,7.4,13.0,1026.0,0,4,2
2026-03-04 07:00:00+00:00,4.6,86,0.0,,199,7.4,14.8,1025.7,3,4,2
2026-03-04 08:00:00+00:00,5.3,88,0.0,,194,9.3,16.7,1025.6,9,4,2
2026-03-04 09:00:00+00:00,6.4,86,0.0,,191,11.1,18.5,1025.3,17,4,4
2026-03-04 10:00:00+00:00,7.5,86,0.0,,188,13.0,22.2,1025.0,24,5,3
2026-03-04 11:00:00+00:00,8.9,80,0.0,,187,14.8,25.9,1024.4,30,5,3
2026-03-04 12:00:00+00:00,10.2,75,0.0,,186,16.7,27.8,1024.0,33,5,3
2026-03-04 13:00:00+00:00,11.3,70,0.0,,185,18.5,29.6,1023.2,34,4,2
2026-03-04 14:00:00+00:00,12.0,68,0.0,,184,18.5,31.5,1022.5,34,4,2
2026-03-04 15:00:00+00:00,12.2,68,0.0,,183,18.5,31.5,1021.6,33,3,2
2026-03-04 16:00:00+00:00,12.1,69,0.0,,179,18.5,31.5,1020.9,32,3,2
2026-03-04 17:00:00+00:00,11.8,70,0.0,,178,16.7,27.8,1020.5,27,3,1
2026-03-04 18:00:00+00:00,9.4,82,0.0,,182,14.8,25.9,1020.1,17,3,1
2026-03-04 19:00:00+00:00,9.3,82,0.0,,185,13.0,22.2,1019.8,0,3,1
2026-03-04 20:00:00+00:00,9.1,82,0.0,,187,13.0,22.2,1019.6,0,3,1
2026-03-04 21:00:00+00:00,9.0,83,0.0,,193,13.0,22.2,1019.2,0,3,1
2026-03-04 22:00:00+00:00,8.5,81,0.0,,196,11.1,20.4,1018.3,0,2,1
2026-03-04 23:00:00+00:00,8.5,80,0.0,,197,11.1,20.4,1017.7,0,2,1
2026-03-05 00:00:00+00:00,8.4,81,0.0,,197,11.1,20.4,1017.3,0,3,1
2026-03-05 01:00:00+00:00,8.3,82,0.0,,195,11.1,20.4,1016.9,0,2,1
2026-03-05 02:00:00+00:00,8.3,81,0.0,,198,11.1,18.5,1016.3,0,3,1
2026-03-05 03:00:00+00:00,8.1,82,0.0,,198,9.3,18.5,1015.8,0,3,1
2026-03-05 04:00:00+00:00,8.0,81,0.0,,196,9.3,18.5,1015.4,0,3,1
2026-03-05 05:00:00+00:00,7.8,81,0.0,,201,9.3,16.7,1015.0,0,3,1
2026-03-05 06:00:00+00:00,7.8,82,0.0,,203,9.3,16.7,1014.7,0,3,1
2026-03-05 07:00:00+00:00,7.9,83,0.0,,200,9.3,16.7,1014.6,8,3,1
2026-03-05 08:00:00+00:00,8.2,84,0.0,,196,9.3,18.5,1014.5,20,2,1
2026-03-05 09:00:00+00:00,9.2,82,0.0,,195,11.1,20.4,1014.3,31,2,1
2026-03-05 10:00:00+00:00,10.4,79,0.0,,194,13.0,22.2,1014.2,40,2,1
2026-03-05 11:00:00+00:00,11.6,76,0.0,,191,14.8,24.1,1013.9,45,2,1
2026-03-05 12:00:00+00:00,12.8,72,0.0,,189,14.8,25.9,1013.6,48,2,1
2026-03-05 13:00:00+00:00,13.7,68,0.0,,184,14.8,25.9,1013.3,48,2,1
2026-03-05 14:00:00+00:00,14.2,66,0.0,,179,14.8,25.9,1012.8,44,2,1
2026-03-05 15:00:00+00:00,14.3,66,0.0,,177,13.0,24.1,1012.6,38,2,1
2026-03-05 16:00:00+00:00,13.8,69,0.0,,169,11.1,22.2,1012.4,40,2,1
2026-03-05 17:00:00+00:00,12.9,73,0.0,,165,9.3,18.5,1012.9,25,2,1
2026-03-05 18:00:00+00:00,10.1,86,0.0,,119,7.4,16.7,1013.2,11,4,1
2026-03-05 19:00:00+00:00,9.8,87,0.0,,354,7.4,14.8,1013.9,0,6,4
2026-03-05 20:00:00+00:00,9.4,88,0.0,,337,9.3,16.7,1014.5,0,7,4
2026-03-05 21:00:00+00:00,8.9,88,0.6,,329,11.1,20.4,1015.2,0,8,7
2026-03-05 22:00:00+00:00,8.3,90,0.3,,343,13.0,22.2,1016.1,0,8,7
2026-03-05 23:00:00+00:00,7.7,87,0.3,,350,14.8,25.9,1017.1,0,8,7
2026-03-06 00:00:00+00:00,7.0,90,0.3,,355,16.7,29.6,1018.1,0,8,7
2026-03-06 01:00:00+00:00,6.3,91,0.5,,356,16.7,31.5,1018.9,0,8,7
2026-03-06 02:00:00+00:00,5.7,92,0.5,,355,16.7,31.5,1019.4,0,8,7
2026-03-06 03:00:00+00:00,5.2,93,0.5,,357,16.7,29.6,1019.9,0,8,7
2026-03-06 04:00:00+00:00,5.3,93,0.5,,357,18.5,31.5,1020.3,0,8,7
2026-03-06 05:00:00+00:00,5.1,92,0.5,,357,18.5,31.5,1020.7,0,8,7
2026-03-06 06:00:00+00:00,4.9,93,0.4,,356,16.7,29.6,1021.1,0,8,7
2026-03-06 07:00:00+00:00,4.6,92,0.8,,355,16.7,29.6,1021.6,0,8,7
2026-03-06 08:00:00+00:00,4.5,93,0.8,,355,16.7,27.8,1022.0,0,8,7
2026-03-06 09:00:00+00:00,4.7,93,0.8,,353,16.7,27.8,1022.6,0,8,8
2026-03-06 10:00:00+00:00,4.9,92,0.8,,354,16.7,27.8,1023.1,0,8,8
2026-03-06 11:00:00+00:00,5.2,90,0.8,,355,16.7,27.8,1023.5,0,8,8
2026-03-06 12:00:00+00:00,6.1,85,0.7,,355,16.7,27.8,1023.8,0,8,8
2026-03-06 13:00:00+00:00,6.5,82,0.2,,356,14.8,25.9,1024.0,2,8,8
2026-03-06 14:00:00+00:00,6.7,78,0.2,,358,14.8,25.9,1024.0,0,8,8
2026-03-06 15:00:00+00:00,7.0,76,0.1,,357,13.0,24.1,1024.1,1,8,8
2026-03-06 16:00:00+00:00,6.7,75,0.0,,349,9.3,20.4,1024.6,2,8,4
2026-03-06 17:00:00+00:00,6.3,76,0.0,,351,7.4,16.7,1024.7,1,7,4
2026-03-06 18:00:00+00:00,5.6,80,0.0,,347,7.4,13.0,1025.1,0,6,4
2026-03-06 19:00:00+00:00,5.2,82,0.0,,343,5.5,13.0,1025.5,0,6,4
2026-03-06 20:00:00+00:00,4.6,83,0.0,,312,5.5,13.0,1025.9,0,6,4
2026-03-06 21:00:00+00:00,3.9,85,0.0,,292,5.5,13.0,1026.3,0,5,4
2026-03-06 22:00:00+00:00,3.3,86,0.0,,274,7.4,13.0,1026.5,0,6,4
2026-03-06 23:00:00+00:00,2.7,88,0.0,,257,7.4,13.0,1026.7,0,5,4
2026-03-07 00:00:00+00:00,2.1,89,0.0,,256,7.4,14.8,1026.8,0,5,4
2026-03-07 01:00:00+00:00,1.5,88,0.0,,258,7.4,14.8,1026.7,0,4,2
2026-03-07 02:00:00+00:00,1.0,88,0.0,,257,7.4,14.8,1026.5,0,4,1
2026-03-07 03:00:00+00:00,0.6,89,0.0,,252,7.4,14.8,1026.3,0,3,1
2026-03-07 04:00:00+00:00,0.4,88,0.0,,254,7.4,14.8,1026.1,0,3,1
2026-03-07 05:00:00+00:00,0.2,88,0.0,,253,7.4,14.8,1026.2,0,3,1
2026-03-07 06:00:00+00:00,0.6,86,0.0,,249,7.4,14.8,1026.2,0,3,1
2026-03-07 07:00:00+00:00,0.9,85,0.0,,244,7.4,14.8,1026.5,16,3,1
2026-03-07 08:00:00+00:00,2.0,82,0.0,,236,7.4,16.7,1026.7,31,2,1
2026-03-07 09:00:00+00:00,3.7,77,0.0,,226,9.3,16.7,1026.8,46,2,1
2026-03-07 10:00:00+00:00,5.4,72,0.0,,218,9.3,16.7,1026.9,54,1,1
2026-03-07 11:00:00+00:00,7.1,63,0.0,,212,9.3,18.5,1026.8,60,1,1
2026-03-07 12:00:00+00:00,8.3,60,0.0,,206,11.1,20.4,1026.4,60,1,1
2026-03-07 13:00:00+00:00,9.2,58,0.0,,202,11.1,22.2,1026.0,56,2,1
2026-03-07 14:00:00+00:00,9.8,57,0.0,,193,13.0,22.2,1025.6,52,1,1
2026-03-07 15:00:00+00:00,9.9,58,0.0,,187,13.0,22.2,1025.1,47,2,1
2026-03-07 16:00:00+00:00,8.8,60,0.0,,185,11.1,22.2,1024.7,52,0,1
2026-03-07 17:00:00+00:00,8.0,64,0.0,,181,11.1,18.5,1024.6,41,0,1
2026-03-07 18:00:00+00:00,6.6,70,0.0,,190,7.4,16.7,1024.6,27,0,1
2026-03-07 19:00:00+00:00,5.9,73,0.0,,213,7.4,13.0,1024.9,0,1,1
2026-03-07 20:00:00+00:00,4.9,76,0.0,,247,5.5,13.0,1025.1,0,2,1
2026-03-07 21:00:00+00:00,4.5,77,0.0,,258,5.5,13.0,1025.3,0,3,1
2026-03-07 22:00:00+00:00,4.1,78,0.0,,258,7.4,13.0,1025.2,0,2,1
2026-03-07 23:00:00+00:00,3.9,79,0.0,,259,7.4,14.8,1025.0,0,3,1
2026-03-08 00:00:00+00:00,3.4,82,0.0,,254,7.4,14.8,1024.9,0,4,1
2026-03-08 01:00:00+00:00,3.1,83,0.0,,262,7.4,14.8,1024.6,0,4,2
2026-03-08 02:00:00+00:00,2.9,84,0.0,,258,7.4,14.8,1024.2,0,5,2
2026-03-08 03:00:00+00:00,2.6,88,0.0,,252,7.4,14.8,1023.8,0,5,3
2026-03-08 04:00:00+00:00,2.4,89,0.0,,258,5.5,13.0,1023.5,0,5,4
2026-03-08 05:00:00+00:00,2.5,90,0.0,,256,5.5,13.0,1023.4,0,5,3
2026-03-08 06:00:00+00:00,3.0,89,0.0,,258,7.4,13.0,1023.3,0,5,4
2026-03-08 07:00:00+00:00,3.4,88,0.0,,248,7.4,13.0,1023.3,5,5,4
2026-03-08 08:00:00+00:00,4.2,87,0.0,,240,7.4,13.0,1023.3,13,5,4
2026-03-08 09:00:00+00:00,5.6,84,0.0,,229,7.4,14.8,1023.3,21,6,4
2026-03-08 10:00:00+00:00,7.3,79,0.0,,208,9.3,18.5,1023.1,27,6,4
2026-03-08 11:00:00+00:00,8.7,74,0.0,,199,11.1,20.4,1022.8,30,5,4
2026-03-08 12:00:00+00:00,9.7,72,0.0,,195,13.0,22.2,1022.2,28,4,4
2026-03-08 13:00:00+00:00,10.3,71,0.0,,189,13.0,24.1,1021.7,27,5,4
2026-03-08 14:00:00+00:00,10.6,73,0.0,,184,13.0,24.1,1021.2,23,6,4
2026-03-08 15:00:00+00:00,10.9,73,0.0,,181,13.0,25.9,1020.6,18,7,4
2026-03-08 16:00:00+00:00,10.5,80,0.0,,180,13.0,24.1,1020.7,16,6,4
2026-03-08 17:00:00+00:00,10.3,81,0.0,,175,11.1,22.2,1020.5,9,6,4
2026-03-08 18:00:00+00:00,9.6,86,0.0,,173,11.1,20.4,1020.1,4,7,4
2026-03-08 19:00:00+00:00,9.5,86,0.0,,174,9.3,16.7,1020.2,0,7,4
2026-03-08 20:00:00+00:00,9.4,87,0.0,,182,9.3,16.7,1020.2,0,8,4
2026-03-08 21:00:00+00:00,9.4,87,0.0,,190,9.3,16.7,1020.1,0,8,4
2026-03-08 22:00:00+00:00,9.3,88,0.0,,191,9.3,16.7,1020.0,0,8,4
2026-03-08 23:00:00+00:00,9.3,87,0.0,,197,7.4,16.7,1019.8,0,8,4
2026-03-09 00:00:00+00:00,9.1,88,0.0,,202,7.4,14.8,1019.7,0,8,4
2026-03-09 01:00:00+00:00,8.9,88,0.0,,205,7.4,14.8,1019.1,0,7,4
2026-03-09 02:00:00+00:00,8.8,88,0.0,,212,7.4,14.8,1018.6,0,7,4
2026-03-09 03:00:00+00:00,8.6,88,0.0,,214,7.4,14.8,1018.1,0,7,4
2026-03-09 04:00:00+00:00,8.4,88,0.0,,215,7.4,14.8,1017.8,0,6,4
2026-03-09 05:00:00+00:00,8.2,88,0.0,,221,7.4,14.8,1017.7,0,7,4
2026-03-09 06:00:00+00:00,8.2,88,0.0,,225,7.4,14.8,1017.6,0,7,4
2026-03-09 07:00:00+00:00,8.4,88,0.0,,220,7.4,14.8,1017.6,2,6,4
2026-03-09 08:00:00+00:00,8.7,88,0.0,,214,9.3,16.7,1017.5,11,7,4
2026-03-09 09:00:00+00:00,9.3,87,0.0,,211,9.3,18.5,1017.5,16,7,4
2026-03-09 10:00:00+00:00,10.3,85,0.0,,210,11.1,20.4,1017.2,20,7,4
2026-03-09 11:00:00+00:00,11.3,81,0.0,,210,13.0,22.2,1016.9,20,7,4
2026-03-09 12:00:00+00:00,12.1,78,0.0,,211,14.8,24.1,1016.4,19,8,4
2026-03-09 13:00:00+00:00,12.7,75,0.0,,212,14.8,25.9,1015.8,18,7,4
2026-03-09 14:00:00+00:00,13.0,74,0.0,,212,16.7,25.9,1015.2,15,8,4
2026-03-09 15:00:00+00:00,13.0,73,0.0,,211,16.7,27.8,1014.7,14,7,4
2026-03-09 16:00:00+00:00,12.0,78,0.0,,212,16.7,27.8,1013.7,12,7,4
2026-03-09 17:00:00+00:00,11.7,78,0.0,,213,14.8,24.1,1013.4,8,7,4
2026-03-09 18:00:00+00:00,10.7,81,0.0,,217,13.0,22.2,1013.4,3,7,4
2026-03-09 19:00:00+00:00,10.3,81,0.0,,217,11.1,20.4,1013.2,0,7,4
2026-03-09 20:00:00+00:00,9.8,82,0.0,,220,11.1,20.4,1013.0,0,6,4
2026-03-09 21:00:00+00:00,9.2,83,0.0,,222,11.1,18.5,1012.9,0,6,4
2026-03-09 22:00:00+00:00,8.9,83,0.0,,221,9.3,18.5,1012.7,0,5,4
2026-03-09 23:00:00+00:00,8.6,83,0.0,,222,9.3,18.5,1012.5,0,5,3
2026-03-10 00:00:00+00:00,8.2,84,0.0,,223,9.3,18.5,1012.4,0,5,3
2026-03-10 01:00:00+00:00,7.8,84,0.0,,224,11.1,18.5,1011.8,0,4,3
2026-03-10 02:00:00+00:00,7.5,85,0.0,,224,11.1,18.5,1011.5,0,5,3
2026-03-10 03:00:00+00:00,7.2,86,0.0,,221,11.1,20.4,1011.1,0,5,3
2026-03-10 04:00:00+00:00,7.0,85,0.0,,221,11.1,20.4,1010.6,0,5,3
2026-03-10 05:00:00+00:00,7.0,84,0.0,,222,11.1,20.4,1010.5,0,5,3
2026-03-10 06:00:00+00:00,7.2,82,0.0,,222,13.0,22.2,1010.4,0,5,3
2026-03-10 07:00:00+00:00,7.3,80,0.0,,219,13.0,22.2,1010.3,5,5,3
2026-03-10 08:00:00+00:00,7.7,78,0.0,,217,14.8,25.9,1010.1,11,5,3
2026-03-10 09:00:00+00:00,8.5,76,0.0,,214,18.5,29.6,1009.9,17,5,4
2026-03-10 10:00:00+00:00,9.5,72,0.0,,216,22.2,35.2,1009.6,21,6,4
2026-03-10 11:00:00+00:00,10.4,70,0.0,,216,24.1,38.9,1009.1,20,6,4
2026-03-10 12:00:00+00:00,11.1,68,0.0,,216,27.8,42.6,1008.6,19,7,4
2026-03-10 13:00:00+00:00,11.2,68,0.0,,214,29.6,46.3,1007.6,17,6,4
2026-03-10 14:00:00+00:00,11.4,68,0.0,,213,31.5,48.2,1006.6,13,7,4
2026-03-10 15:00:00+00:00,11.5,67,0.0,,210,33.3,50.0,1005.7,10,7,4
2026-03-10 16:00:00+00:00,11.0,69,0.0,,209,31.5,50.0,1004.8,6,8,4
2026-03-10 17:00:00+00:00,10.9,70,0.0,,206,29.6,48.2,1003.8,2,8,4
2026-03-10 18:00:00+00:00,10.5,71,0.0,,205,29.6,48.2,1002.9,0,8,4
2026-03-10 19:00:00+00:00,10.2,73,0.0,,202,27.8,46.3,1001.8,0,8,4
2026-03-10 20:00:00+00:00,10.2,74,0.1,,201,27.8,44.5,1000.6,0,8,7
2026-03-10 21:00:00+00:00,10.2,76,0.2,,200,27.8,44.5,999.4,0,8,7
2026-03-10 22:00:00+00:00,10.1,77,0.1,,199,27.8,44.5,998.2,0,8,7
2026-03-10 23:00:00+00:00,10.2,77,0.1,,200,29.6,46.3,996.9,0,8,7
2026-03-11 00:00:00+00:00,10.2,78,0.1,,203,29.6,48.2,995.7,0,8,7
2026-03-11 01:00:00+00:00,10.1,77,0.1,,208,29.6,48.2,995.3,0,8,7
2026-03-11 02:00:00+00:00,9.7,78,0.1,,212,29.6,46.3,995.0,0,7,7
2026-03-11 03:00:00+00:00,9.1,78,0.1,,219,29.6,48.2,994.8,0,6,7
2026-03-11 04:00:00+00:00,9.1,76,0.3,,222,29.6,48.2,994.8,0,5,7
2026-03-11 05:00:00+00:00,8.7,76,0.0,,224,29.6,48.2,994.9,0,5,3
2026-03-11 06:00:00+00:00,8.2,77,0.0,,226,31.5,48.2,995.8,0,5,3
2026-03-11 07:00:00+00:00,8.3,73,0.0,,227,29.6,46.3,997.1,7,5,3
2026-03-11 08:00:00+00:00,8.3,74,0.0,,231,29.6,46.3,997.8,16,5,2
2026-03-11 09:00:00+00:00,8.6,73,0.0,,235,29.6,46.3,998.6,26,5,2
2026-03-11 10:00:00+00:00,9.2,68,0.0,,239,33.3,50.0,999.8,39,4,2
2026-03-11 11:00:00+00:00,9.7,64,0.0,,240,33.3,50.0,1000.8,38,4,2
2026-03-11 12:00:00+00:00,10.1,62,0.0,,243,33.3,50.0,1001.8,38,5,2
2026-03-11 13:00:00+00:00,10.4,60,0.0,,245,33.3,50.0,1002.7,40,4,2
2026-03-11 14:00:00+00:00,10.6,59,0.0,,246,31.5,50.0,1003.7,39,4,2
2026-03-11 15:00:00+00:00,10.2,60,0.0,,247,29.6,48.2,1004.3,37,4,2
2026-03-11 16:00:00+00:00,9.8,62,0.0,,242,25.9,44.5,1005.1,32,4,2
2026-03-11 17:00:00+00:00,9.2,64,0.0,,237,24.1,40.8,1005.9,23,4,2
2026-03-11 18:00:00+00:00,8.7,67,0.0,,231,24.1,38.9,1006.6,14,4,2
2026-03-11 19:00:00+00:00,8.2,70,0.0,,224,22.2,38.9,1007.0,0,4,2
2026-03-11 20:00:00+00:00,8.0,71,0.0,,222,24.1,38.9,1007.1,0,4,2
2026-03-11 21:00:00+00:00,8.1,71,0.0,,218,25.9,40.8,1007.1,0,5,2
2026-03-11 22:00:00+00:00,8.1,72,0.0,,215,25.9,42.6,1006.5,0,5,3
2026-03-11 23:00:00+00:00,8.3,70,0.0,,215,27.8,46.3,1006.0,0,5,3
2026-03-12 00:00:00+00:00,8.3,72,0.0,,214,29.6,48.2,1005.2,0,6,3
2026-03-12 01:00:00+00:00,8.4,73,0.0,,215,31.5,50.0,1004.2,0,6,3
2026-03-12 02:00:00+00:00,8.2,75,0.0,,217,33.3,51.8,1003.3,0,8,3
2026-03-12 03:00:00+00:00,8.2,76,0.0,,217,35.2,55.5,1002.4,0,8,3
2026-03-12 04:00:00+00:00,8.2,78,0.0,,217,37.0,57.4,1001.3,0,8,4
2026-03-12 05:00:00+00:00,8.6,76,0.0,,216,38.9,61.1,1000.3,0,8,4
2026-03-12 06:00:00+00:00,9.1,74,0.3,,217,42.6,64.8,999.2,0,8,7
2026-03-12 07:00:00+00:00,9.7,72,0.2,,217,42.6,64.8,997.9,0,8,4
2026-03-12 08:00:00+00:00,9.8,74,0.2,,216,42.6,66.7,996.7,1,8,7
2026-03-12 09:00:00+00:00,10.5,74,0.2,,216,44.5,66.7,995.8,4,8,7
2026-03-12 10:00:00+00:00,10.8,74,0.1,,214,42.6,64.8,995.2,5,7,7
2026-03-12 11:00:00+00:00,11.0,77,0.2,,211,44.5,64.8,993.3,5,8,7
2026-03-12 12:00:00+00:00,11.1,80,0.2,,212,44.5,64.8,991.6,1,8,8
2026-03-12 13:00:00+00:00,11.3,80,1.6,,212,42.6,64.8,991.0,0,8,8
2026-03-12 14:00:00+00:00,11.3,82,1.6,,217,40.8,63.0,990.4,0,8,8
2026-03-12 15:00:00+00:00,10.8,84,1.6,,222,38.9,61.1,989.9,0,8,9
2026-03-12 16:00:00+00:00,10.3,86,1.7,,224,35.2,57.4,989.6,0,8,8
2026-03-12 17:00:00+00:00,10.0,86,1.6,,226,33.3,53.7,989.4,0,8,8
2026-03-12 18:00:00+00:00,9.1,84,1.4,,228,29.6,48.2,989.5,0,8,8
2026-03-12 19:00:00+00:00,8.5,83,0.7,,226,27.8,44.5,989.7,0,8,8
2026-03-12 20:00:00+00:00,7.9,81,0.6,,226,25.9,42.6,990.0,0,8,8
2026-03-12 21:00:00+00:00,7.5,80,0.6,,222,24.1,40.8,990.0,0,8,7
2026-03-12 22:00:00+00:00,7.0,79,0.6,,218,24.1,38.9,989.4,0,8,7
2026-03-12 23:00:00+00:00,6.7,77,0.6,,221,24.1,38.9,988.7,0,7,7
2026-03-13 00:00:00+00:00,6.5,76,0.6,,222,24.1,40.8,987.8,0,6,7
2026-03-13 01:00:00+00:00,6.1,74,0.1,,225,24.1,38.9,987.7,0,5,7
2026-03-13 02:00:00+00:00,5.5,74,0.1,,225,25.9,42.6,987.4,0,4,7
2026-03-13 03:00:00+00:00,4.8,75,0.1,,224,27.8,44.5,987.3,0,4,7
2026-03-13 04:00:00+00:00,5.2,72,1.0,,224,29.6,46.3,986.9,0,2,7
2026-03-13 05:00:00+00:00,5.1,71,0.0,,224,29.6,46.3,986.7,0,3,1
2026-03-13 06:00:00+00:00,5.3,68,0.0,,224,31.5,50.0,986.9,0,3,1
2026-03-13 07:00:00+00:00,5.7,67,0.0,,225,31.5,48.2,987.3,14,3,1
2026-03-13 08:00:00+00:00,5.9,69,0.0,,226,31.5,50.0,987.7,23,3,1
2026-03-13 09:00:00+00:00,6.6,68,0.0,,228,31.5,48.2,988.0,30,3,2
2026-03-13 10:00:00+00:00,7.5,65,0.0,,229,31.5,48.2,988.7,32,4,2
2026-03-13 11:00:00+00:00,8.0,64,0.0,,230,33.3,48.2,989.5,30,4,2
2026-03-13 12:00:00+00:00,8.6,62,0.0,,231,31.5,48.2,990.3,28,5,2
2026-03-13 13:00:00+00:00,9.1,61,0.0,,231,31.5,48.2,990.8,28,5,3
2026-03-13 14:00:00+00:00,8.9,62,0.0,,231,29.6,46.3,991.2,26,4,2
2026-03-13 15:00:00+00:00,8.7,64,0.0,,229,27.8,44.5,991.7,21,5,2
2026-03-13 16:00:00+00:00,8.2,65,0.0,,228,24.1,40.8,992.2,20,5,3
2026-03-13 17:00:00+00:00,7.3,69,0.0,,228,22.2,35.2,992.6,13,5,3
2026-03-13 18:00:00+00:00,6.5,72,0.0,,228,18.5,29.6,993.3,9,4,2
2026-03-13 19:00:00+00:00,5.8,76,0.0,,232,16.7,27.8,994.1,0,4,2
2026-03-13 20:00:00+00:00,5.4,77,0.0,,239,14.8,25.9,994.7,0,4,2
2026-03-13 21:00:00+00:00,5.0,79,0.0,,241,13.0,22.2,995.3,0,4,2
2026-03-13 22:00:00+00:00,4.8,80,0.0,,244,13.0,22.2,995.8,0,4,2
2026-03-13 23:00:00+00:00,4.6,80,0.0,,247,13.0,22.2,996.2,0,4,2
2026-03-14 00:00:00+00:00,4.3,80,0.0,,248,13.0,22.2,996.7,0,4,2
2026-03-14 01:00:00+00:00,3.9,81,0.0,,250,13.0,24.1,997.1,0,4,2
2026-03-14 02:00:00+00:00,3.9,81,0.0,,252,13.0,24.1,997.3,0,4,2
2026-03-14 03:00:00+00:00,3.4,82,0.0,,253,13.0,24.1,997.8,0,3,2
2026-03-14 04:00:00+00:00,3.3,80,0.0,,264,13.0,24.1,997.5,0,2,1
2026-03-14 05:00:00+00:00,3.0,81,0.0,,264,13.0,24.1,998.1,0,1,1
2026-03-14 06:00:00+00:00,3.1,81,0.0,,264,13.0,22.2,998.8,0,1,1
2026-03-14 07:00:00+00:00,3.4,80,0.0,,265,13.0,24.1,999.6,20,1,1
2026-03-14 08:00:00+00:00,3.9,79,0.0,,265,14.8,24.1,1000.2,35,1,1
2026-03-14 09:00:00+00:00,4.9,76,0.0,,265,14.8,25.9,1000.9,45,1,1
2026-03-14 10:00:00+00:00,6.2,71,0.0,,265,16.7,27.8,1001.4,49,1,1
2026-03-14 11:00:00+00:00,7.4,65,0.0,,266,18.5,29.6,1001.9,51,1,1
2026-03-14 12:00:00+00:00,8.3,60,0.0,,263,18.5,29.6,1002.3,49,2,1
2026-03-14 13:00:00+00:00,9.2,55,0.0,,261,18.5,31.5,1002.5,46,2,1
2026-03-14 14:00:00+00:00,9.4,55,0.0,,258,18.5,31.5,1002.6,43,2,1
2026-03-14 15:00:00+00:00,9.1,56,0.0,,256,16.7,29.6,1002.7,37,2,1
2026-03-14 16:00:00+00:00,8.5,60,0.0,,252,16.7,27.8,1003.1,36,3,1
2026-03-14 17:00:00+00:00,7.7,64,0.0,,246,14.8,24.1,1003.5,25,3,1
2026-03-14 18:00:00+00:00,6.8,68,0.0,,242,13.0,22.2,1003.9,17,3,1
2026-03-14 19:00:00+00:00,6.0,73,0.0,,238,11.1,22.2,1004.5,0,3,1
2026-03-14 20:00:00+00:00,5.3,78,0.0,,239,11.1,20.4,1005.0,0,3,1
2026-03-14 21:00:00+00:00,5.0,79,0.0,,236,11.1,20.4,1005.5,0,2,1
2026-03-14 22:00:00+00:00,4.6,82,0.0,,228,11.1,18.5,1005.7,0,3,1
2026-03-14 23:00:00+00:00,4.5,82,0.0,,227,9.3,18.5,1005.7,0,3,1
2026-03-15 00:00:00+00:00,4.5,83,0.0,,224,11.1,18.5,1005.6,0,4,2
2026-03-15 01:00:00+00:00,4.5,84,0.0,,227,11.1,18.5,1005.4,0,5,4
2026-03-15 02:00:00+00:00,4.7,84,0.0,,226,11.1,18.5,1005.2,0,6,4
2026-03-15 03:00:00+00:00,4.8,84,0.0,,223,11.1,22.2,1004.8,0,7,4
2026-03-15 04:00:00+00:00,4.9,84,0.0,,215,14.8,25.9,1005.6,0,7,4
2026-03-15 05:00:00+00:00,5.3,82,0.0,,209,16.7,27.8,1004.5,0,7,4
2026-03-15 06:00:00+00:00,5.9,81,0.0,,210,20.4,33.3,1003.6,0,6,4
2026-03-15 07:00:00+00:00,6.4,78,0.0,,208,22.2,37.0,1002.4,1,6,4
2026-03-15 08:00:00+00:00,7.1,77,0.0,,209,25.9,40.8,1001.5,2,6,4
2026-03-15 09:00:00+00:00,7.8,76,0.0,,210,27.8,44.5,1000.6,5,7,4
2026-03-15 10:00:00+00:00,8.6,74,0.1,,212,29.6,44.5,1000.1,7,8,7
2026-03-15 11:00:00+00:00,9.2,74,0.1,,213,31.5,46.3,999.5,5,8,7
2026-03-15 12:00:00+00:00,9.7,72,0.1,,215,31.5,46.3,998.9,4,8,7
2026-03-15 13:00:00+00:00,9.6,72,0.1,,219,31.5,46.3,998.8,8,8,7
2026-03-15 14:00:00+00:00,9.4,74,0.1,,227,27.8,44.5,998.6,7,8,7
2026-03-15 15:00:00+00:00,9.1,71,0.1,,237,27.8,44.5,998.7,4,8,7
2026-03-15 16:00:00+00:00,8.4,73,0.1,,240,24.1,40.8,999.0,6,7,7
2026-03-15 17:00:00+00:00,7.7,74,0.1,,241,22.2,38.9,999.3,3,6,7
2026-03-15 18:00:00+00:00,7.2,74,0.1,,241,22.2,37.0,999.9,3,5,7
2026-03-15 19:00:00+00:00,6.5,74,0.2,,241,20.4,35.2,1000.4,0,5,7
2026-03-15 20:00:00+00:00,5.9,74,0.2,,243,20.4,37.0,1001.0,0,5,7
2026-03-15 21:00:00+00:00,5.4,75,0.2,,241,20.4,35.2,1001.3,0,4,7
2026-03-15 22:00:00+00:00,5.4,74,0.0,,241,20.4,33.3,1001.8,0,4,2
2026-03-15 23:00:00+00:00,5.0,74,0.0,,241,20.4,35.2,1002.1,0,4,2
2026-03-16 00:00:00+00:00,4.6,74,0.0,,242,20.4,35.2,1002.3,0,3,2
2026-03-16 01:00:00+00:00,4.1,75,0.0,,242,20.4,35.2,1002.6,0,2,2
2026-03-16 02:00:00+00:00,4.4,72,0.0,,244,20.4,35.2,1003.0,0,2,1
2026-03-16 03:00:00+00:00,3.7,76,0.0,,244,20.4,35.2,1003.3,0,2,1
2026-03-16 04:00:00+00:00,3.7,75,0.0,,242,20.4,33.3,1003.6,0,2,1
2026-03-16 05:00:00+00:00,4.0,75,0.0,,239,20.4,33.3,1003.9,0,3,1
2026-03-16 06:00:00+00:00,4.4,74,0.0,,238,22.2,35.2,1004.3,0,3,2
2026-03-16 07:00:00+00:00,5.0,74,0.0,,234,22.2,35.2,1005.1,11,4,2
2026-03-16 08:00:00+00:00,5.9,72,0.0,,232,22.2,37.0,1005.6,20,5,2
2026-03-16 09:00:00+00:00,6.9,73,0.0,,232,24.1,38.9,1005.9,22,6,3
2026-03-16 10:00:00+00:00,8.1,69,0.0,,232,25.9,40.8,1006.3,20,7,4
2026-03-16 11:00:00+00:00,8.8,68,0.0,,230,27.8,42.6,1006.6,13,8,4
2026-03-16 12:00:00+00:00,9.3,68,0.0,,228,27.8,42.6,1006.7,10,8,4
2026-03-16 13:00:00+00:00,9.6,69,0.0,,225,27.8,44.5,1006.8,8,8,4
2026-03-16 14:00:00+00:00,9.7,71,0.2,,223,29.6,46.3,1006.7,3,8,7
2026-03-16 15:00:00+00:00,9.7,73,0.3,,219,29.6,46.3,1006.5,0,8,7
2026-03-16 16:00:00+00:00,9.5,77,0.2,,217,27.8,44.5,1006.3,0,8,7
2026-03-16 17:00:00+00:00,9.6,79,0.2,,214,25.9,44.5,1006.0,0,8,7
2026-03-16 18:00:00+00:00,9.6,82,0.2,,215,25.9,42.6,1005.6,0,8,7
2026-03-16 19:00:00+00:00,9.8,83,0.1,,214,25.9,42.6,1005.8,0,8,7
2026-03-16 20:00:00+00:00,10.1,82,0.1,,216,25.9,42.6,1006.0,0,8,7
2026-03-16 21:00:00+00:00,10.3,82,0.1,,216,27.8,44.5,1006.1,0,8,4
2026-03-16 22:00:00+00:00,10.4,78,0.0,,211,25.9,40.8,1006.1,0,8,4
2026-03-16 23:00:00+00:00,10.7,78,0.0,,213,25.9,40.8,1006.2,0,7,4
2026-03-17 00:00:00+00:00,10.9,78,0.0,,214,25.9,42.6,1006.2,0,7,4
2026-03-17 01:00:00+00:00,10.9,79,0.0,,215,25.9,42.6,1006.2,0,7,4
2026-03-17 02:00:00+00:00,11.2,79,0.0,,217,25.9,42.6,1006.0,0,8,4
2026-03-17 03:00:00+00:00,11.2,78,0.0,,217,27.8,44.5,1005.9,0,8,4
2026-03-17 04:00:00+00:00,11.3,76,0.0,,214,27.8,44.5,1005.8,0,8,4
2026-03-17 05:00:00+00:00,11.4,76,0.0,,213,29.6,46.3,1005.8,0,8,4
2026-03-17 06:00:00+00:00,11.7,74,0.0,,213,29.6,46.3,1005.6,0,8,4
2026-03-17 07:00:00+00:00,11.6,75,0.0,,212,29.6,44.5,1005.8,0,8,4
2026-03-17 08:00:00+00:00,11.8,74,0.0,,211,29.6,46.3,1006.2,1,8,4
2026-03-17 09:00:00+00:00,12.2,73,0.0,,210,31.5,48.2,1006.5,6,8,4
2026-03-17 10:00:00+00:00,12.8,70,0.0,,211,33.3,50.0,1006.8,11,8,4
2026-03-17 11:00:00+00:00,13.2,67,0.0,,213,35.2,51.8,1007.0,14,7,4
2026-03-17 12:00:00+00:00,13.7,64,0.0,,213,37.0,51.8,1007.2,17,7,4
2026-03-17 13:00:00+00:00,14.0,62,0.0,,212,35.2,53.7,1007.0,21,7,4
2026-03-17 14:00:00+00:00,14.4,60,0.0,,212,35.2,53.7,1006.9,23,6,3
2026-03-17 15:00:00+00:00,14.5,59,0.0,,212,35.2,53.7,1007.1,21,5,3
2026-03-17 16:00:00+00:00,14.4,60,0.0,,212,31.5,48.2,1007.3,22,4,2
2026-03-17 17:00:00+00:00,13.8,62,0.0,,210,27.8,44.5,1007.7,17,4,2
2026-03-17 18:00:00+00:00,13.3,63,0.0,,212,24.1,38.9,1008.2,12,4,2
2026-03-17 19:00:00+00:00,12.6,66,0.0,,213,22.2,35.2,1009.0,5,4,2
2026-03-17 20:00:00+00:00,11.8,69,0.0,,214,20.4,33.3,1009.7,0,4,2
2026-03-17 21:00:00+00:00,11.0,72,0.0,,218,18.5,31.5,1010.5,0,4,2
2026-03-17 22:00:00+00:00,11.1,69,0.0,,218,14.8,24.1,1010.2,0,3,1
2026-03-17 23:00:00+00:00,10.7,72,0.0,,219,13.0,24.1,1010.8,0,3,2
2026-03-18 00:00:00+00:00,10.2,75,0.0,,220,13.0,22.2,1011.5,0,4,2
2026-03-18 01:00:00+00:00,9.7,77,0.0,,222,13.0,22.2,1012.6,0,3,2
2026-03-18 02:00:00+00:00,9.4,78,0.0,,225,11.1,20.4,1013.3,0,4,2
2026-03-18 03:00:00+00:00,9.0,79,0.0,,224,11.1,18.5,1014.0,0,4,2
2026-03-18 04:00:00+00:00,8.6,81,0.0,,226,9.3,16.7,1014.9,0,3,1
2026-03-18 05:00:00+00:00,8.3,83,0.0,,230,9.3,16.7,1015.7,0,3,1
2026-03-18 06:00:00+00:00,8.2,84,0.0,,236,7.4,14.8,1016.6,0,3,1
2026-03-18 07:00:00+00:00,8.6,85,0.0,,225,7.4,14.8,1017.6,11,3,1
2026-03-18 08:00:00+00:00,9.2,85,0.0,,211,7.4,14.8,1018.8,21,4,1
2026-03-18 09:00:00+00:00,10.5,81,0.0,,208,7.4,14.8,1019.6,26,4,1
2026-03-18 10:00:00+00:00,11.6,79,0.0,,199,9.3,16.7,1020.1,36,3,2
2026-03-18 11:00:00+00:00,12.9,74,0.0,,181,9.3,16.7,1020.4,42,3,2
2026-03-18 12:00:00+00:00,14.2,70,0.0,,162,9.3,16.7,1020.6,43,3,2
2026-03-18 13:00:00+00:00,14.6,69,0.0,,141,9.3,16.7,1020.8,42,3,2
2026-03-18 14:00:00+00:00,15.0,68,0.0,,109,9.3,16.7,1021.0,40,3,2
2026-03-18 15:00:00+00:00,15.0,68,0.0,,89,11.1,18.5,1021.5,36,3,2
2026-03-18 16:00:00+00:00,14.4,70,0.0,,83,9.3,18.5,1022.0,32,3,2
2026-03-18 17:00:00+00:00,13.3,74,0.0,,72,9.3,18.5,1023.0,21,3,2
2026-03-18 18:00:00+00:00,11.4,78,0.0,,51,7.4,16.7,1023.7,14,3,2
2026-03-18 19:00:00+00:00,11.1,78,0.0,,37,7.4,14.8,1024.6,4,3,2
2026-03-18 20:00:00+00:00,9.9,81,0.0,,20,7.4,14.8,1025.2,0,3,2
2026-03-18 21:00:00+00:00,9.4,81,0.0,,3,7.4,14.8,1025.7,0,3,2
2026-03-18 22:00:00+00:00,8.7,84,0.0,,355,7.4,14.8,1026.3,0,4,2
2026-03-18 23:00:00+00:00,8.1,85,0.0,,342,7.4,14.8,1027.0,0,4,2
2026-03-19 00:00:00+00:00,7.8,87,0.0,,335,7.4,14.8,1027.5,0,5,2
2026-03-19 01:00:00+00:00,7.2,91,0.0,,333,7.4,13.0,1027.9,0,5,4
2026-03-19 02:00:00+00:00,6.9,93,0.0,,327,5.5,13.0,1027.9,0,6,4
2026-03-19 03:00:00+00:00,6.3,97,0.0,,324,5.5,13.0,1028.0,0,6,4
2026-03-19 04:00:00+00:00,6.3,97,0.0,,329,5.5,13.0,1028.0,0,7,4
2026-03-19 05:00:00+00:00,6.0,100,0.0,,328,5.5,13.0,1028.1,0,8,4
2026-03-19 06:00:00+00:00,6.1,100,0.0,,339,7.4,13.0,1028.2,0,8,4
2026-03-19 07:00:00+00:00,6.7,99,0.0,,354,5.5,13.0,1028.6,0,8,4
2026-03-19 08:00:00+00:00,7.5,95,0.0,,17,7.4,14.8,1029.0,1,8,4
2026-03-19 09:00:00+00:00,8.5,91,0.0,,26,7.4,16.7,1029.5,3,8,4
2026-03-19 10:00:00+00:00,9.4,90,0.0,,35,9.3,18.5,1029.5,7,8,4
2026-03-19 11:00:00+00:00,10.1,87,0.0,,37,11.1,20.4,1029.4,11,8,4
2026-03-19 12:00:00+00:00,10.9,82,0.0,,46,13.0,22.2,1029.3,11,8,4
2026-03-19 13:00:00+00:00,11.0,81,0.0,,50,13.0,22.2,1029.1,12,8,4
2026-03-19 14:00:00+00:00,11.3,78,0.0,,54,13.0,22.2,1028.7,12,8,4
2026-03-19 15:00:00+00:00,11.3,76,0.0,,60,13.0,22.2,1028.5,11,8,4
2026-03-19 16:00:00+00:00,11.2,74,0.0,,71,11.1,20.4,1028.5,18,5,4
2026-03-19 17:00:00+00:00,10.4,77,0.0,,68,11.1,20.4,1028.4,12,6,4
2026-03-19 18:00:00+00:00,9.1,84,0.0,,62,9.3,18.5,1028.1,6,6,4
2026-03-19 19:00:00+00:00,8.6,84,0.0,,56,7.4,14.8,1028.1,0,6,4
2026-03-19 20:00:00+00:00,7.6,88,0.0,,41,7.4,13.0,1028.0,0,6,4
2026-03-19 21:00:00+00:00,7.1,90,0.0,,21,7.4,13.0,1027.8,0,6,4
2026-03-19 22:00:00+00:00,6.7,91,0.0,,6,7.4,13.0,1027.7,0,7,4
2026-03-19 23:00:00+00:00,6.0,95,0.0,,343,5.5,11.1,1027.3,0,7,4
2026-03-20 00:00:00+00:00,5.9,95,0.0,,321,5.5,11.1,1027.0,0,7,4
2026-03-20 01:00:00+00:00,5.5,95,0.0,,299,5.5,11.1,1026.3,0,7,4
2026-03-20 02:00:00+00:00,5.3,97,0.0,,280,5.5,11.1,1025.7,0,8,4
2026-03-20 03:00:00+00:00,5.0,100,0.0,,257,5.5,13.0,1025.2,0,8,4
2026-03-20 04:00:00+00:00,4.9,99,0.0,,253,5.5,13.0,1024.7,0,8,4
2026-03-20 05:00:00+00:00,4.9,100,0.0,,248,7.4,13.0,1024.5,0,8,4
2026-03-20 06:00:00+00:00,5.4,99,0.0,,242,7.4,14.8,1024.3,0,8,4
2026-03-20 07:00:00+00:00,6.1,96,0.0,,226,7.4,14.8,1024.2,5,8,4
2026-03-20 08:00:00+00:00,7.2,93,0.0,,212,9.3,16.7,1024.0,15,7,4
2026-03-20 09:00:00+00:00,8.5,87,0.0,,207,9.3,18.5,1023.8,20,7,4
2026-03-20 10:00:00+00:00,9.7,84,0.0,,203,11.1,18.5,1023.5,29,6,4
2026-03-20 11:00:00+00:00,11.4,78,0.0,,198,11.1,20.4,1023.1,38,4,3
2026-03-20 12:00:00+00:00,12.3,75,0.0,,194,13.0,20.4,1022.5,42,3,2
2026-03-20 13:00:00+00:00,13.0,73,0.0,,189,13.0,22.2,1022.1,43,3,2
2026-03-20 14:00:00+00:00,13.5,69,0.0,,183,13.0,22.2,1021.5,39,3,2
2026-03-20 15:00:00+00:00,13.8,68,0.0,,184,13.0,22.2,1020.9,35,3,2
2026-03-20 16:00:00+00:00,13.1,72,0.0,,180,13.0,24.1,1020.0,36,2,1
2026-03-20 17:00:00+00:00,12.8,72,0.0,,179,13.0,22.2,1019.8,27,3,1
2026-03-20 18:00:00+00:00,11.4,77,0.0,,191,11.1,18.5,1019.6,19,3,1
2026-03-20 19:00:00+00:00,11.1,77,0.0,,207,9.3,18.5,1019.7,8,3,1
2026-03-20 20:00:00+00:00,10.0,80,0.0,,231,9.3,16.7,1019.9,0,3,1
2026-03-20 21:00:00+00:00,9.1,81,0.0,,242,9.3,16.7,1020.0,0,3,2
2026-03-20 22:00:00+00:00,8.2,82,0.0,,241,9.3,14.8,1020.0,0,3,2
2026-03-20 23:00:00+00:00,7.4,82,0.0,,243,9.3,14.8,1019.9,0,2,1
2026-03-21 00:00:00+00:00,6.6,84,0.0,,245,7.4,16.7,1020.0,0,2,1
2026-03-21 01:00:00+00:00,6.0,85,0.0,,248,9.3,16.7,1019.8,0,2,1
2026-03-21 02:00:00+00:00,5.4,86,0.0,,248,9.3,16.7,1019.7,0,2,1
2026-03-21 03:00:00+00:00,4.5,89,0.0,,249,9.3,16.7,1019.7,0,3,1
2026-03-21 04:00:00+00:00,4.3,89,0.0,,249,9.3,16.7,1019.7,0,3,1
2026-03-21 05:00:00+00:00,3.8,91,0.0,,247,9.3,16.7,1019.9,0,3,1
2026-03-21 06:00:00+00:00,4.0,91,0.0,,245,9.3,16.7,1020.0,0,2,1
2026-03-21 07:00:00+00:00,4.6,89,0.0,,240,9.3,16.7,1020.0,24,2,1
2026-03-21 08:00:00+00:00,6.0,87,0.0,,234,7.4,16.7,1020.0,38,2,1
2026-03-21 09:00:00+00:00,7.9,81,0.0,,227,9.3,16.7,1020.1,49,1,1
2026-03-21 10:00:00+00:00,9.9,71,0.0,,222,7.4,16.7,1019.7,60,1,1
2026-03-21 11:00:00+00:00,11.6,65,0.0,,212,7.4,16.7,1019.3,60,1,1
2026-03-21 12:00:00+00:00,13.3,58,0.0,,206,9.3,16.7,1018.9,60,0,1
2026-03-21 13:00:00+00:00,14.2,54,0.0,,193,9.3,18.5,1018.5,60,0,1
2026-03-21 14:00:00+00:00,14.5,53,0.0,,181,11.1,18.5,1017.9,60,0,1
2026-03-21 15:00:00+00:00,14.6,54,0.0,,167,11.1,20.4,1017.4,57,0,1
2026-03-21 16:00:00+00:00,14.3,56,0.0,,163,11.1,20.4,1017.0,52,0,1
2026-03-21 17:00:00+00:00,13.8,57,0.0,,158,11.1,20.4,1016.9,41,1,1
2026-03-21 18:00:00+00:00,11.4,67,0.0,,173,9.3,18.5,1016.9,30,1,1
2026-03-21 19:00:00+00:00,10.8,69,0.0,,208,9.3,16.7,1016.9,15,1,1
2026-03-21 20:00:00+00:00,9.7,72,0.0,,237,7.4,14.8,1017.0,0,2,1
2026-03-21 21:00:00+00:00,8.5,76,0.0,,248,7.4,14.8,1016.9,0,2,1
2026-03-21 22:00:00+00:00,7.9,77,0.0,,244,7.4,14.8,1016.9,0,2,1
2026-03-21 23:00:00+00:00,7.2,78,0.0,,245,7.4,14.8,1016.5,0,2,1
2026-03-22 00:00:00+00:00,6.5,81,0.0,,242,7.4,16.7,1016.2,0,2,1
2026-03-22 01:00:00+00:00,5.9,82,0.0,,244,9.3,16.7,1015.9,0,2,1
2026-03-22 02:00:00+00:00,5.3,84,0.0,,241,9.3,16.7,1015.6,0,3,1
2026-03-22 03:00:00+00:00,4.9,85,0.0,,239,9.3,18.5,1015.4,0,3,1
2026-03-22 04:00:00+00:00,4.6,86,0.0,,238,9.3,18.5,1015.0,0,3,1
2026-03-22 05:00:00+00:00,4.5,86,0.0,,235,9.3,18.5,1014.8,0,3,2
2026-03-22 06:00:00+00:00,4.8,86,0.0,,229,11.1,18.5,1014.5,0,5,2
2026-03-22 07:00:00+00:00,5.0,87,0.0,,226,11.1,18.5,1014.6,14,4,2
2026-03-22 08:00:00+00:00,5.8,88,0.0,,224,11.1,18.5,1014.6,21,4,2
2026-03-22 09:00:00+00:00,7.1,85,0.0,,221,13.0,20.4,1014.6,25,3,1
2026-03-22 10:00:00+00:00,8.7,76,0.0,,219,11.1,18.5,1014.4,24,3,2
2026-03-22 11:00:00+00:00,9.5,76,0.0,,222,11.1,20.4,1014.3,24,3,2
2026-03-22 12:00:00+00:00,10.7,71,0.0,,230,13.0,22.2,1014.3,21,4,2
2026-03-22 13:00:00+00:00,11.1,71,0.0,,239,13.0,22.2,1014.4,18,6,4
2026-03-22 14:00:00+00:00,11.5,70,0.0,,253,13.0,22.2,1014.5,16,7,4
2026-03-22 15:00:00+00:00,11.5,70,0.0,,263,13.0,24.1,1014.8,12,8,4
2026-03-22 16:00:00+00:00,11.3,70,0.0,,275,13.0,24.1,1015.2,11,7,4
2026-03-22 17:00:00+00:00,10.8,71,0.0,,276,13.0,22.2,1015.6,8,6,4
2026-03-22 18:00:00+00:00,9.6,72,0.0,,288,11.1,22.2,1016.3,5,5,4
2026-03-22 19:00:00+00:00,8.9,71,0.0,,291,11.1,20.4,1017.2,0,5,3
2026-03-22 20:00:00+00:00,7.8,71,0.0,,289,11.1,20.4,1018.1,0,4,2
2026-03-22 21:00:00+00:00,6.8,72,0.0,,292,11.1,20.4,1019.0,0,4,2
2026-03-22 22:00:00+00:00,6.1,73,0.0,,295,11.1,20.4,1019.4,0,4,2
2026-03-22 23:00:00+00:00,5.3,73,0.0,,290,11.1,20.4,1019.8,0,3,1
2026-03-23 00:00:00+00:00,4.6,76,0.0,,283,11.1,18.5,1019.9,0,2,1
2026-03-23 01:00:00+00:00,3.8,77,0.0,,283,9.3,18.5,1020.2,0,2,1
2026-03-23 02:00:00+00:00,3.1,79,0.0,,280,9.3,18.5,1020.5,0,3,1
2026-03-23 03:00:00+00:00,2.5,81,0.0,,277,9.3,16.7,1020.7,0,4,2
2026-03-23 04:00:00+00:00,2.2,82,0.0,,273,9.3,16.7,1020.8,0,4,2
2026-03-23 05:00:00+00:00,2.0,84,0.0,,270,9.3,16.7,1021.1,0,4,2
2026-03-23 06:00:00+00:00,2.3,83,0.0,,267,9.3,16.7,1021.2,4,6,2
2026-03-23 07:00:00+00:00,3.1,79,0.0,,255,7.4,14.8,1021.2,14,7,3
2026-03-23 08:00:00+00:00,4.2,76,0.0,,245,7.4,14.8,1021.1,23,5,3
2026-03-23 09:00:00+00:00,5.9,72,0.0,,225,9.3,16.7,1021.1,28,4,1
2026-03-23 10:00:00+00:00,7.7,67,0.0,,215,9.3,18.5,1019.8,36,2,2
2026-03-23 11:00:00+00:00,8.6,63,0.0,,205,11.1,20.4,1019.2,36,3,2
2026-03-23 12:00:00+00:00,9.4,61,0.0,,204,14.8,24.1,1018.4,34,4,2
2026-03-23 13:00:00+00:00,9.6,62,0.0,,203,16.7,25.9,1017.5,28,4,2
2026-03-23 14:00:00+00:00,9.9,61,0.0,,207,18.5,29.6,1016.7,22,6,3
2026-03-23 15:00:00+00:00,10.1,61,0.0,,207,20.4,33.3,1016.0,14,7,4
2026-03-23 16:00:00+00:00,10.0,63,0.0,,208,22.2,35.2,1015.2,6,8,4
2026-03-23 17:00:00+00:00,10.0,62,0.0,,208,22.2,37.0,1014.5,0,8,4
2026-03-23 18:00:00+00:00,9.7,64,0.0,,212,20.4,37.0,1013.9,0,8,4
2026-03-23 19:00:00+00:00,9.4,68,0.0,,213,22.2,37.0,1013.3,0,8,4
2026-03-23 20:00:00+00:00,9.4,70,0.0,,217,22.2,37.0,1012.5,0,8,4
2026-03-23 21:00:00+00:00,9.8,71,0.0,,218,24.1,40.8,1011.6,0,8,4
2026-03-23 22:00:00+00:00,9.9,73,0.0,,218,25.9,42.6,1010.8,0,8,4
2026-03-23 23:00:00+00:00,10.2,73,0.0,,217,27.8,44.5,1010.1,0,8,4
2026-03-24 00:00:00+00:00,10.2,75,0.0,,218,27.8,46.3,1009.0,0,8,4
2026-03-24 01:00:00+00:00,10.2,78,0.0,,219,27.8,46.3,1008.2,0,8,4
2026-03-24 02:00:00+00:00,10.3,79,0.0,,219,27.8,44.5,1007.4,0,8,4
2026-03-24 03:00:00+00:00,10.4,81,0.3,,221,27.8,44.5,1006.8,0,8,7
2026-03-24 04:00:00+00:00,10.8,79,0.0,,223,31.5,46.3,1005.4,0,8,4
2026-03-24 05:00:00+00:00,11.2,77,0.0,,225,31.5,48.2,1005.1,0,8,4
2026-03-24 06:00:00+00:00,11.7,76,0.0,,227,31.5,48.2,1004.8,0,8,4
2026-03-24 07:00:00+00:00,12.0,75,0.0,,227,29.6,46.3,1004.4,1,8,4
2026-03-24 08:00:00+00:00,12.1,76,0.0,,227,29.6,46.3,1004.2,4,8,4
2026-03-24 09:00:00+00:00,12.5,75,0.0,,227,29.6,46.3,1003.9,6,8,4
2026-03-24 10:00:00+00:00,13.1,72,0.0,,227,31.5,46.3,1003.5,7,8,4
2026-03-24 11:00:00+00:00,13.3,72,0.2,,228,31.5,46.3,1003.0,6,8,7
2026-03-24 12:00:00+00:00,13.4,73,0.2,,227,31.5,46.3,1002.4,6,8,7
2026-03-24 13:00:00+00:00,13.2,74,0.8,,224,31.5,46.3,1001.1,4,8,7
2026-03-24 14:00:00+00:00,12.9,76,0.9,,225,29.6,46.3,999.8,0,8,8
2026-03-24 15:00:00+00:00,12.3,79,1.0,,222,27.8,46.3,998.3,0,8,8
2026-03-24 16:00:00+00:00,11.6,84,0.9,,222,25.9,42.6,996.7,0,8,8
2026-03-24 17:00:00+00:00,10.8,85,0.9,,220,24.1,38.9,995.0,0,8,8
2026-03-24 18:00:00+00:00,10.0,86,0.9,,223,20.4,35.2,993.9,0,8,8
2026-03-24 19:00:00+00:00,9.1,87,0.8,,234,20.4,31.5,993.1,0,8,8
2026-03-24 20:00:00+00:00,8.4,85,0.8,,248,18.5,31.5,992.6,0,8,7
2026-03-24 21:00:00+00:00,7.5,86,0.8,,257,18.5,31.5,992.2,0,8,7
2026-03-24 22:00:00+00:00,7.2,84,0.8,,266,18.5,31.5,992.7,0,8,7
2026-03-24 23:00:00+00:00,6.7,83,0.7,,272,16.7,29.6,993.3,0,7,7
2026-03-25 00:00:00+00:00,6.2,82,0.6,,273,16.7,31.5,993.9,0,7,7
2026-03-25 01:00:00+00:00,5.7,81,0.0,,274,16.7,29.6,994.8,0,6,7
2026-03-25 02:00:00+00:00,5.2,82,0.0,,272,18.5,31.5,995.8,0,5,7
2026-03-25 03:00:00+00:00,4.6,82,0.0,,270,18.5,31.5,996.6,0,5,7
2026-03-25 04:00:00+00:00,5.0,75,0.0,,273,20.4,35.2,997.2,0,4,2
2026-03-25 05:00:00+00:00,4.8,76,0.0,,270,20.4,35.2,997.9,0,3,2
2026-03-25 06:00:00+00:00,5.1,73,0.0,,271,22.2,37.0,998.8,8,3,2
2026-03-25 07:00:00+00:00,5.3,71,0.0,,271,24.1,38.9,999.5,20,3,2
2026-03-25 08:00:00+00:00,5.4,69,0.0,,272,25.9,40.8,1000.2,34,3,2
2026-03-25 09:00:00+00:00,5.8,68,0.0,,275,27.8,44.5,1001.1,42,3,2
2026-03-25 10:00:00+00:00,6.8,62,0.0,,280,27.8,46.3,1001.7,45,2,2
2026-03-25 11:00:00+00:00,7.5,59,0.0,,284,29.6,48.2,1002.3,45,3,2
2026-03-25 12:00:00+00:00,8.1,54,0.0,,289,27.8,48.2,1003.0,42,4,2
2026-03-25 13:00:00+00:00,8.4,52,0.0,,293,27.8,48.2,1004.1,41,4,2
2026-03-25 14:00:00+00:00,8.4,52,0.0,,298,25.9,46.3,1005.0,36,4,2
2026-03-25 15:00:00+00:00,8.1,53,0.3,,302,24.1,42.6,1006.0,27,4,7
2026-03-25 16:00:00+00:00,7.5,56,0.1,,303,22.2,40.8,1007.2,25,5,7
2026-03-25 17:00:00+00:00,7.0,59,0.1,,302,20.4,35.2,1008.4,19,4,7
2026-03-25 18:00:00+00:00,6.3,62,0.1,,302,18.5,31.5,1009.6,15,4,7
2026-03-25 19:00:00+00:00,5.5,66,0.1,,299,16.7,29.6,1010.7,8,4,7
2026-03-25 20:00:00+00:00,4.7,68,0.1,,297,16.7,27.8,1011.7,0,3,7
2026-03-25 21:00:00+00:00,3.8,73,0.0,,296,14.8,27.8,1012.8,0,2,2
2026-03-25 22:00:00+00:00,3.3,74,0.0,,303,14.8,25.9,1013.8,0,2,1
2026-03-25 23:00:00+00:00,2.8,74,0.0,,301,14.8,24.1,1015.2,0,1,1
2026-03-26 00:00:00+00:00,2.3,75,0.0,,299,14.8,24.1,1016.0,0,2,1
2026-03-26 01:00:00+00:00,1.8,76,0.0,,297,13.0,24.1,1016.8,0,1,1
2026-03-26 02:00:00+00:00,1.4,78,0.0,,294,13.0,24.1,1017.2,0,0,1
2026-03-26 03:00:00+00:00,1.0,78,0.0,,292,13.0,24.1,1017.6,0,0,1
2026-03-26 04:00:00+00:00,0.8,75,0.0,,290,14.8,24.1,1018.2,0,0,1
2026-03-26 05:00:00+00:00,0.7,76,0.0,,284,14.8,24.1,1018.7,0,0,1
2026-03-26 06:00:00+00:00,1.1,75,0.0,,282,14.8,25.9,1019.1,12,0,1
2026-03-26 07:00:00+00:00,1.8,73,0.0,,281,14.8,25.9,1019.5,31,1,1
2026-03-26 08:00:00+00:00,3.0,69,0.0,,281,16.7,27.8,1019.8,47,1,1
2026-03-26 09:00:00+00:00,4.4,66,0.0,,281,16.7,29.6,1020.0,55,1,1
2026-03-26 10:00:00+00:00,5.7,60,0.0,,283,18.5,29.6,1020.0,54,2,1
2026-03-26 11:00:00+00:00,6.6,56,0.0,,287,18.5,29.6,1020.0,51,3,1
2026-03-26 12:00:00+00:00,7.4,52,0.0,,285,18.5,29.6,1019.8,46,4,2
2026-03-26 13:00:00+00:00,7.9,50,0.0,,283,16.7,29.6,1019.7,38,4,2
2026-03-26 14:00:00+00:00,7.9,52,0.0,,282,16.7,29.6,1019.4,28,5,3
2026-03-26 15:00:00+00:00,8.0,55,0.0,,276,16.7,27.8,1019.3,18,6,4
2026-03-26 16:00:00+00:00,7.4,58,0.0,,269,14.8,25.9,1019.0,13,6,4
2026-03-26 17:00:00+00:00,6.8,62,0.0,,259,13.0,24.1,1018.7,4,7,4
2026-03-26 18:00:00+00:00,6.5,66,0.0,,250,11.1,22.2,1018.5,1,7,4
2026-03-26 19:00:00+00:00,6.4,71,0.0,,239,11.1,20.4,1018.3,0,7,4
2026-03-26 20:00:00+00:00,6.1,74,0.0,,232,11.1,20.4,1018.0,0,8,4
2026-03-26 21:00:00+00:00,6.3,76,0.0,,223,13.0,22.2,1017.4,0,8,4
2026-03-26 22:00:00+00:00,7.2,72,0.0,,213,13.0,22.2,1016.9,0,8,7
2026-03-26 23:00:00+00:00,7.4,74,0.0,,212,13.0,22.2,1016.2,0,8,7
2026-03-27 00:00:00+00:00,7.6,77,0.0,,212,13.0,22.2,1015.3,0,8,7
2026-03-27 01:00:00+00:00,7.7,79,0.1,,214,13.0,24.1,1014.6,0,8,7
2026-03-27 02:00:00+00:00,8.0,80,0.1,,215,14.8,24.1,1013.8,0,8,7
2026-03-27 03:00:00+00:00,8.2,81,0.1,,215,14.8,24.1,1013.1,0,8,7
2026-03-27 04:00:00+00:00,8.3,83,0.1,,218,14.8,24.1,1012.5,0,8,7
2026-03-27 05:00:00+00:00,8.5,84,0.1,,217,14.8,24.1,1012.0,0,8,7
2026-03-27 06:00:00+00:00,8.6,85,0.1,,223,14.8,24.1,1011.8,0,8,7
2026-03-27 07:00:00+00:00,8.4,86,0.3,,222,13.0,22.2,1012.0,1,8,7
2026-03-27 08:00:00+00:00,8.6,86,0.3,,229,13.0,22.2,1012.0,3,8,7
2026-03-27 09:00:00+00:00,8.9,84,0.3,,239,14.8,24.1,1012.3,6,8,7
2026-03-27 10:00:00+00:00,9.8,77,0.0,,249,14.8,25.9,1012.3,12,7,4
2026-03-27 11:00:00+00:00,10.5,70,0.0,,252,16.7,27.8,1012.5,21,7,4
2026-03-27 12:00:00+00:00,11.0,65,0.0,,258,18.5,31.5,1012.5,26,6,4
2026-03-27 13:00:00+00:00,11.5,60,0.0,,262,20.4,33.3,1012.4,34,5,4
2026-03-27 14:00:00+00:00,11.7,58,0.0,,266,22.2,35.2,1012.3,37,5,3
2026-03-27 15:00:00+00:00,11.5,56,0.0,,267,22.2,38.9,1012.5,35,4,3
2026-03-27 16:00:00+00:00,10.5,58,0.0,,267,20.4,37.0,1012.6,36,4,2
2026-03-27 17:00:00+00:00,9.5,61,0.0,,264,20.4,35.2,1013.0,32,4,2
2026-03-27 18:00:00+00:00,8.6,63,0.0,,262,18.5,33.3,1013.5,26,3,2
2026-03-27 19:00:00+00:00,7.6,64,0.0,,261,16.7,29.6,1013.9,17,3,2
2026-03-27 20:00:00+00:00,6.6,67,0.0,,256,16.7,27.8,1014.3,0,2,2
2026-03-27 21:00:00+00:00,5.8,69,0.0,,252,14.8,25.9,1014.6,0,2,1
2026-03-27 22:00:00+00:00,5.4,68,0.0,,248,14.8,25.9,1015.3,0,1,1
2026-03-27 23:00:00+00:00,4.9,69,0.0,,247,14.8,27.8,1015.3,0,2,1
2026-03-28 00:00:00+00:00,4.5,70,0.0,,245,16.7,29.6,1015.3,0,1,1
2026-03-28 01:00:00+00:00,3.9,71,0.0,,245,16.7,29.6,1015.3,0,1,1
2026-03-28 02:00:00+00:00,4.2,69,0.0,,244,18.5,31.5,1015.1,0,1,1
2026-03-28 03:00:00+00:00,3.5,73,0.0,,245,18.5,33.3,1014.9,0,1,1
2026-03-28 04:00:00+00:00,3.1,72,0.0,,246,18.5,33.3,1014.7,0,2,1
2026-03-28 05:00:00+00:00,3.3,72,0.0,,247,18.5,33.3,1014.7,0,2,1
2026-03-28 06:00:00+00:00,3.7,72,0.0,,249,20.4,35.2,1014.6,7,3,2
2026-03-28 07:00:00+00:00,4.1,72,0.0,,252,22.2,37.0,1015.4,16,4,2
2026-03-28 08:00:00+00:00,4.9,70,0.0,,258,24.1,38.9,1015.9,25,5,2
2026-03-28 09:00:00+00:00,5.8,70,0.0,,263,25.9,42.6,1016.6,30,4,2
2026-03-28 10:00:00+00:00,7.2,63,0.0,,268,27.8,44.5,1017.4,33,3,2
2026-03-28 11:00:00+00:00,8.0,60,0.0,,271,27.8,46.3,1018.0,38,3,2
2026-03-28 12:00:00+00:00,8.9,54,0.0,,274,29.6,48.2,1018.9,38,3,2
2026-03-28 13:00:00+00:00,9.3,52,0.0,,278,29.6,50.0,1019.6,45,3,2
2026-03-28 14:00:00+00:00,9.3,51,0.0,,279,29.6,50.0,1020.2,45,3,2
2026-03-28 15:00:00+00:00,9.0,52,0.0,,283,27.8,48.2,1020.7,43,2,2
2026-03-28 16:00:00+00:00,8.4,53,0.0,,282,27.8,46.3,1021.6,44,2,1
2026-03-28 17:00:00+00:00,7.7,56,0.0,,279,24.1,42.6,1022.5,40,2,1
2026-03-28 18:00:00+00:00,6.9,58,0.0,,278,22.2,38.9,1023.3,32,2,1
2026-03-28 19:00:00+00:00,6.3,60,0.0,,276,20.4,35.2,1024.2,22,1,1
2026-03-28 20:00:00+00:00,5.3,65,0.0,,276,18.5,33.3,1025.0,0,0,1
2026-03-28 21:00:00+00:00,4.7,70,0.0,,272,18.5,31.5,1025.6,0,0,1
2026-03-28 22:00:00+00:00,4.7,67,0.0,,263,16.7,29.6,1026.3,0,1,1
2026-03-28 23:00:00+00:00,4.4,70,0.0,,264,16.7,27.8,1026.4,0,1,1
2026-03-29 00:00:00+00:00,4.1,73,0.0,,259,14.8,25.9,1026.4,0,1,1
2026-03-29 02:00:00+01:00,3.9,76,0.0,,256,14.8,24.1,1026.1,0,2,1
2026-03-29 03:00:00+01:00,4.3,75,0.0,,253,13.0,22.2,1025.7,0,3,1
2026-03-29 04:00:00+01:00,4.1,79,0.0,,246,13.0,22.2,1025.1,0,3,2
2026-03-29 05:00:00+01:00,4.4,77,0.0,,237,13.0,24.1,1024.0,0,5,2
2026-03-29 06:00:00+01:00,4.8,77,0.0,,228,14.8,24.1,1023.1,0,7,3
2026-03-29 07:00:00+01:00,5.4,76,0.0,,227,18.5,29.6,1022.2,0,7,4
2026-03-29 08:00:00+01:00,5.8,77,0.0,,220,20.4,33.3,1020.9,3,8,4
2026-03-29 09:00:00+01:00,6.8,75,0.0,,217,24.1,38.9,1019.5,2,8,4
2026-03-29 10:00:00+01:00,7.6,75,0.3,,218,29.6,44.5,1018.1,2,8,7
2026-03-29 11:00:00+01:00,8.4,72,0.2,,221,33.3,51.8,1016.3,3,8,7
2026-03-29 12:00:00+01:00,8.6,74,0.2,,221,37.0,55.5,1014.7,2,8,7
2026-03-29 13:00:00+01:00,9.0,74,0.2,,222,38.9,59.3,1013.1,4,8,7
2026-03-29 14:00:00+01:00,9.3,74,0.2,,227,38.9,57.4,1012.1,7,8,7
2026-03-29 15:00:00+01:00,9.7,73,0.2,,234,37.0,57.4,1011.3,8,7,7
2026-03-29 16:00:00+01:00,9.8,71,0.2,,244,35.2,55.5,1010.8,7,7,7
2026-03-29 17:00:00+01:00,9.1,71,0.2,,250,33.3,55.5,1011.1,13,6,7
2026-03-29 18:00:00+01:00,8.4,71,0.2,,253,31.5,51.8,1011.6,14,5,7
2026-03-29 19:00:00+01:00,8.0,69,0.2,,256,29.6,50.0,1012.0,16,5,7
2026-03-29 20:00:00+01:00,7.5,69,0.1,,257,27.8,46.3,1012.8,11,4,7
2026-03-29 21:00:00+01:00,6.9,70,0.1,,258,25.9,42.6,1013.6,0,4,7
2026-03-29 22:00:00+01:00,6.4,71,0.1,,257,24.1,40.8,1013.9,0,3,7
2026-03-29 23:00:00+01:00,6.2,71,0.0,,259,22.2,37.0,1013.5,0,1,1
2026-03-30 00:00:00+01:00,5.8,71,0.0,,264,22.2,37.0,1013.6,0,1,1
2026-03-30 01:00:00+01:00,5.5,72,0.0,,261,22.2,37.0,1013.8,0,1,1
2026-03-30 02:00:00+01:00,5.1,74,0.0,,263,22.2,37.0,1013.9,0,2,1
2026-03-30 03:00:00+01:00,5.3,73,0.0,,264,22.2,37.0,1014.2,0,2,1
2026-03-30 04:00:00+01:00,4.6,77,0.0,,267,22.2,35.2,1014.4,0,2,1
2026-03-30 05:00:00+01:00,4.7,76,0.0,,268,22.2,37.0,1014.9,0,3,1
2026-03-30 06:00:00+01:00,4.7,78,0.0,,266,22.2,35.2,1015.2,0,3,1
2026-03-30 07:00:00+01:00,5.1,76,0.0,,268,22.2,35.2,1015.7,8,3,1
2026-03-30 08:00:00+01:00,5.6,74,0.0,,268,22.2,37.0,1016.5,18,4,2
2026-03-30 09:00:00+01:00,6.7,70,0.0,,271,24.1,38.9,1017.2,28,4,2
2026-03-30 10:00:00+01:00,7.8,69,0.0,,275,25.9,42.6,1017.7,33,4,2
2026-03-30 11:00:00+01:00,8.8,64,0.0,,277,27.8,44.5,1018.5,35,5,2
2026-03-30 12:00:00+01:00,9.5,62,0.0,,279,29.6,48.2,1019.1,35,5,3
2026-03-30 13:00:00+01:00,10.0,58,0.0,,280,29.6,48.2,1019.7,33,6,3
2026-03-30 14:00:00+01:00,10.7,55,0.0,,282,27.8,46.3,1020.2,33,6,3
2026-03-30 15:00:00+01:00,11.1,54,0.0,,282,27.8,46.3,1020.5,33,6,4
2026-03-30 16:00:00+01:00,11.3,52,0.0,,283,25.9,44.5,1020.9,26,6,4
2026-03-30 17:00:00+01:00,10.8,52,0.0,,285,25.9,44.5,1021.9,27,6,4
2026-03-30 18:00:00+01:00,10.1,54,0.0,,281,22.2,38.9,1022.5,23,6,4
2026-03-30 19:00:00+01:00,9.0,59,0.0,,277,20.4,33.3,1023.1,19,5,4
2026-03-30 20:00:00+01:00,8.6,61,0.0,,274,18.5,29.6,1023.9,12,5,3
2026-03-30 21:00:00+01:00,7.9,64,0.0,,270,16.7,27.8,1024.5,0,5,2
2026-03-30 22:00:00+01:00,7.6,67,0.0,,265,16.7,29.6,1025.0,0,5,3
2026-03-30 23:00:00+01:00,7.2,70,0.0,,266,14.8,25.9,1025.5,0,5,3
2026-03-31 00:00:00+01:00,7.3,73,0.0,,267,14.8,24.1,1026.0,0,5,4
2026-03-31 01:00:00+01:00,7.3,75,0.0,,263,13.0,24.1,1026.3,0,7,4
2026-03-31 02:00:00+01:00,7.2,78,0.0,,261,13.0,22.2,1026.0,0,8,4
2026-03-31 03:00:00+01:00,7.3,80,0.0,,259,11.1,22.2,1025.8,0,8,4
2026-03-31 04:00:00+01:00,7.5,83,0.0,,256,11.1,22.2,1025.7,0,7,4
2026-03-31 05:00:00+01:00,7.5,85,0.0,,256,11.1,22.2,1025.5,0,7,4
2026-03-31 06:00:00+01:00,7.7,86,0.0,,254,11.1,22.2,1025.5,0,7,4
2026-03-31 07:00:00+01:00,8.2,87,0.0,,254,13.0,22.2,1025.6,5,6,4
2026-03-31 08:00:00+01:00,8.8,87,0.0,,257,14.8,25.9,1025.7,12,6,4
2026-03-31 09:00:00+01:00,9.7,84,0.0,,260,16.7,29.6,1025.9,19,5,4
2026-03-31 10:00:00+01:00,10.9,81,0.0,,264,18.5,31.5,1026.3,25,5,4
2026-03-31 11:00:00+01:00,12.1,75,0.0,,266,20.4,33.3,1026.3,30,6,4
2026-03-31 12:00:00+01:00,13.3,69,0.0,,270,22.2,35.2,1026.3,35,5,4
2026-03-31 13:00:00+01:00,14.1,65,0.0,,269,22.2,35.2,1026.3,34,6,4
2026-03-31 14:00:00+01:00,14.5,64,0.0,,269,20.4,33.3,1026.2,33,6,4
2026-03-31 15:00:00+01:00,14.7,62,0.0,,267,20.4,33.3,1026.1,30,7,4
2026-03-31 16:00:00+01:00,14.8,61,0.0,,268,18.5,31.5,1025.9,26,7,4
2026-03-31 17:00:00+01:00,14.7,64,0.0,,269,16.7,29.6,1025.8,26,6,4
2026-03-31 18:00:00+01:00,13.9,66,0.0,,264,16.7,25.9,1025.8,21,6,4
2026-03-31 19:00:00+01:00,12.4,72,0.0,,262,13.0,24.1,1025.9,15,6,4
2026-03-31 20:00:00+01:00,12.1,72,0.0,,259,13.0,22.2,1026.1,9,5,4
2026-03-31 21:00:00+01:00,11.4,74,0.0,,258,11.1,20.4,1026.3,0,5,4
2026-03-31 22:00:00+01:00,10.7,78,0.0,,255,11.1,20.4,1026.5,0,5,4
2026-03-31 23:00:00+01:00,9.9,81,0.0,,253,11.1,18.5,1026.3,0,5,4
2026-04-01 00:00:00+01:00,9.5,82,0.0,,247,9.3,18.5,1026.1,0,4,3
2026-04-01 01:00:00+01:00,9.0,84,0.0,,244,9.3,16.7,1025.8,0,4,2
2026-04-01 02:00:00+01:00,8.5,85,0.0,,241,9.3,16.7,1025.2,0,4,2
2026-04-01 03:00:00+01:00,8.4,84,0.0,,239,9.3,16.7,1024.8,0,5,2
2026-04-01 04:00:00+01:00,8.0,85,0.0,,237,9.3,16.7,1024.3,0,5,3
2026-04-01 05:00:00+01:00,7.7,85,0.0,,234,9.3,16.7,1023.8,0,5,2
2026-04-01 06:00:00+01:00,7.4,88,0.0,,234,9.3,18.5,1023.5,0,5,2
2026-04-01 07:00:00+01:00,7.6,88,0.0,,230,11.1,20.4,1023.1,7,4,2
2026-04-01 08:00:00+01:00,8.3,87,0.0,,228,13.0,22.2,1022.6,16,4,2
2026-04-01 09:00:00+01:00,9.6,82,0.0,,225,14.8,25.9,1022.1,24,4,2
2026-04-01 10:00:00+01:00,10.8,79,0.0,,224,16.7,27.8,1021.6,29,4,2
2026-04-01 11:00:00+01:00,11.9,74,0.0,,225,20.4,31.5,1020.8,32,5,2
2026-04-01 12:00:00+01:00,12.8,70,0.0,,228,20.4,33.3,1019.9,34,4,2
2026-04-01 13:00:00+01:00,13.2,69,0.0,,229,22.2,35.2,1019.1,33,5,2
2026-04-01 14:00:00+01:00,13.6,66,0.0,,227,24.1,37.0,1018.2,27,6,3
2026-04-01 15:00:00+01:00,13.8,65,0.0,,229,24.1,38.9,1017.5,21,7,4
2026-04-01 16:00:00+01:00,13.5,67,0.0,,230,24.1,38.9,1016.9,17,7,4
2026-04-01 17:00:00+01:00,13.9,61,0.0,,234,24.1,38.9,1016.3,17,6,3
2026-04-01 18:00:00+01:00,12.6,67,0.0,,242,22.2,35.2,1015.9,9,7,4
2026-04-01 19:00:00+01:00,10.2,79,0.0,,260,18.5,31.5,1015.8,5,8,7
2026-04-01 20:00:00+01:00,9.8,78,0.2,,274,16.7,29.6,1016.8,1,8,7
2026-04-01 21:00:00+01:00,8.2,83,0.2,,313,14.8,27.8,1018.1,0,8,7
2026-04-01 22:00:00+01:00,6.8,86,0.2,,339,14.8,27.8,1019.4,0,8,7
2026-04-01 23:00:00+01:00,6.0,87,0.2,,346,14.8,25.9,1020.0,0,8,7
2026-04-02 00:00:00+01:00,5.5,85,0.2,,342,13.0,25.9,1020.4,0,7,7
2026-04-02 01:00:00+01:00,5.1,85,0.0,,340,11.1,22.2,1021.0,0,7,4
2026-04-02 02:00:00+01:00,4.4,85,0.0,,332,11.1,22.2,1021.2,0,6,4
2026-04-02 03:00:00+01:00,3.9,84,0.0,,323,11.1,22.2,1021.4,0,6,4
2026-04-02 04:00:00+01:00,3.1,87,0.0,,314,11.1,20.4,1021.5,0,5,4
2026-04-02 05:00:00+01:00,2.8,85,0.0,,308,11.1,20.4,1021.5,0,4,3
2026-04-02 06:00:00+01:00,2.3,84,0.0,,303,11.1,20.4,1021.7,0,4,2
2026-04-02 07:00:00+01:00,2.3,84,0.0,,296,11.1,20.4,1021.7,10,3,2
2026-04-02 08:00:00+01:00,3.1,80,0.0,,293,11.1,20.4,1021.6,22,3,2
2026-04-02 09:00:00+01:00,4.3,74,0.0,,288,11.1,20.4,1021.7,33,3,1
2026-04-02 10:00:00+01:00,5.6,69,0.0,,285,11.1,20.4,1021.8,40,2,1
2026-04-02 11:00:00+01:00,7.2,62,0.0,,279,9.3,18.5,1021.1,51,2,1
2026-04-02 12:00:00+01:00,8.0,57,0.0,,260,9.3,18.5,1020.6,53,2,1
2026-04-02 13:00:00+01:00,8.6,55,0.0,,226,9.3,18.5,1020.0,53,2,2
2026-04-02 14:00:00+01:00,8.8,54,0.0,,204,11.1,18.5,1019.2,51,2,1
2026-04-02 15:00:00+01:00,9.1,53,0.0,,184,11.1,20.4,1018.4,48,3,1
2026-04-02 16:00:00+01:00,9.2,54,0.0,,183,13.0,24.1,1017.6,42,3,1
2026-04-02 17:00:00+01:00,9.0,56,0.0,,189,14.8,25.9,1016.8,35,4,2
2026-04-02 18:00:00+01:00,8.7,58,0.0,,192,14.8,27.8,1016.1,25,5,2
2026-04-02 19:00:00+01:00,8.1,61,0.0,,207,14.8,25.9,1015.5,18,6,3
2026-04-02 20:00:00+01:00,7.3,67,0.0,,212,13.0,24.1,1014.8,9,6,3
2026-04-02 21:00:00+01:00,7.0,70,0.0,,215,11.1,22.2,1014.1,0,7,4
2026-04-02 22:00:00+01:00,7.0,72,0.0,,211,13.0,22.2,1013.2,0,7,4
2026-04-02 23:00:00+01:00,6.8,74,0.0,,207,13.0,22.2,1012.1,0,7,4
2026-04-03 00:00:00+01:00,7.1,73,0.2,,205,13.0,24.1,1010.7,0,7,7
2026-04-03 01:00:00+01:00,7.1,75,0.2,,201,14.8,25.9,1009.4,0,7,7
2026-04-03 02:00:00+01:00,7.2,76,0.1,,201,16.7,27.8,1007.6,0,7,7
2026-04-03 03:00:00+01:00,7.2,78,0.1,,203,16.7,29.6,1005.9,0,7,7
2026-04-03 04:00:00+01:00,7.2,80,0.1,,201,18.5,31.5,1004.3,0,8,7
2026-04-03 05:00:00+01:00,7.3,82,0.1,,201,20.4,35.2,1003.0,0,8,7
2026-04-03 06:00:00+01:00,7.7,82,0.1,,199,22.2,37.0,1001.9,0,8,7
2026-04-03 07:00:00+01:00,8.5,81,0.1,,204,24.1,38.9,1000.9,1,8,7
2026-04-03 08:00:00+01:00,9.0,80,0.1,,206,25.9,40.8,1000.8,4,8,7
2026-04-03 09:00:00+01:00,9.4,80,0.1,,215,25.9,40.8,1000.6,7,7,7
2026-04-03 10:00:00+01:00,10.1,78,0.1,,222,25.9,40.8,1000.7,11,7,7
2026-04-03 11:00:00+01:00,10.1,87,0.1,,215,22.2,33.3,999.2,3,8,7
2026-04-03 12:00:00+01:00,10.5,84,0.1,,227,22.2,35.2,999.1,8,8,7
2026-04-03 13:00:00+01:00,11.2,80,0.1,,234,24.1,35.2,999.0,15,8,7
2026-04-03 14:00:00+01:00,11.5,76,0.1,,243,24.1,35.2,999.1,21,8,7
2026-04-03 15:00:00+01:00,11.5,75,0.1,,251,24.1,37.0,999.1,22,8,7
2026-04-03 16:00:00+01:00,11.2,73,0.1,,257,24.1,40.8,999.2,21,7,7
2026-04-03 17:00:00+01:00,10.6,72,0.1,,261,24.1,40.8,999.9,21,6,7
2026-04-03 18:00:00+01:00,9.7,71,0.1,,263,24.1,38.9,1000.8,20,5,7
2026-04-03 19:00:00+01:00,8.5,72,0.0,,263,22.2,38.9,1001.9,19,4,2
2026-04-03 20:00:00+01:00,7.9,70,0.0,,260,22.2,37.0,1003.4,14,3,2
2026-04-03 21:00:00+01:00,7.0,70,0.0,,262,20.4,35.2,1004.9,0,3,1
2026-04-03 22:00:00+01:00,6.3,72,0.0,,260,18.5,33.3,1006.4,0,2,1
2026-04-03 23:00:00+01:00,5.9,72,0.0,,257,18.5,29.6,1007.4,0,2,1
2026-04-04 00:00:00+01:00,5.5,71,0.0,,253,16.7,27.8,1008.4,0,2,1
2026-04-04 01:00:00+01:00,4.9,74,0.0,,247,14.8,25.9,1009.2,0,2,1
2026-04-04 02:00:00+01:00,4.4,75,0.0,,248,14.8,24.1,1010.0,0,2,1
2026-04-04 03:00:00+01:00,4.0,77,0.0,,245,13.0,22.2,1010.7,0,2,1
2026-04-04 04:00:00+01:00,3.6,79,0.0,,243,11.1,20.4,1011.2,0,1,1
2026-04-04 05:00:00+01:00,3.6,78,0.0,,240,11.1,20.4,1011.8,0,2,1
2026-04-04 06:00:00+01:00,3.6,79,0.0,,236,11.1,18.5,1012.1,0,3,1
2026-04-04 07:00:00+01:00,4.0,78,0.0,,230,11.1,20.4,1012.4,6,4,2
2026-04-04 08:00:00+01:00,4.6,76,0.0,,223,13.0,20.4,1012.3,14,5,2
2026-04-04 09:00:00+01:00,5.4,75,0.0,,218,14.8,24.1,1012.0,16,6,3
2026-04-04 10:00:00+01:00,6.6,72,0.0,,208,16.7,25.9,1011.8,16,5,4
2026-04-04 11:00:00+01:00,7.8,70,0.0,,196,14.8,25.9,1010.9,15,6,4
2026-04-04 12:00:00+01:00,8.0,72,0.0,,185,16.7,27.8,1009.9,10,7,4
2026-04-04 13:00:00+01:00,8.2,76,0.0,,180,18.5,29.6,1008.5,4,8,4
2026-04-04 14:00:00+01:00,8.8,76,0.1,,179,20.4,33.3,1006.4,3,8,7
2026-04-04 15:00:00+01:00,9.8,75,0.1,,179,22.2,37.0,1004.2,2,8,7
2026-04-04 16:00:00+01:00,10.7,74,0.1,,186,25.9,42.6,1002.1,3,8,7
2026-04-04 17:00:00+01:00,11.3,72,0.1,,192,27.8,46.3,999.6,2,8,7
2026-04-04 18:00:00+01:00,11.9,69,0.1,,193,27.8,48.2,997.5,0,8,7
2026-04-04 19:00:00+01:00,11.5,69,0.1,,203,31.5,51.8,995.7,0,8,7
2026-04-04 20:00:00+01:00,11.4,70,0.5,,208,31.5,53.7,993.2,0,8,7
2026-04-04 21:00:00+01:00,11.2,71,0.5,,214,33.3,55.5,991.2,0,8,7
2026-04-04 22:00:00+01:00,10.5,71,0.5,,218,35.2,57.4,989.5,0,7,7
2026-04-04 23:00:00+01:00,10.0,69,0.5,,221,37.0,61.1,989.1,0,7,7
2026-04-05 00:00:00+01:00,9.0,69,0.5,,223,37.0,59.3,988.7,0,5,7
2026-04-05 01:00:00+01:00,8.0,68,0.4,,230,37.0,57.4,989.4,0,3,7
2026-04-05 02:00:00+01:00,7.3,66,0.3,,236,37.0,59.3,991.7,0,3,7
2026-04-05 03:00:00+01:00,6.4,66,0.0,,239,37.0,57.4,994.4,0,3,2
2026-04-05 04:00:00+01:00,5.6,67,0.0,,245,35.2,53.7,996.7,0,2,2
2026-04-05 05:00:00+01:00,7.5,58,0.0,,249,38.9,59.3,994.5,0,1,1
2026-04-05 06:00:00+01:00,6.8,62,0.0,,251,35.2,53.7,997.6,0,0,1
2026-04-05 07:00:00+01:00,6.5,64,0.0,,251,33.3,51.8,1000.8,12,1,1
2026-04-05 08:00:00+01:00,6.4,66,0.0,,251,29.6,46.3,1002.6,26,2,1
2026-04-05 09:00:00+01:00,6.6,66,0.0,,251,29.6,46.3,1004.0,36,2,1
2026-04-05 10:00:00+01:00,7.1,67,0.0,,250,29.6,46.3,1005.5,40,3,2
2026-04-05 11:00:00+01:00,7.7,64,0.0,,252,29.6,48.2,1006.6,41,3,2
2026-04-05 12:00:00+01:00,7.7,64,0.0,,254,31.5,51.8,1008.0,42,4,2
2026-04-05 13:00:00+01:00,8.1,60,0.0,,255,33.3,53.7,1009.2,40,4,2
2026-04-05 14:00:00+01:00,8.4,57,0.0,,256,33.3,55.5,1010.2,44,4,7
2026-04-05 15:00:00+01:00,8.4,56,0.0,,257,33.3,55.5,1011.5,43,3,7
2026-04-05 16:00:00+01:00,8.2,56,0.0,,259,33.3,55.5,1012.5,41,3,2
2026-04-05 17:00:00+01:00,7.7,57,0.0,,260,29.6,53.7,1013.7,40,3,1
2026-04-05 18:00:00+01:00,7.0,58,0.0,,259,27.8,48.2,1014.8,37,2,1
2026-04-05 19:00:00+01:00,6.3,62,0.0,,258,24.1,40.8,1015.7,34,2,1
2026-04-05 20:00:00+01:00,5.9,63,0.0,,256,20.4,37.0,1017.3,23,1,1
2026-04-05 21:00:00+01:00,5.3,65,0.0,,252,18.5,31.5,1018.2,0,1,1
2026-04-05 22:00:00+01:00,4.6,69,0.0,,249,14.8,27.8,1019.4,0,0,1
2026-04-05 23:00:00+01:00,4.2,71,0.0,,245,14.8,25.9,1020.0,0,0,1
2026-04-06 00:00:00+01:00,3.9,71,0.0,,242,13.0,22.2,1020.9,0,0,1
2026-04-06 01:00:00+01:00,3.4,73,0.0,,239,11.1,22.2,1021.5,0,0,1
2026-04-06 02:00:00+01:00,3.0,74,0.0,,238,11.1,20.4,1022.2,0,0,1
2026-04-06 03:00:00+01:00,2.7,76,0.0,,238,11.1,18.5,1022.3,0,1,1
2026-04-06 04:00:00+01:00,2.3,78,0.0,,240,9.3,16.7,1022.5,0,1,1
2026-04-06 05:00:00+01:00,3.0,73,0.0,,242,9.3,16.7,1022.8,0,2,1
2026-04-06 06:00:00+01:00,2.9,76,0.0,,238,9.3,16.7,1023.0,0,3,1
2026-04-06 07:00:00+01:00,3.4,75,0.0,,238,9.3,16.7,1023.4,13,3,1
2026-04-06 08:00:00+01:00,4.5,73,0.0,,229,9.3,16.7,1023.8,25,2,1
2026-04-06 09:00:00+01:00,6.2,71,0.0,,221,9.3,18.5,1024.0,33,3,1
2026-04-06 10:00:00+01:00,7.7,70,0.0,,211,11.1,20.4,1024.1,37,2,2
2026-04-06 11:00:00+01:00,9.0,66,0.0,,204,13.0,22.2,1024.3,37,3,2
2026-04-06 12:00:00+01:00,10.2,63,0.0,,203,14.8,24.1,1024.3,36,3,2
2026-04-06 13:00:00+01:00,11.0,60,0.0,,198,14.8,24.1,1024.3,34,4,2
2026-04-06 14:00:00+01:00,11.6,58,0.0,,194,14.8,25.9,1024.0,31,5,3
2026-04-06 15:00:00+01:00,12.0,56,0.0,,189,14.8,25.9,1023.6,27,7,4
2026-04-06 16:00:00+01:00,12.3,56,0.0,,179,16.7,25.9,1023.5,22,7,4
2026-04-06 17:00:00+01:00,12.1,58,0.0,,168,14.8,25.9,1023.2,21,7,4
2026-04-06 18:00:00+01:00,12.1,58,0.0,,155,13.0,24.1,1023.2,18,6,4
2026-04-06 19:00:00+01:00,11.8,59,0.0,,140,11.1,20.4,1023.3,15,5,4
2026-04-06 20:00:00+01:00,10.9,62,0.0,,128,9.3,16.7,1023.3,10,4,2
2026-04-06 21:00:00+01:00,9.6,66,0.0,,110,7.4,14.8,1023.6,0,4,2
2026-04-06 22:00:00+01:00,8.5,70,0.0,,126,7.4,13.0,1023.8,0,3,2
2026-04-06 23:00:00+01:00,7.8,72,0.0,,257,7.4,13.0,1023.9,0,3,2
2026-04-07 00:00:00+01:00,7.3,73,0.0,,262,7.4,14.8,1024.0,0,3,1
2026-04-07 01:00:00+01:00,6.7,75,0.0,,250,7.4,14.8,1023.9,0,3,1
2026-04-07 02:00:00+01:00,6.1,77,0.0,,247,7.4,14.8,1023.9,0,2,1
2026-04-07 03:00:00+01:00,5.7,78,0.0,,239,7.4,14.8,1023.8,0,3,1
2026-04-07 04:00:00+01:00,5.4,79,0.0,,237,7.4,14.8,1023.7,0,3,1
2026-04-07 05:00:00+01:00,5.7,78,0.0,,234,7.4,14.8,1023.1,0,1,1
2026-04-07 06:00:00+01:00,5.7,77,0.0,,228,7.4,14.8,1023.2,0,1,1
2026-04-07 07:00:00+01:00,5.9,77,0.0,,215,7.4,13.0,1023.1,17,1,1
2026-04-07 08:00:00+01:00,6.8,76,0.0,,191,7.4,13.0,1023.2,34,1,1
2026-04-07 09:00:00+01:00,8.0,74,0.0,,170,9.3,16.7,1023.3,47,1,1
2026-04-07 10:00:00+01:00,9.4,69,0.0,,163,9.3,18.5,1023.2,54,2,1
2026-04-07 11:00:00+01:00,10.8,66,0.0,,161,13.0,24.1,1023.2,58,1,1
2026-04-07 12:00:00+01:00,12.3,60,0.0,,157,14.8,27.8,1023.0,57,1,1
2026-04-07 13:00:00+01:00,13.9,54,0.0,,154,16.7,29.6,1022.9,56,1,1
2026-04-07 14:00:00+01:00,14.8,52,0.0,,148,18.5,31.5,1022.4,55,0,1
2026-04-07 15:00:00+01:00,15.2,51,0.0,,143,18.5,31.5,1022.0,55,0,1
2026-04-07 16:00:00+01:00,15.5,52,0.0,,143,18.5,31.5,1021.5,53,0,1
2026-04-07 17:00:00+01:00,15.5,53,0.0,,139,20.4,31.5,1021.3,49,1,1
2026-04-07 18:00:00+01:00,14.7,57,0.0,,133,18.5,29.6,1021.3,39,1,1
2026-04-07 19:00:00+01:00,13.4,62,0.0,,133,14.8,25.9,1021.3,31,1,1
2026-04-07 20:00:00+01:00,12.0,67,0.0,,129,13.0,22.2,1021.7,18,2,1
2026-04-07 21:00:00+01:00,11.1,68,0.0,,129,11.1,18.5,1022.1,0,3,1
2026-04-07 22:00:00+01:00,10.3,73,0.0,,150,9.3,18.5,1022.3,0,3,1
2026-04-07 23:00:00+01:00,10.8,71,0.0,,166,9.3,18.5,1021.8,0,4,4
2026-04-08 00:00:00+01:00,10.4,72,0.0,,188,9.3,18.5,1021.8,0,5,4
2026-04-08 01:00:00+01:00,10.3,72,0.0,,196,9.3,18.5,1021.7,0,7,4
2026-04-08 02:00:00+01:00,10.0,74,0.0,,200,9.3,18.5,1021.9,0,7,4
2026-04-08 03:00:00+01:00,9.8,75,0.0,,211,9.3,16.7,1021.8,0,6,4
2026-04-08 04:00:00+01:00,9.3,77,0.0,,215,7.4,16.7,1021.8,0,5,4
2026-04-08 05:00:00+01:00,9.0,78,0.0,,216,7.4,14.8,1021.9,0,5,4
2026-04-08 06:00:00+01:00,8.7,80,0.0,,224,7.4,14.8,1022.0,0,5,4
2026-04-08 07:00:00+01:00,8.8,83,0.0,,230,7.4,14.8,1022.1,12,4,4
2026-04-08 08:00:00+01:00,9.4,83,0.0,,220,7.4,14.8,1022.0,23,4,2
2026-04-08 09:00:00+01:00,10.5,82,0.0,,216,9.3,18.5,1022.2,35,3,2
2026-04-08 10:00:00+01:00,12.1,79,0.0,,212,9.3,18.5,1022.0,41,3,2
2026-04-08 11:00:00+01:00,13.6,75,0.0,,206,11.1,20.4,1021.8,47,3,2
2026-04-08 12:00:00+01:00,15.1,71,0.0,,199,13.0,20.4,1021.5,49,3,2
2026-04-08 13:00:00+01:00,16.3,69,0.0,,200,13.0,22.2,1021.3,49,3,2
2026-04-08 14:00:00+01:00,16.8,69,0.0,,198,13.0,22.2,1020.8,48,3,2
2026-04-08 15:00:00+01:00,17.5,66,0.0,,196,13.0,22.2,1020.4,44,4,2
2026-04-08 16:00:00+01:00,17.4,67,0.0,,206,13.0,22.2,1020.3,37,4,2
2026-04-08 17:00:00+01:00,17.0,69,0.0,,215,14.8,24.1,1020.0,33,4,2
2026-04-08 18:00:00+01:00,16.4,71,0.0,,234,13.0,24.1,1020.0,26,4,2
2026-04-08 19:00:00+01:00,15.3,73,0.0,,248,13.0,22.2,1020.1,19,4,2
2026-04-08 20:00:00+01:00,14.1,77,0.0,,261,11.1,20.4,1020.2,8,5,2
2026-04-08 21:00:00+01:00,12.7,82,0.0,,264,9.3,18.5,1020.2,0,4,2
2026-04-08 22:00:00+01:00,11.9,83,0.0,,266,9.3,18.5,1020.2,0,4,2
2026-04-08 23:00:00+01:00,12.0,80,0.0,,264,9.3,16.7,1019.2,0,4,4
2026-04-09 00:00:00+01:00,11.2,81,0.0,,256,9.3,16.7,1018.8,0,4,2
2026-04-09 01:00:00+01:00,10.7,83,0.0,,252,7.4,14.8,1018.7,0,3,2
2026-04-09 02:00:00+01:00,10.1,86,0.0,,254,9.3,16.7,1018.0,0,5,2
2026-04-09 03:00:00+01:00,10.0,85,0.0,,252,9.3,16.7,1017.4,0,7,4
2026-04-09 04:00:00+01:00,9.8,87,0.0,,246,9.3,16.7,1016.8,0,7,4
2026-04-09 05:00:00+01:00,9.6,86,0.0,,234,9.3,16.7,1016.1,0,7,4
2026-04-09 06:00:00+01:00,9.5,87,0.0,,231,9.3,16.7,1015.5,0,7,4
2026-04-09 07:00:00+01:00,9.8,87,0.0,,228,11.1,18.5,1015.0,3,8,4
2026-04-09 08:00:00+01:00,10.3,87,0.0,,219,11.1,20.4,1014.5,8,8,4
2026-04-09 09:00:00+01:00,11.0,86,0.0,,215,13.0,24.1,1013.9,9,8,4
2026-04-09 10:00:00+01:00,11.8,83,0.0,,213,14.8,25.9,1013.3,10,8,4
2026-04-09 11:00:00+01:00,12.1,80,0.0,,216,18.5,27.8,1012.8,10,8,4
2026-04-09 12:00:00+01:00,12.1,80,0.0,,219,18.5,31.5,1012.4,11,8,4
2026-04-09 13:00:00+01:00,12.1,76,1.0,,226,20.4,33.3,1011.8,9,8,7
2026-04-09 14:00:00+01:00,11.7,76,0.3,,232,20.4,35.2,1011.9,12,8,7
2026-04-09 15:00:00+01:00,11.2,75,0.4,,248,20.4,37.0,1012.1,11,8,7
2026-04-09 16:00:00+01:00,10.7,71,0.4,,262,22.2,38.9,1012.2,10,7,7
2026-04-09 17:00:00+01:00,9.7,71,0.4,,264,22.2,38.9,1012.6,15,6,7
2026-04-09 18:00:00+01:00,9.1,69,0.3,,264,22.2,38.9,1013.1,14,6,7
2026-04-09 19:00:00+01:00,8.4,69,0.3,,262,22.2,38.9,1013.5,15,5,7
2026-04-09 20:00:00+01:00,7.7,70,0.0,,261,20.4,35.2,1014.3,12,3,7
2026-04-09 21:00:00+01:00,6.7,72,0.0,,259,20.4,35.2,1014.9,0,3,7
2026-04-09 22:00:00+01:00,6.1,75,0.0,,257,18.5,31.5,1015.0,0,2,7
2026-04-09 23:00:00+01:00,5.6,78,0.0,,255,18.5,31.5,1014.2,0,3,2
2026-04-10 00:00:00+01:00,5.4,77,0.0,,258,18.5,31.5,1014.5,0,3,1
2026-04-10 01:00:00+01:00,5.0,78,0.0,,258,18.5,33.3,1014.8,0,2,2
2026-04-10 02:00:00+01:00,4.5,78,0.0,,259,18.5,33.3,1015.1,0,2,1
2026-04-10 03:00:00+01:00,4.7,75,0.0,,261,18.5,33.3,1015.6,0,2,1
2026-04-10 04:00:00+01:00,3.8,78,0.0,,262,18.5,33.3,1016.1,0,1,1
2026-04-10 05:00:00+01:00,3.5,78,0.0,,263,18.5,31.5,1016.3,0,1,1
2026-04-10 06:00:00+01:00,3.4,79,0.0,,262,16.7,27.8,1016.6,0,1,1
2026-04-10 07:00:00+01:00,3.8,78,0.0,,259,16.7,27.8,1016.9,16,1,1
2026-04-10 08:00:00+01:00,4.5,75,0.0,,256,14.8,25.9,1017.2,32,1,1
2026-04-10 09:00:00+01:00,5.6,71,0.0,,253,16.7,27.8,1017.2,46,2,1
2026-04-10 10:00:00+01:00,6.9,67,0.0,,251,14.8,25.9,1017.3,52,2,1
2026-04-10 11:00:00+01:00,8.3,60,0.0,,243,14.8,25.9,1016.9,53,1,1
2026-04-10 12:00:00+01:00,9.2,56,0.0,,234,14.8,25.9,1016.4,51,2,1
2026-04-10 13:00:00+01:00,9.8,53,0.0,,216,14.8,25.9,1016.0,47,2,2
2026-04-10 14:00:00+01:00,10.2,51,0.0,,200,14.8,25.9,1015.3,39,3,2
2026-04-10 15:00:00+01:00,10.5,49,0.0,,180,16.7,27.8,1014.5,33,4,2
2026-04-10 16:00:00+01:00,10.5,50,0.0,,163,18.5,31.5,1013.8,24,5,2
2026-04-10 17:00:00+01:00,9.9,54,0.0,,166,18.5,31.5,1012.4,18,5,2
2026-04-10 18:00:00+01:00,9.5,55,0.0,,156,16.7,29.6,1011.2,11,6,3
2026-04-10 19:00:00+01:00,9.1,58,0.0,,147,16.7,27.8,1010.2,8,7,4
2026-04-10 20:00:00+01:00,8.6,61,0.0,,141,14.8,25.9,1009.3,4,7,4
2026-04-10 21:00:00+01:00,8.5,63,0.0,,133,13.0,24.1,1008.3,0,7,4
2026-04-10 22:00:00+01:00,8.3,66,0.0,,139,13.0,24.1,1007.4,0,7,4
2026-04-10 23:00:00+01:00,8.0,67,0.0,,145,14.8,25.9,1006.1,0,7,4
2026-04-11 00:00:00+01:00,8.1,66,0.0,,156,14.8,27.8,1005.0,0,7,4
2026-04-11 01:00:00+01:00,7.9,67,0.0,,162,16.7,29.6,1003.8,0,7,7
2026-04-11 02:00:00+01:00,7.9,68,0.3,,166,16.7,29.6,1002.6,0,8,7
2026-04-11 03:00:00+01:00,7.8,70,0.3,,171,16.7,29.6,1001.4,0,8,7
2026-04-11 04:00:00+01:00,7.9,71,0.3,,176,14.8,29.6,1000.1,0,8,7
2026-04-11 05:00:00+01:00,7.8,74,0.3,,182,16.7,27.8,999.5,0,8,7
2026-04-11 06:00:00+01:00,7.8,74,0.3,,187,16.7,27.8,998.9,0,8,7
2026-04-11 07:00:00+01:00,7.8,75,0.3,,196,16.7,27.8,998.7,2,8,7
2026-04-11 08:00:00+01:00,7.3,77,0.5,,201,16.7,27.8,998.5,5,8,7
2026-04-11 09:00:00+01:00,7.4,75,0.5,,205,18.5,29.6,998.4,4,7,7
2026-04-11 10:00:00+01:00,7.2,73,0.4,,207,20.4,31.5,998.5,7,5,7
2026-04-11 11:00:00+01:00,7.9,67,0.5,,211,22.2,37.0,998.6,9,5,7
2026-04-11 12:00:00+01:00,8.4,62,0.4,,209,24.1,40.8,998.3,12,6,7
2026-04-11 13:00:00+01:00,9.3,57,0.4,,211,27.8,44.5,998.1,14,6,7
2026-04-11 14:00:00+01:00,9.9,54,0.0,,207,27.8,48.2,997.9,19,5,7
2026-04-11 15:00:00+01:00,10.3,51,0.0,,207,29.6,50.0,997.7,21,5,7
2026-04-11 16:00:00+01:00,10.9,49,0.0,,206,31.5,51.8,997.8,26,4,7
2026-04-11 17:00:00+01:00,9.9,60,0.2,,203,31.5,51.8,996.9,28,4,7
2026-04-11 18:00:00+01:00,9.7,61,0.2,,202,29.6,48.2,997.1,26,4,7
2026-04-11 19:00:00+01:00,9.0,63,0.0,,200,27.8,44.5,997.0,20,4,2
2026-04-11 20:00:00+01:00,8.7,63,0.0,,197,24.1,40.8,996.7,12,4,2
2026-04-11 21:00:00+01:00,8.3,65,0.0,,193,22.2,37.0,996.3,0,4,2
2026-04-11 22:00:00+01:00,8.0,68,0.0,,191,20.4,35.2,996.0,0,4,2
2026-04-11 23:00:00+01:00,7.7,70,0.2,,194,20.4,37.0,995.4,0,5,7
2026-04-12 00:00:00+01:00,7.8,70,0.2,,196,22.2,38.9,994.9,0,5,7
2026-04-12 01:00:00+01:00,7.8,71,0.2,,198,22.2,40.8,994.5,0,7,7
2026-04-12 02:00:00+01:00,7.6,73,0.0,,200,25.9,42.6,994.7,0,5,7
2026-04-12 03:00:00+01:00,7.3,74,0.0,,205,25.9,42.6,995.2,0,5,7
2026-04-12 04:00:00+01:00,7.4,76,0.0,,207,25.9,44.5,995.5,0,4,2
2026-04-12 05:00:00+01:00,7.2,77,0.0,,207,27.8,44.5,996.0,0,4,2
2026-04-12 06:00:00+01:00,7.5,75,0.0,,207,27.8,44.5,996.5,0,4,2
2026-04-12 07:00:00+01:00,8.1,74,0.0,,210,29.6,46.3,997.2,10,4,2
2026-04-12 08:00:00+01:00,8.7,72,0.0,,211,29.6,46.3,997.8,19,4,2
2026-04-12 09:00:00+01:00,9.6,70,0.0,,215,31.5,50.0,998.2,25,5,2
2026-04-12 10:00:00+01:00,10.5,67,0.0,,215,35.2,53.7,998.8,27,6,3
2026-04-12 11:00:00+01:00,11.4,62,0.0,,220,35.2,53.7,999.4,27,7,3
2026-04-12 12:00:00+01:00,12.1,59,0.0,,220,37.0,55.5,1000.1,26,8,4
2026-04-12 13:00:00+01:00,12.5,58,0.0,,219,37.0,55.5,1000.8,27,8,3
2026-04-12 14:00:00+01:00,12.7,57,0.0,,218,37.0,53.7,1001.6,28,7,3
2026-04-12 15:00:00+01:00,12.8,56,0.0,,219,35.2,53.7,1002.3,25,6,3
2026-04-12 16:00:00+01:00,12.8,56,0.0,,218,33.3,51.8,1003.1,26,4,3
2026-04-12 17:00:00+01:00,12.2,58,0.0,,222,31.5,48.2,1003.7,28,4,2
2026-04-12 18:00:00+01:00,11.6,60,0.0,,222,27.8,44.5,1004.7,25,4,2
2026-04-12 19:00:00+01:00,9.5,67,0.0,,222,24.1,38.9,1005.5,21,3,2
2026-04-12 20:00:00+01:00,9.1,68,0.0,,220,20.4,33.3,1006.4,13,3,2
2026-04-12 21:00:00+01:00,8.5,70,0.0,,224,16.7,27.8,1007.1,4,3,2
2026-04-12 22:00:00+01:00,7.6,75,0.0,,222,14.8,24.1,1007.7,0,2,2
2026-04-12 23:00:00+01:00,6.9,77,0.0,,223,11.1,20.4,1008.4,0,2,2
2026-04-13 00:00:00+01:00,6.3,79,0.0,,224,11.1,18.5,1008.9,0,2,1
2026-04-13 01:00:00+01:00,5.5,82,0.0,,224,9.3,18.5,1009.3,0,2,1
2026-04-13 02:00:00+01:00,5.0,83,0.0,,231,9.3,16.7,1009.8,0,1,1
2026-04-13 03:00:00+01:00,4.3,84,0.0,,236,9.3,16.7,1010.1,0,1,1
2026-04-13 04:00:00+01:00,3.6,86,0.0,,240,9.3,16.7,1010.4,0,1,1
2026-04-13 05:00:00+01:00,3.2,87,0.0,,245,7.4,14.8,1010.8,0,1,1
2026-04-13 06:00:00+01:00,2.9,89,0.0,,246,7.4,14.8,1011.1,0,1,1
2026-04-13 07:00:00+01:00,3.2,89,0.0,,240,7.4,14.8,1011.5,19,1,1
2026-04-13 08:00:00+01:00,4.3,86,0.0,,231,7.4,14.8,1011.7,36,1,1
2026-04-13 09:00:00+01:00,6.1,79,0.0,,222,9.3,16.7,1012.0,50,1,1
2026-04-13 10:00:00+01:00,8.0,73,0.0,,210,9.3,16.7,1012.2,56,0,1
2026-04-13 11:00:00+01:00,10.6,58,0.0,,192,9.3,16.7,1012.3,57,2,1
2026-04-13 12:00:00+01:00,11.2,55,0.0,,177,9.3,18.5,1012.1,51,2,1
2026-04-13 13:00:00+01:00,11.7,53,0.0,,165,9.3,20.4,1011.8,47,2,1
2026-04-13 14:00:00+01:00,11.8,53,0.0,,148,11.1,22.2,1011.9,44,2,1
2026-04-13 15:00:00+01:00,11.8,55,0.0,,131,13.0,24.1,1012.0,42,2,1
2026-04-13 16:00:00+01:00,11.7,56,0.0,,126,13.0,22.2,1012.1,37,3,1
2026-04-13 17:00:00+01:00,10.9,61,0.0,,125,11.1,22.2,1012.2,34,3,2
2026-04-13 18:00:00+01:00,10.2,65,0.0,,117,11.1,20.4,1012.5,27,4,2
2026-04-13 19:00:00+01:00,8.5,73,0.0,,116,9.3,16.7,1012.7,23,4,2
2026-04-13 20:00:00+01:00,8.2,74,0.0,,91,7.4,14.8,1012.9,15,4,2
2026-04-13 21:00:00+01:00,7.4,76,0.0,,39,5.5,13.0,1013.1,6,3,2
2026-04-13 22:00:00+01:00,6.7,79,0.0,,319,5.5,11.1,1013.4,0,3,2
2026-04-13 23:00:00+01:00,5.8,82,0.0,,296,5.5,11.1,1013.5,0,3,1
2026-04-14 00:00:00+01:00,5.2,84,0.0,,292,5.5,13.0,1013.6,0,3,1
2026-04-14 01:00:00+01:00,4.4,87,0.0,,281,5.5,13.0,1013.8,0,3,1
2026-04-14 02:00:00+01:00,3.7,89,0.0,,279,5.5,13.0,1014.1,0,2,1
2026-04-14 03:00:00+01:00,3.2,90,0.0,,276,5.5,13.0,1014.3,0,3,1
2026-04-14 04:00:00+01:00,2.8,90,0.0,,275,7.4,14.8,1014.4,0,2,1
2026-04-14 05:00:00+01:00,2.4,92,0.0,,278,7.4,14.8,1014.7,0,3,1
2026-04-14 06:00:00+01:00,2.3,92,0.0,,271,7.4,13.0,1015.0,0,2,1
2026-04-14 07:00:00+01:00,3.1,90,0.0,,263,7.4,14.8,1015.2,18,2,1
2026-04-14 08:00:00+01:00,4.6,84,0.0,,246,7.4,13.0,1015.5,33,2,1
2026-04-14 09:00:00+01:00,6.5,79,0.0,,225,7.4,14.8,1015.6,45,2,1
2026-04-14 10:00:00+01:00,8.7,73,0.0,,196,9.3,14.8,1015.8,51,2,1
2026-04-14 11:00:00+01:00,11.4,62,0.0,,161,9.3,18.5,1015.3,53,2,1
2026-04-14 12:00:00+01:00,12.1,59,0.0,,155,11.1,20.4,1015.1,45,3,1
2026-04-14 13:00:00+01:00,12.4,59,0.0,,154,13.0,25.9,1014.9,39,4,2
2026-04-14 14:00:00+01:00,12.8,59,0.0,,150,14.8,27.8,1014.7,32,5,2
2026-04-14 15:00:00+01:00,13.0,60,0.0,,148,16.7,29.6,1014.7,28,6,4
2026-04-14 16:00:00+01:00,12.8,62,0.0,,148,16.7,29.6,1014.5,22,8,4
2026-04-14 17:00:00+01:00,12.7,64,0.0,,148,18.5,29.6,1014.2,14,8,4
2026-04-14 18:00:00+01:00,12.4,67,0.0,,144,16.7,27.8,1014.1,7,8,4
2026-04-14 19:00:00+01:00,11.8,70,0.0,,143,14.8,25.9,1014.0,4,8,4
2026-04-14 20:00:00+01:00,11.6,72,0.0,,143,13.0,24.1,1013.8,1,8,4
2026-04-14 21:00:00+01:00,11.5,74,0.0,,143,11.1,20.4,1013.6,0,8,4
2026-04-14 22:00:00+01:00,11.7,75,0.0,,151,11.1,20.4,1013.4,0,8,4
2026-04-14 23:00:00+01:00,11.7,77,0.0,,158,11.1,20.4,1013.1,0,8,4
2026-04-15 00:00:00+01:00,11.7,78,0.0,,168,9.3,18.5,1012.7,0,8,4
2026-04-15 01:00:00+01:00,11.4,81,0.0,,173,9.3,18.5,1012.4,0,8,7
2026-04-15 02:00:00+01:00,11.4,82,0.2,,178,11.1,18.5,1011.7,0,8,7
2026-04-15 03:00:00+01:00,11.5,83,0.2,,181,11.1,20.4,1011.1,0,8,7
2026-04-15 04:00:00+01:00,11.5,84,0.2,,186,11.1,20.4,1010.5,0,8,7
2026-04-15 05:00:00+01:00,11.2,88,0.2,,189,11.1,20.4,1010.2,0,8,7
2026-04-15 06:00:00+01:00,11.4,88,0.2,,188,11.1,18.5,1009.9,0,8,7
2026-04-15 07:00:00+01:00,11.8,87,0.2,,191,11.1,20.4,1009.7,3,8,7
2026-04-15 08:00:00+01:00,12.4,85,0.3,,190,13.0,22.2,1009.5,6,8,4
2026-04-15 09:00:00+01:00,13.2,83,0.2,,191,14.8,25.9,1009.3,6,8,4
2026-04-15 10:00:00+01:00,13.8,81,0.2,,188,18.5,29.6,1009.2,6,8,4
2026-04-15 11:00:00+01:00,15.4,77,0.0,,194,22.2,37.0,1008.6,13,6,4
2026-04-15 12:00:00+01:00,16.1,72,0.0,,194,25.9,38.9,1008.2,15,6,4
2026-04-15 13:00:00+01:00,16.7,68,0.0,,194,27.8,42.6,1007.6,19,6,4
2026-04-15 14:00:00+01:00,17.1,65,0.0,,194,27.8,42.6,1007.2,20,6,4
2026-04-15 15:00:00+01:00,16.7,67,0.4,,198,27.8,44.5,1006.8,18,6,7
2026-04-15 16:00:00+01:00,16.2,68,0.4,,202,27.8,42.6,1006.4,13,7,7
2026-04-15 17:00:00+01:00,15.4,69,0.3,,203,25.9,38.9,1006.3,7,7,7
2026-04-15 18:00:00+01:00,14.7,70,0.3,,204,24.1,37.0,1006.4,2,7,7
2026-04-15 19:00:00+01:00,12.8,77,0.3,,207,22.2,37.0,1006.7,0,6,7
2026-04-15 20:00:00+01:00,12.4,76,0.4,,207,20.4,35.2,1006.9,0,6,7
2026-04-15 21:00:00+01:00,11.8,76,0.4,,211,18.5,33.3,1007.3,0,6,7
2026-04-15 22:00:00+01:00,11.1,76,0.0,,210,18.5,31.5,1007.3,0,5,4
2026-04-15 23:00:00+01:00,10.8,76,0.0,,206,18.5,31.5,1007.4,0,6,3
2026-04-16 00:00:00+01:00,10.5,76,0.0,,206,18.5,33.3,1007.3,0,6,3
2026-04-16 01:00:00+01:00,10.4,78,0.0,,207,20.4,35.2,1007.4,0,6,3
2026-04-16 02:00:00+01:00,10.2,78,0.0,,209,20.4,35.2,1007.3,0,6,3
2026-04-16 03:00:00+01:00,9.8,79,0.0,,211,20.4,35.2,1007.4,0,6,3
2026-04-16 04:00:00+01:00,9.4,82,0.0,,211,22.2,37.0,1007.4,0,5,3
2026-04-16 05:00:00+01:00,9.5,81,0.3,,211,22.2,35.2,1007.0,0,4,7
2026-04-16 06:00:00+01:00,9.7,80,0.0,,213,22.2,37.0,1007.5,0,5,2
2026-04-16 07:00:00+01:00,10.3,78,0.0,,218,24.1,38.9,1008.3,12,4,2
2026-04-16 08:00:00+01:00,10.8,75,0.0,,219,24.1,38.9,1009.2,19,5,3
2026-04-16 09:00:00+01:00,11.4,71,0.0,,222,27.8,42.6,1010.1,25,5,3
2026-04-16 10:00:00+01:00,12.2,67,0.0,,225,27.8,44.5,1010.8,28,6,4
2026-04-16 11:00:00+01:00,13.1,62,0.0,,224,29.6,44.5,1011.6,30,6,4
2026-04-16 12:00:00+01:00,13.6,60,0.0,,224,29.6,44.5,1012.3,27,6,4
2026-04-16 13:00:00+01:00,14.3,56,0.0,,223,29.6,44.5,1013.0,25,7,4
2026-04-16 14:00:00+01:00,14.6,54,0.0,,222,29.6,44.5,1013.5,28,7,4
2026-04-16 15:00:00+01:00,15.0,53,0.0,,223,29.6,44.5,1014.0,28,7,4
2026-04-16 16:00:00+01:00,15.1,53,0.0,,220,27.8,42.6,1014.4,24,7,4
2026-04-16 17:00:00+01:00,14.7,55,0.0,,220,25.9,40.8,1014.5,21,7,4
2026-04-16 18:00:00+01:00,14.2,57,0.0,,219,24.1,37.0,1014.7,16,7,4
2026-04-16 19:00:00+01:00,13.6,60,0.0,,221,20.4,31.5,1014.9,15,7,4
2026-04-16 20:00:00+01:00,12.8,64,0.0,,221,16.7,27.8,1015.1,8,7,4
2026-04-16 21:00:00+01:00,12.1,67,0.0,,220,14.8,24.1,1015.2,1,8,4
2026-04-16 22:00:00+01:00,11.6,71,0.0,,218,13.0,22.2,1015.2,0,8,4
2026-04-16 23:00:00+01:00,11.3,74,0.0,,212,11.1,18.5,1015.4,0,8,4
2026-04-17 00:00:00+01:00,11.1,76,0.3,,210,9.3,18.5,1015.4,0,8,7
2026-04-17 01:00:00+01:00,11.0,78,0.4,,207,11.1,18.5,1015.4,0,8,7
2026-04-17 02:00:00+01:00,10.7,81,0.1,,205,11.1,18.5,1015.1,0,8,7
2026-04-17 03:00:00+01:00,10.6,82,0.1,,203,11.1,18.5,1014.6,0,8,7
2026-04-17 04:00:00+01:00,10.6,83,0.1,,202,11.1,18.5,1014.1,0,7,7
2026-04-17 05:00:00+01:00,9.9,83,0.0,,195,9.3,18.5,1013.8,0,8,7
2026-04-17 06:00:00+01:00,10.2,83,0.0,,191,11.1,18.5,1013.6,0,7,7
2026-04-17 07:00:00+01:00,10.8,83,0.0,,194,11.1,20.4,1013.2,5,8,4
2026-04-17 08:00:00+01:00,11.1,82,0.0,,192,13.0,24.1,1013.0,9,8,4
2026-04-17 09:00:00+01:00,11.7,81,0.0,,192,16.7,29.6,1012.8,10,8,4
2026-04-17 10:00:00+01:00,12.2,79,0.0,,194,20.4,33.3,1012.5,9,8,4
2026-04-17 11:00:00+01:00,12.6,77,0.0,,195,22.2,37.0,1012.6,7,8,4
2026-04-17 12:00:00+01:00,12.9,76,0.0,,198,25.9,38.9,1012.4,5,8,4
2026-04-17 13:00:00+01:00,13.5,74,0.0,,199,27.8,42.6,1012.2,2,8,7
2026-04-17 14:00:00+01:00,13.8,72,0.0,,201,27.8,44.5,1012.1,6,8,4
2026-04-17 15:00:00+01:00,14.3,69,0.1,,204,27.8,46.3,1011.8,5,8,7
2026-04-17 16:00:00+01:00,14.6,65,0.1,,207,29.6,46.3,1011.8,5,7,7
2026-04-17 17:00:00+01:00,14.3,63,0.1,,210,27.8,46.3,1011.7,12,7,7
2026-04-17 18:00:00+01:00,14.0,61,0.0,,212,27.8,44.5,1012.0,16,6,4
2026-04-17 19:00:00+01:00,13.3,62,0.0,,216,25.9,42.6,1012.4,20,5,3
2026-04-17 20:00:00+01:00,12.4,64,0.0,,217,22.2,37.0,1012.8,18,4,2
2026-04-17 21:00:00+01:00,11.4,67,0.0,,219,20.4,35.2,1013.3,9,4,2
2026-04-17 22:00:00+01:00,10.6,70,0.0,,219,18.5,31.5,1013.7,0,4,2
2026-04-17 23:00:00+01:00,10.1,73,0.0,,217,16.7,29.6,1014.1,0,4,2
2026-04-18 00:00:00+01:00,9.6,75,0.0,,218,16.7,27.8,1014.3,0,3,2
2026-04-18 01:00:00+01:00,9.5,76,0.0,,219,14.8,25.9,1014.5,0,4,2
2026-04-18 02:00:00+01:00,9.1,79,0.0,,220,14.8,25.9,1014.5,0,4,2
2026-04-18 03:00:00+01:00,8.7,80,0.0,,222,14.8,25.9,1014.6,0,4,2
2026-04-18 04:00:00+01:00,8.4,82,0.0,,225,14.8,24.1,1014.7,0,4,2
2026-04-18 05:00:00+01:00,8.7,80,0.0,,222,14.8,24.1,1014.9,0,4,2
2026-04-18 06:00:00+01:00,8.6,80,0.0,,223,14.8,24.1,1015.1,0,4,2
2026-04-18 07:00:00+01:00,8.9,80,0.0,,228,14.8,25.9,1015.3,13,4,2
2026-04-18 08:00:00+01:00,9.5,79,0.0,,229,16.7,25.9,1015.6,23,4,2
2026-04-18 09:00:00+01:00,10.3,75,0.0,,232,18.5,29.6,1016.1,30,5,2
2026-04-18 10:00:00+01:00,10.9,73,0.0,,235,20.4,33.3,1016.4,30,6,4
2026-04-18 11:00:00+01:00,11.5,69,0.0,,240,22.2,35.2,1016.7,31,6,4
2026-04-18 12:00:00+01:00,11.7,70,0.0,,248,22.2,37.0,1017.2,32,7,4
2026-04-18 13:00:00+01:00,12.3,67,0.0,,254,24.1,38.9,1017.4,30,7,4
2026-04-18 14:00:00+01:00,12.7,64,0.0,,259,24.1,40.8,1017.8,32,6,4
2026-04-18 15:00:00+01:00,13.2,61,0.0,,266,24.1,40.8,1018.3,30,6,4
2026-04-18 16:00:00+01:00,13.2,59,0.0,,270,24.1,40.8,1018.8,29,5,4
2026-04-18 17:00:00+01:00,12.7,60,0.0,,273,22.2,38.9,1019.3,31,5,3
2026-04-18 18:00:00+01:00,12.3,58,0.0,,274,20.4,35.2,1019.8,31,4,2
2026-04-18 19:00:00+01:00,11.6,59,0.0,,276,18.5,31.5,1020.6,30,3,2
2026-04-18 20:00:00+01:00,10.4,61,0.0,,280,16.7,29.6,1021.2,24,3,2
2026-04-18 21:00:00+01:00,9.2,64,0.0,,280,14.8,27.8,1021.8,13,2,1
2026-04-18 22:00:00+01:00,8.0,69,0.0,,280,14.8,25.9,1022.5,0,2,1
2026-04-18 23:00:00+01:00,7.8,73,0.0,,276,13.0,24.1,1022.9,0,4,3
2026-04-19 00:00:00+01:00,7.0,75,0.0,,278,13.0,24.1,1023.3,0,3,1
2026-04-19 01:00:00+01:00,6.2,78,0.0,,275,13.0,22.2,1023.6,0,2,1
2026-04-19 02:00:00+01:00,5.4,80,0.0,,276,11.1,22.2,1023.8,0,2,1
2026-04-19 03:00:00+01:00,5.1,80,0.0,,276,11.1,22.2,1024.0,0,2,1
2026-04-19 04:00:00+01:00,4.3,84,0.0,,278,11.1,22.2,1024.2,0,1,1
2026-04-19 05:00:00+01:00,4.0,84,0.0,,280,11.1,22.2,1024.3,0,1,1
2026-04-19 06:00:00+01:00,3.9,85,0.0,,278,11.1,20.4,1024.6,5,1,1
2026-04-19 07:00:00+01:00,4.5,83,0.0,,277,11.1,20.4,1024.9,23,1,1
2026-04-19 08:00:00+01:00,5.5,80,0.0,,278,11.1,20.4,1025.0,38,1,1
2026-04-19 09:00:00+01:00,7.0,74,0.0,,281,13.0,24.1,1025.2,48,2,1
2026-04-19 10:00:00+01:00,8.3,69,0.0,,291,13.0,24.1,1025.3,52,2,1
2026-04-19 11:00:00+01:00,9.5,63,0.0,,301,13.0,24.1,1025.4,49,3,1
2026-04-19 12:00:00+01:00,10.3,59,0.0,,309,13.0,24.1,1025.4,41,4,2
2026-04-19 13:00:00+01:00,10.9,57,0.0,,330,11.1,22.2,1025.6,36,5,3
2026-04-19 14:00:00+01:00,11.4,54,0.0,,343,11.1,20.4,1025.5,29,6,3
2026-04-19 15:00:00+01:00,11.4,56,0.0,,2,11.1,20.4,1025.4,23,6,4
2026-04-19 16:00:00+01:00,11.4,57,0.0,,17,9.3,20.4,1025.5,17,6,4
2026-04-19 17:00:00+01:00,11.1,58,0.0,,37,9.3,18.5,1025.4,18,6,4
2026-04-19 18:00:00+01:00,10.8,60,0.0,,57,9.3,16.7,1025.3,17,5,4
2026-04-19 19:00:00+01:00,10.0,63,0.0,,59,7.4,14.8,1025.3,15,5,3
2026-04-19 20:00:00+01:00,9.1,67,0.0,,54,7.4,13.0,1025.4,12,5,3
2026-04-19 21:00:00+01:00,7.9,72,0.0,,331,7.4,13.0,1025.5,6,4,2
2026-04-19 22:00:00+01:00,6.9,77,0.0,,293,5.5,13.0,1025.5,0,4,2
2026-04-19 23:00:00+01:00,6.7,72,0.0,,296,5.5,13.0,1025.9,0,4,2
2026-04-20 00:00:00+01:00,6.0,75,0.0,,286,5.5,13.0,1025.7,0,4,2
2026-04-20 01:00:00+01:00,5.1,79,0.0,,287,5.5,13.0,1025.5,0,4,2
2026-04-20 02:00:00+01:00,4.3,83,0.0,,280,5.5,13.0,1025.3,0,4,2
2026-04-20 03:00:00+01:00,4.0,84,0.0,,283,5.5,13.0,1025.2,0,5,2
2026-04-20 04:00:00+01:00,3.6,86,0.0,,288,5.5,13.0,1025.1,0,5,3
2026-04-20 05:00:00+01:00,3.4,90,0.0,,292,5.5,13.0,1025.1,0,5,3
2026-04-20 06:00:00+01:00,3.4,92,0.0,,298,5.5,13.0,1025.3,3,5,3
2026-04-20 07:00:00+01:00,4.0,92,0.0,,312,5.5,11.1,1025.3,9,5,3
2026-04-20 08:00:00+01:00,5.2,89,0.0,,329,5.5,13.0,1025.4,17,5,4
2026-04-20 09:00:00+01:00,6.8,82,0.0,,14,3.7,11.1,1025.5,22,5,4
2026-04-20 10:00:00+01:00,8.4,76,0.0,,47,5.5,13.0,1025.6,22,6,4
2026-04-20 11:00:00+01:00,9.4,72,0.0,,62,7.4,14.8,1025.7,20,7,4
2026-04-20 12:00:00+01:00,10.0,69,0.0,,66,9.3,16.7,1025.8,21,7,4
2026-04-20 13:00:00+01:00,10.2,69,0.0,,69,11.1,20.4,1025.9,20,7,4
2026-04-20 14:00:00+01:00,10.6,66,0.0,,66,13.0,24.1,1026.0,17,7,4
2026-04-20 15:00:00+01:00,10.3,67,0.0,,64,14.8,25.9,1026.2,16,6,4
2026-04-20 16:00:00+01:00,10.3,67,0.2,,62,14.8,25.9,1026.5,16,6,7
2026-04-20 17:00:00+01:00,9.9,68,0.2,,65,14.8,25.9,1026.7,19,5,7
2026-04-20 18:00:00+01:00,9.2,70,0.0,,65,14.8,25.9,1027.0,18,5,4
2026-04-20 19:00:00+01:00,8.4,74,0.0,,63,14.8,24.1,1027.5,17,5,3
2026-04-20 20:00:00+01:00,8.0,76,0.0,,58,11.1,22.2,1028.0,13,5,3
2026-04-20 21:00:00+01:00,6.9,82,0.0,,49,11.1,20.4,1028.6,7,5,3
2026-04-20 22:00:00+01:00,6.6,85,0.0,,39,9.3,16.7,1029.1,0,5,3
2026-04-20 23:00:00+01:00,5.6,85,0.0,,27,7.4,14.8,1029.1,0,5,4
2026-04-21 00:00:00+01:00,5.6,87,0.0,,26,7.4,16.7,1029.4,0,6,4
2026-04-21 01:00:00+01:00,5.6,88,0.0,,31,9.3,16.7,1029.8,0,5,4
2026-04-21 02:00:00+01:00,5.5,90,0.0,,33,9.3,18.5,1030.0,0,7,4
2026-04-21 03:00:00+01:00,5.8,90,0.0,,36,11.1,18.5,1030.1,0,7,4
2026-04-21 04:00:00+01:00,5.7,92,0.0,,39,11.1,20.4,1030.3,0,7,4
2026-04-21 05:00:00+01:00,5.7,91,0.0,,41,11.1,20.4,1030.5,0,7,4
2026-04-21 06:00:00+01:00,5.7,91,0.0,,45,13.0,22.2,1030.8,3,6,4
2026-04-21 07:00:00+01:00,6.3,88,0.0,,47,13.0,24.1,1031.3,10,6,4
2026-04-21 08:00:00+01:00,7.0,86,0.0,,52,14.8,25.9,1031.7,19,5,4
2026-04-21 09:00:00+01:00,8.2,80,0.0,,54,16.7,29.6,1031.9,25,5,4
2026-04-21 10:00:00+01:00,9.2,74,0.0,,58,20.4,31.5,1032.3,31,5,4
2026-04-21 11:00:00+01:00,10.0,70,0.0,,60,20.4,33.3,1032.5,35,4,2
2026-04-21 12:00:00+01:00,10.4,64,0.0,,63,22.2,35.2,1032.7,39,3,2
2026-04-21 13:00:00+01:00,10.6,62,0.0,,63,22.2,37.0,1032.8,40,3,2
2026-04-21 14:00:00+01:00,11.1,59,0.0,,61,24.1,37.0,1032.8,44,2,2
2026-04-21 15:00:00+01:00,11.1,58,0.0,,59,24.1,38.9,1032.6,46,2,1
2026-04-21 16:00:00+01:00,11.0,59,0.0,,57,24.1,37.0,1032.6,46,1,1
2026-04-21 17:00:00+01:00,10.5,60,0.0,,54,22.2,35.2,1032.2,49,1,1
2026-04-21 18:00:00+01:00,9.8,63,0.0,,52,22.2,35.2,1031.9,49,0,1
2026-04-21 19:00:00+01:00,8.5,71,0.0,,49,20.4,33.3,1031.8,45,0,1
2026-04-21 20:00:00+01:00,7.7,74,0.0,,45,16.7,31.5,1031.8,35,1,1
2026-04-21 21:00:00+01:00,7.1,78,0.0,,41,16.7,27.8,1031.8,18,1,1
2026-04-21 22:00:00+01:00,6.6,84,0.0,,35,14.8,27.8,1031.8,0,2,1
2026-04-21 23:00:00+01:00,5.9,88,0.0,,31,14.8,24.1,1032.0,0,2,1
2026-04-22 00:00:00+01:00,5.7,91,0.0,,32,14.8,24.1,1032.1,0,2,1
2026-04-22 01:00:00+01:00,5.4,93,0.0,,33,14.8,25.9,1032.1,0,2,1
2026-04-22 02:00:00+01:00,4.9,96,0.0,,34,14.8,25.9,1032.1,0,2,1
2026-04-22 03:00:00+01:00,4.7,98,0.0,,34,14.8,27.8,1032.1,0,3,1
2026-04-22 04:00:00+01:00,4.9,97,0.0,,36,14.8,27.8,1032.0,0,4,1
2026-04-22 05:00:00+01:00,5.0,95,0.0,,38,14.8,25.9,1032.1,0,5,4
2026-04-22 06:00:00+01:00,5.2,93,0.0,,41,14.8,25.9,1032.2,2,5,4
2026-04-22 07:00:00+01:00,5.6,93,0.0,,43,14.8,25.9,1032.3,5,6,4
2026-04-22 08:00:00+01:00,6.2,89,0.0,,46,16.7,27.8,1032.4,10,6,4
2026-04-22 09:00:00+01:00,7.1,84,0.0,,48,16.7,29.6,1032.6,13,6,4
2026-04-22 10:00:00+01:00,8.2,77,0.0,,52,18.5,29.6,1032.7,15,6,4
2026-04-22 11:00:00+01:00,8.8,73,0.0,,56,18.5,31.5,1032.7,15,7,4
2026-04-22 12:00:00+01:00,8.9,71,0.0,,60,20.4,33.3,1032.7,18,6,4
2026-04-22 13:00:00+01:00,9.4,68,0.0,,62,20.4,33.3,1032.6,18,6,4
2026-04-22 14:00:00+01:00,9.3,68,0.0,,64,20.4,33.3,1032.4,17,6,4
2026-04-22 15:00:00+01:00,9.3,67,0.0,,62,20.4,33.3,1032.3,20,6,4
2026-04-22 16:00:00+01:00,9.5,65,0.0,,61,20.4,31.5,1032.3,22,6,4
2026-04-22 17:00:00+01:00,9.4,64,0.0,,64,20.4,31.5,1032.0,31,3,1
2026-04-22 18:00:00+01:00,8.7,68,0.0,,65,18.5,31.5,1032.2,28,4,2
2026-04-22 19:00:00+01:00,7.7,72,0.0,,65,16.7,27.8,1032.3,26,4,4
2026-04-22 20:00:00+01:00,6.7,77,0.0,,63,14.8,25.9,1032.4,18,4,4
2026-04-22 21:00:00+01:00,6.2,82,0.0,,59,13.0,22.2,1032.6,9,4,4
2026-04-22 22:00:00+01:00,5.6,84,0.0,,54,11.1,20.4,1032.8,0,5,4
2026-04-22 23:00:00+01:00,5.2,86,0.0,,47,9.3,18.5,1033.0,0,6,4
2026-04-23 00:00:00+01:00,4.7,88,0.0,,41,9.3,16.7,1033.1,0,5,4
2026-04-23 01:00:00+01:00,4.3,91,0.0,,38,7.4,14.8,1033.3,0,4,4
2026-04-23 02:00:00+01:00,4.0,90,0.0,,29,7.4,14.8,1033.3,0,5,4
2026-04-23 03:00:00+01:00,3.7,91,0.0,,16,7.4,14.8,1033.3,0,5,1
2026-04-23 04:00:00+01:00,3.8,90,0.0,,11,5.5,13.0,1033.3,0,6,4
2026-04-23 05:00:00+01:00,3.8,90,0.0,,17,5.5,13.0,1033.5,0,6,4
2026-04-23 06:00:00+01:00,4.0,90,0.0,,26,5.5,13.0,1033.7,3,5,4
2026-04-23 07:00:00+01:00,4.4,91,0.0,,36,5.5,13.0,1033.8,10,6,4
2026-04-23 08:00:00+01:00,5.4,86,0.0,,60,5.5,11.1,1034.1,19,5,4
2026-04-23 09:00:00+01:00,6.6,82,0.0,,73,5.5,13.0,1034.2,28,5,4
2026-04-23 10:00:00+01:00,8.2,74,0.0,,84,7.4,14.8,1034.3,33,5,4
2026-04-23 11:00:00+01:00,9.0,71,0.0,,88,9.3,16.7,1034.3,36,5,3
2026-04-23 12:00:00+01:00,9.8,66,0.0,,96,11.1,18.5,1033.9,42,4,3
2026-04-23 13:00:00+01:00,10.7,62,0.0,,94,11.1,20.4,1033.5,46,3,2
2026-04-23 14:00:00+01:00,11.3,59,0.0,,94,13.0,22.2,1033.0,49,3,2
2026-04-23 15:00:00+01:00,12.1,55,0.0,,88,13.0,22.2,1032.7,49,2,1
2026-04-23 16:00:00+01:00,12.3,56,0.0,,86,14.8,24.1,1032.5,51,1,1
2026-04-23 17:00:00+01:00,12.1,57,0.0,,81,13.0,24.1,1031.6,59,0,1
2026-04-23 18:00:00+01:00,12.2,56,0.0,,76,13.0,24.1,1031.4,57,0,1
2026-04-23 19:00:00+01:00,9.4,67,0.0,,67,11.1,20.4,1031.3,52,0,1
2026-04-23 20:00:00+01:00,8.5,70,0.0,,58,9.3,18.5,1031.2,38,0,1
2026-04-23 21:00:00+01:00,6.7,80,0.0,,37,7.4,14.8,1031.2,20,0,1
2026-04-23 22:00:00+01:00,5.5,89,0.0,,15,7.4,13.0,1031.1,0,1,1
2026-04-23 23:00:00+01:00,4.3,93,0.0,,354,7.4,13.0,1030.8,0,1,1
2026-04-24 00:00:00+01:00,3.5,94,0.0,,333,7.4,13.0,1030.6,0,1,1
2026-04-24 01:00:00+01:00,2.7,98,0.0,,319,7.4,14.8,1030.3,0,1,1
2026-04-24 02:00:00+01:00,2.3,99,0.0,,301,7.4,14.8,1030.0,0,1,1
2026-04-24 03:00:00+01:00,1.7,100,0.0,,292,7.4,14.8,1029.6,0,2,1
2026-04-24 04:00:00+01:00,1.1,100,0.0,,288,7.4,14.8,1029.3,0,3,1
2026-04-24 05:00:00+01:00,1.0,100,0.0,,288,7.4,14.8,1029.0,0,4,1
2026-04-24 06:00:00+01:00,1.1,100,0.0,,281,5.5,14.8,1028.9,8,4,1
2026-04-24 07:00:00+01:00,2.1,98,0.0,,278,5.5,13.0,1028.8,19,4,1
2026-04-24 08:00:00+01:00,3.3,95,0.0,,252,5.5,11.1,1028.7,34,4,1
2026-04-24 09:00:00+01:00,5.4,88,0.0,,228,5.5,13.0,1028.5,45,4,1
2026-04-24 10:00:00+01:00,7.6,78,0.0,,199,5.5,13.0,1028.3,50,3,2
2026-04-24 11:00:00+01:00,9.5,70,0.0,,147,7.4,13.0,1027.8,53,3,1
2026-04-24 12:00:00+01:00,11.5,61,0.0,,134,7.4,14.8,1027.1,59,2,1
2026-04-24 13:00:00+01:00,13.2,54,0.0,,132,9.3,16.7,1026.5,59,1,1
2026-04-24 14:00:00+01:00,14.4,50,0.0,,117,11.1,18.5,1025.8,59,0,1
2026-04-24 15:00:00+01:00,15.2,48,0.0,,103,11.1,20.4,1025.1,59,0,1
2026-04-24 16:00:00+01:00,16.5,48,0.0,,97,11.1,20.4,1024.5,53,0,1
2026-04-24 17:00:00+01:00,16.7,48,0.0,,89,13.0,20.4,1023.8,53,1,1
2026-04-24 18:00:00+01:00,16.6,49,0.0,,81,11.1,20.4,1023.4,45,1,1
2026-04-24 19:00:00+01:00,14.3,57,0.0,,71,9.3,18.5,1023.0,40,0,1
2026-04-24 20:00:00+01:00,13.1,61,0.0,,51,9.3,16.7,1023.0,29,0,1
2026-04-24 21:00:00+01:00,11.4,67,0.0,,14,7.4,14.8,1023.1,16,1,1
2026-04-24 22:00:00+01:00,9.9,71,0.0,,337,7.4,14.8,1023.0,0,1,1
2026-04-24 23:00:00+01:00,8.8,74,0.0,,324,7.4,14.8,1022.9,0,1,1
2026-04-25 00:00:00+01:00,7.9,76,0.0,,304,7.4,14.8,1022.6,0,2,1
2026-04-25 01:00:00+01:00,6.7,78,0.0,,293,7.4,14.8,1022.4,0,2,1
2026-04-25 02:00:00+01:00,5.7,81,0.0,,281,7.4,14.8,1022.1,0,2,1
2026-04-25 03:00:00+01:00,4.9,83,0.0,,278,7.4,14.8,1021.7,0,3,1
2026-04-25 04:00:00+01:00,4.4,84,0.0,,280,7.4,14.8,1021.6,0,3,1
2026-04-25 05:00:00+01:00,4.0,85,0.0,,277,7.4,16.7,1021.4,0,3,1
2026-04-25 06:00:00+01:00,4.1,86,0.0,,271,7.4,14.8,1021.3,13,2,1
2026-04-25 07:00:00+01:00,5.1,84,0.0,,280,7.4,14.8,1021.2,28,2,1
2026-04-25 08:00:00+01:00,6.7,81,0.0,,285,7.4,14.8,1021.3,44,2,1
2026-04-25 09:00:00+01:00,8.8,76,0.0,,319,7.4,14.8,1021.3,54,2,1
2026-04-25 10:00:00+01:00,10.7,72,0.0,,17,7.4,16.7,1021.6,57,2,1
2026-04-25 11:00:00+01:00,12.4,63,0.0,,49,11.1,18.5,1021.6,54,2,1
2026-04-25 12:00:00+01:00,12.9,61,0.0,,54,13.0,22.2,1021.8,55,2,1
2026-04-25 13:00:00+01:00,12.9,60,0.0,,59,13.0,24.1,1021.9,54,2,1
2026-04-25 14:00:00+01:00,12.6,61,0.0,,60,14.8,25.9,1022.4,54,2,1
2026-04-25 15:00:00+01:00,12.5,61,0.0,,60,14.8,25.9,1022.7,48,2,1
2026-04-25 16:00:00+01:00,12.5,60,0.0,,61,16.7,27.8,1023.0,44,2,1
2026-04-25 17:00:00+01:00,12.2,60,0.0,,63,16.7,27.8,1023.1,41,3,1
2026-04-25 18:00:00+01:00,11.4,62,0.0,,63,14.8,27.8,1023.5,33,3,1
2026-04-25 19:00:00+01:00,9.6,70,0.0,,64,13.0,24.1,1023.8,28,3,1
2026-04-25 20:00:00+01:00,8.6,73,0.0,,60,13.0,22.2,1024.2,17,3,1
2026-04-25 21:00:00+01:00,7.7,77,0.0,,57,9.3,18.5,1024.7,8,4,1
2026-04-25 22:00:00+01:00,7.0,82,0.0,,51,7.4,16.7,1025.1,0,4,1
2026-04-25 23:00:00+01:00,6.6,84,0.0,,36,7.4,14.8,1025.4,0,4,2
2026-04-26 00:00:00+01:00,6.1,85,0.0,,16,7.4,13.0,1025.6,0,4,2
2026-04-26 01:00:00+01:00,5.6,88,0.0,,12,7.4,13.0,1025.7,0,4,2
2026-04-26 02:00:00+01:00,5.1,89,0.0,,360,5.5,13.0,1025.7,0,4,2
2026-04-26 03:00:00+01:00,4.9,89,0.0,,330,5.5,11.1,1025.6,0,5,2
2026-04-26 04:00:00+01:00,4.9,88,0.0,,302,5.5,11.1,1025.6,0,4,2
2026-04-26 05:00:00+01:00,4.6,90,0.0,,321,5.5,11.1,1025.7,0,5,2
2026-04-26 06:00:00+01:00,4.9,91,0.0,,284,5.5,11.1,1025.8,5,4,2
2026-04-26 07:00:00+01:00,6.0,86,0.0,,206,5.5,11.1,1025.8,13,5,2
2026-04-26 08:00:00+01:00,7.1,82,0.0,,182,5.5,13.0,1025.8,22,6,2
2026-04-26 09:00:00+01:00,8.7,78,0.0,,177,9.3,16.7,1025.5,31,4,2
2026-04-26 10:00:00+01:00,10.2,73,0.0,,175,9.3,18.5,1025.5,33,3,2
2026-04-26 11:00:00+01:00,10.7,74,0.0,,168,11.1,20.4,1025.0,21,5,4
2026-04-26 12:00:00+01:00,11.5,72,0.0,,170,13.0,22.2,1024.7,24,5,3
2026-04-26 13:00:00+01:00,12.6,68,0.0,,168,13.0,22.2,1024.4,25,5,4
2026-04-26 14:00:00+01:00,13.1,67,0.0,,164,13.0,22.2,1024.0,29,5,4
2026-04-26 15:00:00+01:00,13.8,65,0.0,,156,13.0,22.2,1023.6,29,4,2
2026-04-26 16:00:00+01:00,14.4,66,0.0,,153,13.0,22.2,1023.4,26,4,2
2026-04-26 17:00:00+01:00,14.6,66,0.0,,140,13.0,22.2,1023.1,24,6,3
2026-04-26 18:00:00+01:00,14.5,68,0.0,,133,11.1,22.2,1022.8,16,7,4
2026-04-26 19:00:00+01:00,13.8,70,0.0,,123,9.3,18.5,1022.6,14,7,4
2026-04-26 20:00:00+01:00,12.9,74,0.0,,123,9.3,16.7,1022.9,8,7,4
2026-04-26 21:00:00+01:00,11.9,76,0.0,,303,7.4,14.8,1023.2,3,7,4
2026-04-26 22:00:00+01:00,11.3,78,0.0,,291,7.4,14.8,1023.5,0,7,4
2026-04-26 23:00:00+01:00,10.7,80,0.0,,279,7.4,13.0,1023.6,0,7,4
2026-04-27 00:00:00+01:00,10.2,80,0.0,,269,7.4,14.8,1023.7,0,7,4
2026-04-27 01:00:00+01:00,9.4,84,0.0,,266,7.4,14.8,1023.7,0,7,4
2026-04-27 02:00:00+01:00,8.8,84,0.0,,266,7.4,14.8,1023.7,0,6,4
2026-04-27 03:00:00+01:00,8.3,85,0.0,,262,7.4,14.8,1023.6,0,5,2
2026-04-27 04:00:00+01:00,7.9,87,0.0,,265,7.4,14.8,1023.5,0,4,2
2026-04-27 05:00:00+01:00,7.3,90,0.0,,265,9.3,16.7,1023.7,0,4,2
2026-04-27 06:00:00+01:00,7.4,90,0.0,,266,9.3,16.7,1023.9,8,4,2
2026-04-27 07:00:00+01:00,8.1,88,0.0,,275,9.3,18.5,1024.1,19,4,2
2026-04-27 08:00:00+01:00,9.4,83,0.0,,282,11.1,18.5,1024.3,29,4,2
2026-04-27 09:00:00+01:00,10.7,79,0.0,,294,11.1,20.4,1024.4,35,4,2
2026-04-27 10:00:00+01:00,12.1,74,0.0,,316,13.0,22.2,1024.8,35,4,2
2026-04-27 11:00:00+01:00,14.1,63,0.0,,329,11.1,22.2,1024.5,38,4,2
2026-04-27 12:00:00+01:00,14.3,62,0.0,,357,13.0,24.1,1024.7,33,5,3
2026-04-27 13:00:00+01:00,14.3,64,0.0,,8,13.0,24.1,1024.8,27,7,4
2026-04-27 14:00:00+01:00,14.4,64,0.0,,18,14.8,25.9,1025.1,23,6,4
2026-04-27 15:00:00+01:00,13.9,68,0.0,,21,16.7,27.8,1025.5,19,6,4
2026-04-27 16:00:00+01:00,13.8,69,0.3,,22,16.7,25.9,1025.7,18,6,7
2026-04-27 17:00:00+01:00,13.1,71,0.1,,24,14.8,25.9,1026.0,22,6,7
2026-04-27 18:00:00+01:00,12.4,74,0.1,,21,14.8,24.1,1026.3,21,6,7
2026-04-27 19:00:00+01:00,11.0,79,0.0,,21,14.8,24.1,1026.6,20,5,3
2026-04-27 20:00:00+01:00,10.5,82,0.0,,20,13.0,24.1,1027.0,15,5,3
2026-04-27 21:00:00+01:00,9.8,84,0.0,,14,13.0,24.1,1027.6,7,6,3
2026-04-27 22:00:00+01:00,9.3,86,0.0,,12,13.0,22.2,1028.1,0,6,4
2026-04-27 23:00:00+01:00,8.9,87,0.0,,14,11.1,20.4,1028.5,0,6,4
2026-04-28 00:00:00+01:00,8.6,88,0.0,,16,11.1,20.4,1028.9,0,6,4
2026-04-28 01:00:00+01:00,8.5,88,0.0,,20,11.1,22.2,1029.0,0,6,4
2026-04-28 02:00:00+01:00,8.1,89,0.0,,19,11.1,22.2,1029.3,0,6,4
2026-04-28 03:00:00+01:00,7.9,90,0.0,,22,13.0,22.2,1029.5,0,7,4
2026-04-28 04:00:00+01:00,7.8,90,0.0,,24,13.0,22.2,1029.9,0,7,4
2026-04-28 05:00:00+01:00,7.8,89,0.0,,24,11.1,22.2,1030.2,0,7,4
2026-04-28 06:00:00+01:00,8.0,87,0.0,,30,13.0,22.2,1030.4,0,7,4
2026-04-28 07:00:00+01:00,8.1,87,0.0,,33,13.0,22.2,1030.7,2,8,4
2026-04-28 08:00:00+01:00,8.6,81,0.0,,38,13.0,24.1,1031.0,4,8,4
2026-04-28 09:00:00+01:00,9.1,79,0.0,,43,14.8,24.1,1031.2,4,8,4
2026-04-28 10:00:00+01:00,9.6,77,0.0,,45,14.8,25.9,1031.6,5,8,4
2026-04-28 11:00:00+01:00,9.8,74,0.0,,50,16.7,27.8,1031.9,7,8,4
2026-04-28 12:00:00+01:00,9.8,72,0.0,,52,16.7,27.8,1031.9,9,7,4
2026-04-28 13:00:00+01:00,10.3,69,0.0,,53,16.7,27.8,1031.9,11,7,4
2026-04-28 14:00:00+01:00,10.2,69,0.0,,54,16.7,27.8,1032.0,10,6,4
2026-04-28 15:00:00+01:00,10.4,66,0.0,,51,18.5,27.8,1031.9,12,7,4
2026-04-28 16:00:00+01:00,10.5,65,0.0,,52,16.7,27.8,1031.8,15,6,4
2026-04-28 17:00:00+01:00,10.2,67,0.0,,56,16.7,25.9,1031.6,19,5,4
2026-04-28 18:00:00+01:00,9.9,67,0.0,,56,16.7,25.9,1031.5,22,4,4
2026-04-28 19:00:00+01:00,9.0,72,0.0,,52,14.8,24.1,1031.5,22,4,4
2026-04-28 20:00:00+01:00,8.5,74,0.0,,49,13.0,22.2,1031.7,17,5,4
2026-04-28 21:00:00+01:00,7.7,79,0.0,,40,11.1,20.4,1032.0,10,4,4
2026-04-28 22:00:00+01:00,7.2,81,0.0,,38,9.3,18.5,1032.1,0,5,4
2026-04-28 23:00:00+01:00,6.5,85,0.0,,24,9.3,16.7,1032.0,0,5,4
2026-04-29 00:00:00+01:00,6.0,88,0.0,,17,7.4,16.7,1032.1,0,3,4
2026-04-29 01:00:00+01:00,5.4,92,0.0,,17,7.4,14.8,1032.0,0,2,2
2026-04-29 02:00:00+01:00,5.0,94,0.0,,15,9.3,16.7,1032.1,0,3,1
2026-04-29 03:00:00+01:00,5.1,93,0.0,,14,9.3,16.7,1032.0,0,3,1
2026-04-29 04:00:00+01:00,5.0,95,0.0,,15,9.3,16.7,1031.9,0,3,1
2026-04-29 05:00:00+01:00,5.0,95,0.0,,19,9.3,16.7,1031.9,0,4,1
2026-04-29 06:00:00+01:00,5.4,95,0.0,,27,9.3,16.7,1032.0,7,4,1
2026-04-29 07:00:00+01:00,6.2,91,0.0,,35,9.3,16.7,1032.0,17,3,1
2026-04-29 08:00:00+01:00,7.2,87,0.0,,47,9.3,18.5,1032.2,31,4,1
2026-04-29 09:00:00+01:00,8.7,79,0.0,,56,11.1,20.4,1032.2,40,4,2
2026-04-29 10:00:00+01:00,10.2,70,0.0,,65,13.0,22.2,1032.2,47,3,2
2026-04-29 11:00:00+01:00,11.1,65,0.0,,74,14.8,24.1,1032.1,49,2,1
2026-04-29 12:00:00+01:00,11.9,58,0.0,,79,16.7,25.9,1032.0,53,1,1
2026-04-29 13:00:00+01:00,12.4,55,0.0,,84,16.7,27.8,1031.9,54,1,1
2026-04-29 14:00:00+01:00,13.0,53,0.0,,84,18.5,29.6,1031.8,52,0,1
2026-04-29 15:00:00+01:00,13.2,52,0.0,,81,20.4,31.5,1031.5,53,0,1
2026-04-29 16:00:00+01:00,13.1,52,0.0,,79,20.4,31.5,1031.0,50,0,1
2026-04-29 17:00:00+01:00,13.1,51,0.0,,80,20.4,31.5,1030.9,52,0,1
2026-04-29 18:00:00+01:00,12.5,53,0.0,,79,18.5,29.6,1030.7,51,0,1
2026-04-29 19:00:00+01:00,11.4,58,0.0,,75,16.7,27.8,1030.6,46,0,1
2026-04-29 20:00:00+01:00,10.2,63,0.0,,67,14.8,24.1,1030.8,36,1,1
2026-04-29 21:00:00+01:00,8.6,71,0.0,,59,13.0,22.2,1030.9,21,1,1
2026-04-29 22:00:00+01:00,7.5,76,0.0,,57,11.1,20.4,1030.9,0,1,1
2026-04-29 23:00:00+01:00,6.8,81,0.0,,48,9.3,18.5,1030.8,0,1,1
2026-04-30 00:00:00+01:00,6.0,84,0.0,,47,9.3,18.5,1030.8,0,1,1
2026-04-30 01:00:00+01:00,5.4,88,0.0,,51,9.3,18.5,1030.5,0,1,1
2026-04-30 02:00:00+01:00,4.9,89,0.0,,52,9.3,18.5,1030.2,0,1,1
2026-04-30 03:00:00+01:00,4.6,89,0.0,,54,9.3,18.5,1029.8,0,1,1
2026-04-30 04:00:00+01:00,4.3,90,0.0,,54,9.3,18.5,1029.4,0,2,1
2026-04-30 05:00:00+01:00,4.5,91,0.0,,54,9.3,18.5,1029.2,0,2,1
2026-04-30 06:00:00+01:00,4.9,91,0.0,,61,9.3,16.7,1029.0,9,2,1
2026-04-30 07:00:00+01:00,6.1,88,0.0,,65,9.3,16.7,1028.7,20,2,1
2026-04-30 08:00:00+01:00,7.9,85,0.0,,70,11.1,18.5,1028.6,31,2,1
2026-04-30 09:00:00+01:00,9.6,78,0.0,,75,13.0,22.2,1028.3,41,2,1
2026-04-30 10:00:00+01:00,11.2,71,0.0,,80,14.8,25.9,1028.0,47,2,1
2026-04-30 11:00:00+01:00,13.7,59,0.0,,89,16.7,27.8,1027.0,58,2,1
2026-04-30 12:00:00+01:00,14.3,56,0.0,,95,18.5,29.6,1026.3,59,1,1
2026-04-30 13:00:00+01:00,14.8,53,0.0,,99,20.4,31.5,1025.8,60,1,1
2026-04-30 14:00:00+01:00,14.9,52,0.0,,100,22.2,33.3,1025.3,60,0,1
2026-04-30 15:00:00+01:00,15.1,50,0.0,,101,22.2,35.2,1024.7,60,0,1
2026-04-30 16:00:00+01:00,15.6,48,0.0,,102,22.2,35.2,1024.3,60,0,1
2026-04-30 17:00:00+01:00,15.5,47,0.0,,100,22.2,33.3,1023.8,60,0,1
2026-04-30 18:00:00+01:00,14.7,49,0.0,,99,20.4,33.3,1023.4,56,0,1
2026-04-30 19:00:00+01:00,13.1,52,0.0,,96,16.7,29.6,1023.3,50,0,1
2026-04-30 20:00:00+01:00,11.2,58,0.0,,90,14.8,24.1,1023.4,39,0,1
2026-04-30 21:00:00+01:00,9.7,63,0.0,,79,11.1,20.4,1023.6,23,0,1
2026-04-30 22:00:00+01:00,8.4,67,0.0,,70,9.3,16.7,1023.7,0,0,1
2026-04-30 23:00:00+01:00,7.7,69,0.0,,59,7.4,16.7,1023.6,0,0,1
2026-05-01 00:00:00+01:00,6.8,71,0.0,,14,7.4,14.8,1023.4,0,0,1
2026-05-01 01:00:00+01:00,6.0,75,0.0,,308,7.4,13.0,1022.9,0,1,1
2026-05-01 02:00:00+01:00,5.3,76,0.0,,295,7.4,13.0,1022.5,0,0,1
2026-05-01 03:00:00+01:00,4.6,78,0.0,,280,7.4,13.0,1022.1,0,0,1
2026-05-01 04:00:00+01:00,4.1,81,0.0,,281,5.5,13.0,1021.7,0,1,1
2026-05-01 05:00:00+01:00,4.1,81,0.0,,291,5.5,14.8,1021.5,0,1,1
2026-05-01 06:00:00+01:00,4.5,81,0.0,,276,5.5,13.0,1021.2,13,2,1
2026-05-01 07:00:00+01:00,6.0,78,0.0,,269,5.5,13.0,1021.0,27,2,1
2026-05-01 08:00:00+01:00,8.2,74,0.0,,242,5.5,13.0,1020.8,45,2,1
2026-05-01 09:00:00+01:00,11.1,66,0.0,,212,7.4,14.8,1020.4,57,1,1
2026-05-01 10:00:00+01:00,13.6,59,0.0,,187,9.3,16.7,1020.3,60,2,1
2026-05-01 11:00:00+01:00,15.5,54,0.0,,169,9.3,20.4,1019.6,60,1,1
2026-05-01 12:00:00+01:00,17.3,49,0.0,,160,11.1,22.2,1019.0,59,2,1
2026-05-01 13:00:00+01:00,18.2,49,0.0,,160,13.0,24.1,1018.3,58,1,1
2026-05-01 14:00:00+01:00,19.2,46,0.0,,151,13.0,24.1,1017.7,54,1,1
2026-05-01 15:00:00+01:00,19.5,48,0.0,,150,14.8,25.9,1017.1,50,2,1
2026-05-01 16:00:00+01:00,19.6,50,0.0,,166,14.8,25.9,1016.7,45,3,1
2026-05-01 17:00:00+01:00,20.0,53,0.0,,185,14.8,25.9,1016.4,44,2,1
2026-05-01 18:00:00+01:00,18.8,57,0.0,,215,13.0,25.9,1016.2,31,4,1
2026-05-01 19:00:00+01:00,16.7,63,0.0,,264,11.1,22.2,1016.1,22,5,1
2026-05-01 20:00:00+01:00,15.9,66,0.0,,274,9.3,18.5,1016.0,16,5,4
2026-05-01 21:00:00+01:00,14.5,73,0.0,,275,9.3,18.5,1016.4,11,6,4
2026-05-01 22:00:00+01:00,13.5,78,1.1,,273,9.3,18.5,1016.4,0,7,7
2026-05-01 23:00:00+01:00,12.8,81,0.0,,269,9.3,16.7,1016.6,0,7,4
2026-05-02 00:00:00+01:00,12.1,81,0.0,,246,9.3,16.7,1016.4,0,6,4
2026-05-02 01:00:00+01:00,11.2,84,0.0,,245,9.3,16.7,1016.4,0,5,4
2026-05-02 02:00:00+01:00,10.7,84,0.0,,247,9.3,18.5,1016.0,0,6,4
2026-05-02 03:00:00+01:00,10.0,85,0.0,,247,9.3,18.5,1015.6,0,7,4
2026-05-02 04:00:00+01:00,9.5,84,0.0,,245,9.3,18.5,1015.4,0,7,4
2026-05-02 05:00:00+01:00,9.2,86,0.0,,241,9.3,18.5,1015.0,0,6,4
2026-05-02 06:00:00+01:00,9.1,87,0.0,,240,11.1,18.5,1014.9,6,6,3
2026-05-02 07:00:00+01:00,9.7,87,0.0,,233,11.1,20.4,1014.8,15,6,3
2026-05-02 08:00:00+01:00,10.7,84,0.0,,233,13.0,22.2,1014.6,26,5,3
2026-05-02 09:00:00+01:00,11.9,81,0.0,,234,14.8,24.1,1014.4,33,6,3
2026-05-02 10:00:00+01:00,13.2,76,0.0,,232,16.7,25.9,1014.3,31,6,3
2026-05-02 11:00:00+01:00,14.4,71,0.0,,234,16.7,25.9,1014.2,32,6,3
2026-05-02 12:00:00+01:00,15.3,67,0.0,,237,16.7,25.9,1013.9,34,8,4
2026-05-02 13:00:00+01:00,15.8,66,0.0,,235,14.8,24.1,1013.7,32,8,4
2026-05-02 14:00:00+01:00,16.4,64,0.0,,234,14.8,24.1,1013.4,31,8,4
2026-05-02 15:00:00+01:00,16.6,62,0.0,,232,14.8,24.1,1013.1,26,7,4
2026-05-02 16:00:00+01:00,16.7,61,0.0,,228,13.0,22.2,1013.0,24,6,4
2026-05-02 17:00:00+01:00,16.3,62,0.0,,241,13.0,22.2,1012.6,21,7,4
2026-05-02 18:00:00+01:00,15.7,64,0.0,,266,11.1,22.2,1012.4,18,7,4
2026-05-02 19:00:00+01:00,14.6,67,0.0,,291,9.3,18.5,1012.4,14,8,4
2026-05-02 20:00:00+01:00,14.1,68,0.0,,324,9.3,16.7,1012.4,10,8,4
2026-05-02 21:00:00+01:00,13.3,72,0.0,,331,7.4,14.8,1012.6,4,8,4
2026-05-02 22:00:00+01:00,12.3,78,0.0,,352,7.4,14.8,1012.6,0,8,4
2026-05-02 23:00:00+01:00,11.6,82,0.0,,357,7.4,14.8,1012.6,0,8,4
2026-05-03 00:00:00+01:00,11.1,86,0.0,,360,7.4,14.8,1012.5,0,8,4
2026-05-03 01:00:00+01:00,10.7,88,0.0,,1,9.3,16.7,1012.1,0,8,7
2026-05-03 02:00:00+01:00,10.3,92,0.6,,5,9.3,18.5,1011.9,0,8,7
2026-05-03 03:00:00+01:00,9.9,94,0.7,,10,11.1,18.5,1011.7,0,8,7
2026-05-03 04:00:00+01:00,9.9,94,0.7,,14,11.1,20.4,1011.2,0,8,7
2026-05-03 05:00:00+01:00,9.7,95,0.6,,18,11.1,20.4,1011.0,0,8,7
2026-05-03 06:00:00+01:00,9.7,97,0.7,,23,13.0,22.2,1010.8,0,8,7
2026-05-03 07:00:00+01:00,9.7,97,0.7,,27,14.8,24.1,1010.6,0,8,7
2026-05-03 08:00:00+01:00,10.2,94,0.8,,31,14.8,24.1,1010.9,0,8,8
2026-05-03 09:00:00+01:00,10.0,94,0.8,,31,14.8,25.9,1011.1,0,8,8
2026-05-03 10:00:00+01:00,10.3,91,0.8,,32,16.7,25.9,1011.3,0,8,8
2026-05-03 11:00:00+01:00,10.5,90,0.8,,35,16.7,25.9,1011.3,0,8,7
2026-05-03 12:00:00+01:00,10.7,89,0.7,,33,16.7,25.9,1011.0,0,8,7
2026-05-03 13:00:00+01:00,10.5,88,0.7,,32,18.5,27.8,1011.0,0,8,7
2026-05-03 14:00:00+01:00,10.3,88,0.3,,27,20.4,29.6,1011.1,0,8,7
2026-05-03 15:00:00+01:00,10.5,84,0.3,,25,20.4,29.6,1011.2,0,8,7
2026-05-03 16:00:00+01:00,10.5,82,0.3,,25,18.5,31.5,1011.2,0,8,7
2026-05-03 17:00:00+01:00,9.1,90,0.5,,24,18.5,29.6,1012.1,0,8,7
2026-05-03 18:00:00+01:00,8.8,90,0.5,,24,16.7,27.8,1012.3,0,8,7
2026-05-03 19:00:00+01:00,8.7,90,0.4,,25,14.8,25.9,1012.5,0,8,7
2026-05-03 20:00:00+01:00,8.5,89,0.1,,25,13.0,24.1,1012.9,0,8,7
2026-05-03 21:00:00+01:00,8.3,89,0.1,,23,11.1,22.2,1013.3,0,8,7
2026-05-03 22:00:00+01:00,8.1,90,0.1,,24,11.1,20.4,1013.6,0,8,7
2026-05-03 23:00:00+01:00,7.7,92,0.0,,18,9.3,16.7,1013.9,0,8,7
2026-05-04 00:00:00+01:00,7.4,92,0.0,,15,7.4,14.8,1014.1,0,8,7
2026-05-04 01:00:00+01:00,7.0,94,0.0,,3,5.5,13.0,1014.2,0,8,4
2026-05-04 02:00:00+01:00,6.7,93,0.0,,355,5.5,13.0,1014.3,0,8,4
2026-05-04 03:00:00+01:00,6.3,93,0.0,,345,5.5,13.0,1014.4,0,8,4
2026-05-04 04:00:00+01:00,6.2,93,0.0,,330,5.5,11.1,1014.4,0,8,4
2026-05-04 05:00:00+01:00,6.1,95,0.0,,313,5.5,11.1,1014.5,0,7,4
2026-05-04 06:00:00+01:00,6.1,95,0.0,,295,5.5,11.1,1014.6,4,7,4
2026-05-04 07:00:00+01:00,6.4,95,0.0,,244,5.5,11.1,1014.6,11,7,4
2026-05-04 08:00:00+01:00,7.8,88,0.0,,223,7.4,13.0,1014.7,17,7,4
2026-05-04 09:00:00+01:00,9.2,82,0.0,,202,7.4,14.8,1014.7,22,7,4
2026-05-04 10:00:00+01:00,10.6,76,0.0,,195,9.3,18.5,1014.8,24,7,4
2026-05-04 11:00:00+01:00,12.0,70,0.0,,194,11.1,20.4,1014.7,25,7,4
2026-05-04 12:00:00+01:00,13.1,66,0.0,,199,11.1,20.4,1014.4,27,7,4
2026-05-04 13:00:00+01:00,13.5,66,0.0,,206,13.0,22.2,1014.2,27,7,4
2026-05-04 14:00:00+01:00,14.1,63,0.0,,208,13.0,22.2,1014.0,27,7,4
2026-05-04 15:00:00+01:00,14.7,60,0.0,,211,13.0,22.2,1013.9,25,6,4
2026-05-04 16:00:00+01:00,14.8,60,0.0,,210,13.0,22.2,1014.0,23,6,4
2026-05-04 17:00:00+01:00,14.8,59,0.0,,227,13.0,24.1,1013.6,21,6,4
2026-05-04 18:00:00+01:00,14.6,60,0.0,,254,13.0,22.2,1013.6,22,6,4
2026-05-04 19:00:00+01:00,13.4,63,0.0,,277,11.1,20.4,1013.6,21,5,4
2026-05-04 20:00:00+01:00,12.9,65,0.0,,295,9.3,18.5,1013.8,19,5,4
2026-05-04 21:00:00+01:00,11.7,70,0.0,,299,7.4,16.7,1014.1,11,5,4
2026-05-04 22:00:00+01:00,10.6,74,0.0,,299,7.4,14.8,1014.4,0,5,4
2026-05-04 23:00:00+01:00,9.6,72,0.0,,282,7.4,14.8,1014.6,0,4,2
2026-05-05 00:00:00+01:00,8.8,74,0.0,,278,9.3,16.7,1014.4,0,4,2
2026-05-05 01:00:00+01:00,7.9,78,0.0,,274,9.3,18.5,1014.4,0,3,2
2026-05-05 02:00:00+01:00,6.9,82,0.0,,272,9.3,18.5,1014.2,0,4,2
2026-05-05 03:00:00+01:00,6.6,82,0.0,,271,9.3,18.5,1014.0,0,3,2
2026-05-05 04:00:00+01:00,6.0,86,0.0,,270,9.3,16.7,1013.9,0,4,2
2026-05-05 05:00:00+01:00,5.8,86,0.0,,272,9.3,18.5,1013.7,0,3,2
2026-05-05 06:00:00+01:00,6.0,88,0.0,,272,9.3,18.5,1013.8,9,3,2
2026-05-05 07:00:00+01:00,6.8,86,0.0,,274,11.1,18.5,1013.7,21,4,2
2026-05-05 08:00:00+01:00,7.7,84,0.0,,281,11.1,18.5,1013.9,30,4,2
2026-05-05 09:00:00+01:00,9.0,79,0.0,,296,11.1,20.4,1014.1,32,5,3
2026-05-05 10:00:00+01:00,10.2,73,0.0,,323,11.1,20.4,1014.3,29,7,4
2026-05-05 11:00:00+01:00,10.8,70,0.0,,347,11.1,22.2,1014.6,24,8,4
2026-05-05 12:00:00+01:00,11.4,67,0.0,,358,11.1,24.1,1014.8,18,8,4
2026-05-05 13:00:00+01:00,11.6,66,0.0,,11,14.8,25.9,1015.1,14,8,4
2026-05-05 14:00:00+01:00,11.4,68,0.0,,19,14.8,27.8,1015.2,10,8,4
2026-05-05 15:00:00+01:00,11.1,70,0.0,,19,16.7,29.6,1015.2,8,7,4
2026-05-05 16:00:00+01:00,10.9,70,0.0,,25,18.5,31.5,1015.4,6,7,4
2026-05-05 17:00:00+01:00,9.8,67,0.0,,24,20.4,35.2,1015.9,8,8,4
2026-05-05 18:00:00+01:00,9.2,68,0.0,,24,20.4,35.2,1016.1,8,7,4
2026-05-05 19:00:00+01:00,8.6,69,0.0,,26,18.5,31.5,1016.3,10,7,4
2026-05-05 20:00:00+01:00,7.9,72,0.0,,27,16.7,29.6,1016.6,8,7,4
2026-05-05 21:00:00+01:00,7.2,76,0.0,,27,14.8,27.8,1016.8,4,7,4
2026-05-05 22:00:00+01:00,6.7,76,0.0,,24,13.0,24.1,1017.1,0,7,4
2026-05-05 23:00:00+01:00,5.9,79,0.0,,19,11.1,20.4,1017.1,0,6,4
2026-05-06 00:00:00+01:00,5.3,79,0.0,,16,11.1,18.5,1017.1,0,6,4
2026-05-06 01:00:00+01:00,4.6,82,0.0,,11,9.3,18.5,1016.9,0,4,3
2026-05-06 02:00:00+01:00,3.8,82,0.0,,4,9.3,18.5,1016.8,0,5,2
2026-05-06 03:00:00+01:00,3.2,84,0.0,,2,9.3,16.7,1016.7,0,5,3
2026-05-06 04:00:00+01:00,2.5,87,0.0,,360,9.3,16.7,1016.6,0,5,3
2026-05-06 05:00:00+01:00,2.3,87,0.0,,356,7.4,16.7,1016.3,0,5,3
2026-05-06 06:00:00+01:00,2.5,87,0.0,,358,7.4,16.7,1016.4,7,5,3
2026-05-06 07:00:00+01:00,3.4,84,0.0,,3,9.3,16.7,1016.3,16,5,3
2026-05-06 08:00:00+01:00,4.5,80,0.0,,16,9.3,18.5,1016.3,25,5,4
2026-05-06 09:00:00+01:00,6.2,71,0.0,,33,9.3,18.5,1016.2,28,6,4
2026-05-06 10:00:00+01:00,7.6,64,0.0,,44,11.1,20.4,1016.5,29,7,4
2026-05-06 11:00:00+01:00,8.6,59,0.0,,55,11.1,20.4,1016.5,25,7,4
2026-05-06 12:00:00+01:00,9.1,56,0.0,,61,13.0,22.2,1016.3,22,7,4
2026-05-06 13:00:00+01:00,9.5,55,0.0,,65,13.0,24.1,1016.2,19,6,4
2026-05-06 14:00:00+01:00,9.7,54,0.0,,69,14.8,24.1,1016.0,21,6,4
2026-05-06 15:00:00+01:00,9.8,54,0.0,,72,14.8,25.9,1015.8,21,6,4
2026-05-06 16:00:00+01:00,10.0,52,0.0,,75,14.8,25.9,1015.7,22,6,4
2026-05-06 17:00:00+01:00,10.4,50,0.0,,81,14.8,24.1,1015.5,25,5,4
2026-05-06 18:00:00+01:00,9.8,51,0.0,,81,13.0,24.1,1015.6,25,4,3
2026-05-06 19:00:00+01:00,8.8,54,0.0,,83,11.1,20.4,1015.4,26,4,2
2026-05-06 20:00:00+01:00,8.3,56,0.0,,79,9.3,18.5,1015.4,22,4,2
2026-05-06 21:00:00+01:00,7.2,61,0.0,,75,7.4,14.8,1015.4,12,4,2
2026-05-06 22:00:00+01:00,6.5,64,0.0,,66,5.5,13.0,1015.4,0,4,2
2026-05-06 23:00:00+01:00,5.9,67,0.0,,29,5.5,11.1,1015.6,0,4,2
2026-05-07 00:00:00+01:00,5.2,71,0.0,,284,5.5,11.1,1015.6,0,5,2
2026-05-07 01:00:00+01:00,4.6,76,0.0,,252,5.5,11.1,1015.6,0,4,2
2026-05-07 02:00:00+01:00,4.0,80,0.0,,256,5.5,11.1,1015.4,0,3,2
2026-05-07 03:00:00+01:00,3.7,82,0.0,,254,5.5,13.0,1015.2,0,4,2
2026-05-07 04:00:00+01:00,3.5,84,0.0,,250,7.4,13.0,1015.0,0,4,2
2026-05-07 05:00:00+01:00,3.4,87,0.0,,247,7.4,13.0,1014.8,0,4,2
2026-05-07 06:00:00+01:00,4.0,84,0.0,,240,5.5,13.0,1014.8,8,4,2
2026-05-07 07:00:00+01:00,5.3,82,0.0,,225,7.4,13.0,1014.6,19,3,2
2026-05-07 08:00:00+01:00,6.9,78,0.0,,204,7.4,14.8,1014.8,27,4,2
2026-05-07 09:00:00+01:00,8.6,73,0.0,,191,9.3,18.5,1014.8,32,4,2
2026-05-07 10:00:00+01:00,10.2,68,0.0,,184,11.1,22.2,1014.7,29,6,2
2026-05-07 11:00:00+01:00,11.2,64,0.0,,184,14.8,25.9,1014.6,27,6,3
2026-05-07 12:00:00+01:00,12.0,61,0.0,,186,16.7,27.8,1014.4,24,7,3
2026-05-07 13:00:00+01:00,12.5,61,0.0,,188,18.5,29.6,1014.1,20,8,4
2026-05-07 14:00:00+01:00,12.8,61,0.0,,187,20.4,31.5,1013.8,15,8,4
2026-05-07 15:00:00+01:00,13.2,60,0.0,,190,20.4,33.3,1013.4,10,8,4
2026-05-07 16:00:00+01:00,13.1,61,0.0,,190,20.4,33.3,1013.1,10,8,4
2026-05-07 17:00:00+01:00,13.4,62,0.0,,193,20.4,33.3,1013.5,11,6,4
2026-05-07 18:00:00+01:00,13.5,61,0.0,,193,18.5,31.5,1013.3,10,6,4
2026-05-07 19:00:00+01:00,12.3,65,0.0,,192,16.7,27.8,1013.2,9,7,4
2026-05-07 20:00:00+01:00,12.3,64,0.0,,191,14.8,24.1,1013.4,7,7,4
2026-05-07 21:00:00+01:00,11.9,67,0.0,,193,13.0,22.2,1013.7,4,7,4
2026-05-07 22:00:00+01:00,11.2,70,0.0,,192,11.1,20.4,1013.9,0,7,4
2026-05-07 23:00:00+01:00,10.6,73,0.0,,193,9.3,18.5,1014.2,0,6,4
2026-05-08 00:00:00+01:00,10.2,75,0.0,,199,9.3,18.5,1014.3,0,6,4
2026-05-08 01:00:00+01:00,9.6,77,0.0,,207,9.3,16.7,1014.4,0,6,4
2026-05-08 02:00:00+01:00,9.2,79,0.0,,214,9.3,16.7,1014.4,0,5,4
2026-05-08 03:00:00+01:00,8.6,82,0.0,,220,9.3,16.7,1014.4,0,5,3
2026-05-08 04:00:00+01:00,8.3,83,0.0,,224,9.3,16.7,1014.4,0,4,2
2026-05-08 05:00:00+01:00,7.9,85,0.0,,225,7.4,14.8,1014.4,0,4,2
2026-05-08 06:00:00+01:00,8.1,84,0.0,,227,7.4,14.8,1014.5,9,4,2
2026-05-08 07:00:00+01:00,8.8,84,0.0,,223,7.4,16.7,1014.6,21,3,2
2026-05-08 08:00:00+01:00,10.1,78,0.0,,219,9.3,16.7,1015.0,30,3,2
2026-05-08 09:00:00+01:00,11.6,74,0.0,,214,11.1,20.4,1015.3,37,3,2
2026-05-08 10:00:00+01:00,12.9,69,0.0,,208,13.0,22.2,1015.5,36,4,2
2026-05-08 11:00:00+01:00,14.1,64,0.0,,207,13.0,24.1,1015.9,34,5,2
2026-05-08 12:00:00+01:00,14.7,61,0.0,,204,14.8,24.1,1016.0,33,5,3
2026-05-08 13:00:00+01:00,14.8,62,0.0,,203,14.8,24.1,1016.0,30,6,3
2026-05-08 14:00:00+01:00,15.0,62,0.0,,198,13.0,24.1,1016.1,26,6,4
2026-05-08 15:00:00+01:00,14.9,63,0.0,,198,13.0,22.2,1016.2,22,7,7
2026-05-08 16:00:00+01:00,14.7,66,0.0,,199,11.1,20.4,1016.5,19,7,7
2026-05-08 17:00:00+01:00,14.3,70,0.1,,168,9.3,18.5,1017.1,14,6,7
2026-05-08 18:00:00+01:00,13.7,72,0.1,,173,7.4,18.5,1017.6,9,6,7
2026-05-08 19:00:00+01:00,12.8,75,0.1,,146,7.4,16.7,1017.9,7,7,7
2026-05-08 20:00:00+01:00,12.4,77,0.1,,7,7.4,13.0,1018.3,6,7,7
2026-05-08 21:00:00+01:00,11.7,81,0.1,,342,5.5,13.0,1018.8,4,8,7
2026-05-08 22:00:00+01:00,11.2,84,0.1,,334,5.5,11.1,1019.2,0,8,7
2026-05-08 23:00:00+01:00,10.4,87,0.0,,334,5.5,11.1,1019.5,0,8,4
2026-05-09 00:00:00+01:00,9.7,90,0.0,,325,5.5,11.1,1019.8,0,8,4
2026-05-09 01:00:00+01:00,9.3,92,0.3,,326,5.5,11.1,1019.9,0,8,7
2026-05-09 02:00:00+01:00,8.7,95,0.3,,329,5.5,11.1,1020.1,0,8,7
2026-05-09 03:00:00+01:00,8.5,96,0.4,,337,5.5,11.1,1020.0,0,8,7
2026-05-09 04:00:00+01:00,8.4,98,0.4,,339,7.4,13.0,1020.0,0,8,7
2026-05-09 05:00:00+01:00,8.2,99,0.4,,352,7.4,14.8,1020.1,0,8,7
2026-05-09 06:00:00+01:00,8.3,100,0.4,,2,9.3,16.7,1020.4,1,8,7
2026-05-09 07:00:00+01:00,8.4,99,0.4,,7,11.1,20.4,1020.6,3,8,7
2026-05-09 08:00:00+01:00,8.6,97,0.5,,10,13.0,24.1,1020.9,2,8,7
2026-05-09 09:00:00+01:00,8.9,93,0.5,,15,14.8,25.9,1021.2,0,8,7
2026-05-09 10:00:00+01:00,9.3,90,0.6,,15,16.7,27.8,1021.8,0,8,7
2026-05-09 11:00:00+01:00,9.4,88,0.6,,17,18.5,31.5,1022.1,0,8,7
2026-05-09 12:00:00+01:00,9.4,86,0.6,,18,18.5,31.5,1022.1,0,8,7
2026-05-09 13:00:00+01:00,9.5,83,0.6,,16,18.5,33.3,1022.3,0,8,7
2026-05-09 14:00:00+01:00,9.5,81,0.6,,19,20.4,33.3,1022.6,0,8,7
2026-05-09 15:00:00+01:00,9.2,80,0.5,,18,20.4,35.2,1022.7,0,8,7
2026-05-09 16:00:00+01:00,9.3,77,0.5,,18,20.4,35.2,1022.9,0,8,7
2026-05-09 17:00:00+01:00,8.4,82,0.3,,24,20.4,33.3,1023.3,0,8,7
2026-05-09 18:00:00+01:00,7.9,82,0.3,,26,18.5,31.5,1023.3,0,8,7
2026-05-09 19:00:00+01:00,7.7,82,0.2,,28,16.7,27.8,1023.6,1,8,7
2026-05-09 20:00:00+01:00,7.3,83,0.2,,26,14.8,25.9,1023.8,1,8,7
2026-05-09 21:00:00+01:00,6.8,85,0.0,,23,13.0,24.1,1024.0,1,7,4
2026-05-09 22:00:00+01:00,6.5,85,0.0,,19,11.1,20.4,1024.3,0,6,4
2026-05-09 23:00:00+01:00,6.0,86,0.0,,8,9.3,18.5,1024.5,0,6,4
2026-05-10 00:00:00+01:00,5.5,88,0.0,,4,9.3,18.5,1024.6,0,6,4
2026-05-10 01:00:00+01:00,4.9,90,0.0,,358,9.3,16.7,1024.6,0,5,3
2026-05-10 02:00:00+01:00,4.2,91,0.0,,352,9.3,18.5,1024.4,0,5,3
2026-05-10 03:00:00+01:00,3.6,92,0.0,,347,9.3,16.7,1024.3,0,4,2
2026-05-10 04:00:00+01:00,3.0,96,0.0,,344,9.3,16.7,1024.2,0,4,2
2026-05-10 05:00:00+01:00,2.9,95,0.0,,339,7.4,16.7,1023.9,0,4,2
2026-05-10 06:00:00+01:00,3.0,96,0.0,,335,7.4,14.8,1023.8,10,3,1
2026-05-10 07:00:00+01:00,3.9,93,0.0,,329,7.4,14.8,1023.6,22,4,1
2026-05-10 08:00:00+01:00,5.5,85,0.0,,329,7.4,16.7,1023.3,31,4,1
2026-05-10 09:00:00+01:00,7.2,77,0.0,,340,9.3,16.7,1023.0,36,4,2
2026-05-10 10:00:00+01:00,8.6,70,0.0,,351,9.3,16.7,1022.8,37,5,3
2026-05-10 11:00:00+01:00,10.1,58,0.0,,357,7.4,16.7,1021.9,37,4,2
2026-05-10 12:00:00+01:00,10.7,56,0.0,,6,7.4,16.7,1021.2,31,6,4
2026-05-10 13:00:00+01:00,11.0,55,0.0,,19,7.4,16.7,1020.6,28,7,4
2026-05-10 14:00:00+01:00,11.2,54,0.0,,26,9.3,18.5,1019.9,26,8,4
2026-05-10 15:00:00+01:00,11.4,54,0.0,,32,9.3,18.5,1019.1,24,7,4
2026-05-10 16:00:00+01:00,11.6,55,0.0,,170,11.1,20.4,1018.3,21,7,4
2026-05-10 17:00:00+01:00,11.7,54,0.0,,234,11.1,22.2,1017.2,21,6,4
2026-05-10 18:00:00+01:00,11.4,56,0.0,,239,13.0,22.2,1016.0,24,6,4
2026-05-10 19:00:00+01:00,10.6,59,0.0,,247,13.0,22.2,1014.9,27,5,3
2026-05-10 20:00:00+01:00,10.3,61,0.0,,253,11.1,22.2,1014.1,23,5,3
2026-05-10 21:00:00+01:00,9.6,65,0.0,,261,11.1,22.2,1013.5,16,5,3
2026-05-10 22:00:00+01:00,9.2,68,0.0,,263,13.0,24.1,1012.8,0,5,4
2026-05-10 23:00:00+01:00,8.5,71,0.0,,269,13.0,24.1,1012.4,0,4,4
2026-05-11 00:00:00+01:00,8.2,73,0.0,,280,13.0,24.1,1011.8,0,5,4
2026-05-11 01:00:00+01:00,7.5,75,0.0,,284,13.0,24.1,1011.5,0,7,4
2026-05-11 02:00:00+01:00,6.9,76,0.0,,300,13.0,24.1,1011.5,0,7,4
2026-05-11 03:00:00+01:00,6.3,79,0.0,,313,11.1,22.2,1011.6,0,7,4
2026-05-11 04:00:00+01:00,5.4,81,0.2,,327,11.1,20.4,1011.7,0,7,7
2026-05-11 05:00:00+01:00,4.9,83,0.1,,332,13.0,22.2,1011.8,0,7,7
2026-05-11 06:00:00+01:00,4.9,82,0.1,,338,13.0,22.2,1012.2,7,6,7
2026-05-11 07:00:00+01:00,5.1,83,0.0,,338,13.0,24.1,1012.2,15,6,4
2026-05-11 08:00:00+01:00,5.8,79,0.0,,342,14.8,25.9,1012.7,21,6,4
2026-05-11 09:00:00+01:00,6.8,72,0.0,,348,16.7,27.8,1012.9,25,6,4
2026-05-11 10:00:00+01:00,7.8,67,0.0,,353,16.7,29.6,1013.4,25,7,4
2026-05-11 11:00:00+01:00,8.5,59,0.0,,358,20.4,33.3,1013.6,26,6,4
2026-05-11 12:00:00+01:00,8.7,57,0.0,,1,20.4,35.2,1013.6,23,7,4
2026-05-11 13:00:00+01:00,8.8,57,0.0,,5,20.4,33.3,1013.8,22,7,4
2026-05-11 14:00:00+01:00,8.8,56,0.0,,6,18.5,33.3,1014.0,22,7,4
2026-05-11 15:00:00+01:00,9.0,55,0.0,,5,18.5,31.5,1014.2,21,7,4
2026-05-11 16:00:00+01:00,9.2,54,0.0,,6,16.7,29.6,1013.8,19,7,4
2026-05-11 17:00:00+01:00,9.4,53,0.0,,14,14.8,25.9,1014.1,19,7,4
2026-05-11 18:00:00+01:00,9.4,52,0.0,,20,13.0,24.1,1014.3,19,6,4
2026-05-11 19:00:00+01:00,8.9,54,0.0,,24,9.3,18.5,1014.5,20,6,4
2026-05-11 20:00:00+01:00,8.0,59,0.0,,25,7.4,16.7,1014.5,16,5,3
2026-05-11 21:00:00+01:00,6.9,64,0.0,,8,5.5,13.0,1014.4,10,5,3
2026-05-11 22:00:00+01:00,6.3,67,0.0,,304,5.5,11.1,1014.3,4,4,2
2026-05-11 23:00:00+01:00,5.7,71,0.0,,273,5.5,13.0,1014.2,0,5,2
2026-05-12 00:00:00+01:00,5.4,72,0.0,,242,5.5,13.0,1014.0,0,5,3
2026-05-12 01:00:00+01:00,4.9,75,0.0,,243,7.4,14.8,1013.4,0,5,3
2026-05-12 02:00:00+01:00,4.8,76,0.0,,235,9.3,16.7,1013.1,0,5,4
2026-05-12 03:00:00+01:00,4.7,78,0.0,,234,9.3,16.7,1012.6,0,5,4
2026-05-12 04:00:00+01:00,5.0,79,0.0,,234,9.3,18.5,1012.3,0,6,4
2026-05-12 05:00:00+01:00,5.2,81,0.0,,236,11.1,20.4,1011.7,0,6,4
2026-05-12 06:00:00+01:00,5.7,83,0.0,,235,11.1,20.4,1011.1,3,7,4
2026-05-12 07:00:00+01:00,6.9,82,0.0,,234,14.8,24.1,1010.6,8,8,4
2026-05-12 08:00:00+01:00,7.8,80,0.0,,240,14.8,27.8,1010.2,13,8,4
2026-05-12 09:00:00+01:00,8.6,80,0.0,,249,18.5,31.5,1009.8,15,7,4
2026-05-12 10:00:00+01:00,10.0,75,0.0,,256,20.4,33.3,1009.6,17,7,4
2026-05-12 11:00:00+01:00,11.2,66,0.0,,267,22.2,37.0,1008.6,21,8,4
2026-05-12 12:00:00+01:00,11.9,62,0.0,,274,24.1,38.9,1008.2,27,7,4
2026-05-12 13:00:00+01:00,12.6,58,0.0,,281,24.1,40.8,1007.9,33,7,4
2026-05-12 14:00:00+01:00,13.3,54,0.0,,283,24.1,40.8,1007.8,37,6,4
2026-05-12 15:00:00+01:00,13.3,53,0.0,,286,22.2,40.8,1007.7,40,5,3
2026-05-12 16:00:00+01:00,13.4,51,0.0,,287,22.2,38.9,1007.9,37,5,3
2026-05-12 17:00:00+01:00,13.1,51,0.0,,286,20.4,35.2,1007.5,37,5,3
2026-05-12 18:00:00+01:00,12.5,52,0.0,,283,18.5,31.5,1007.3,35,4,2
2026-05-12 19:00:00+01:00,11.4,55,0.0,,275,16.7,29.6,1007.0,36,3,2
2026-05-12 20:00:00+01:00,10.6,58,0.0,,268,14.8,25.9,1006.4,30,3,2
2026-05-12 21:00:00+01:00,9.4,62,0.0,,259,13.0,24.1,1005.9,19,3,1
2026-05-12 22:00:00+01:00,8.5,67,0.0,,250,11.1,22.2,1005.3,7,2,1
2026-05-12 23:00:00+01:00,7.7,71,0.0,,242,11.1,20.4,1004.3,0,2,1
2026-05-13 00:00:00+01:00,7.3,74,0.0,,231,11.1,20.4,1003.2,0,3,1
2026-05-13 01:00:00+01:00,7.0,77,0.0,,230,11.1,20.4,1002.0,0,4,2
2026-05-13 02:00:00+01:00,6.6,80,0.0,,231,11.1,20.4,1001.1,0,5,3
2026-05-13 03:00:00+01:00,6.5,81,0.0,,233,11.1,20.4,1000.2,0,6,4
2026-05-13 04:00:00+01:00,6.2,83,0.0,,236,11.1,20.4,999.5,0,6,4
2026-05-13 05:00:00+01:00,6.2,81,0.1,,241,11.1,18.5,998.7,0,6,7
2026-05-13 06:00:00+01:00,6.3,83,0.1,,243,11.1,18.5,998.2,8,5,7
2026-05-13 07:00:00+01:00,6.9,82,0.1,,249,11.1,20.4,998.0,17,6,7
2026-05-13 08:00:00+01:00,7.4,82,0.3,,261,11.1,20.4,998.0,24,7,7
2026-05-13 09:00:00+01:00,8.0,79,0.3,,279,11.1,22.2,998.1,24,8,7
2026-05-13 10:00:00+01:00,8.5,77,0.3,,303,13.0,22.2,998.3,20,8,7
2026-05-13 11:00:00+01:00,9.1,73,0.3,,326,13.0,22.2,998.7,16,8,7
2026-05-13 12:00:00+01:00,9.5,72,0.3,,341,13.0,24.1,998.9,14,8,7
2026-05-13 13:00:00+01:00,9.9,70,0.3,,351,14.8,25.9,999.4,11,8,7
2026-05-13 14:00:00+01:00,10.2,69,0.2,,356,14.8,27.8,999.7,11,8,7
2026-05-13 15:00:00+01:00,10.5,66,0.2,,360,16.7,29.6,1000.0,11,7,7
2026-05-13 16:00:00+01:00,10.7,66,0.2,,3,16.7,29.6,1000.2,14,7,7
2026-05-13 17:00:00+01:00,10.4,66,0.2,,2,14.8,27.8,1000.5,19,6,7
2026-05-13 18:00:00+01:00,10.2,66,0.2,,5,14.8,25.9,1000.8,19,6,7
2026-05-13 19:00:00+01:00,9.7,69,0.2,,6,13.0,24.1,1001.1,20,5,7
2026-05-13 20:00:00+01:00,9.0,72,0.3,,1,11.1,20.4,1001.3,18,5,7
2026-05-13 21:00:00+01:00,8.0,76,0.2,,350,11.1,18.5,1001.8,11,5,7
2026-05-13 22:00:00+01:00,7.3,81,0.0,,341,9.3,16.7,1002.1,4,5,4
2026-05-13 23:00:00+01:00,6.7,84,0.0,,331,7.4,16.7,1002.2,0,5,3
2026-05-14 00:00:00+01:00,6.2,86,0.0,,325,9.3,16.7,1002.5,0,5,3
2026-05-14 01:00:00+01:00,5.7,89,0.0,,317,9.3,18.5,1002.5,0,5,3
2026-05-14 02:00:00+01:00,5.1,93,0.0,,311,9.3,18.5,1002.3,0,5,3
2026-05-14 03:00:00+01:00,4.9,93,0.0,,307,11.1,18.5,1002.3,0,5,3
2026-05-14 04:00:00+01:00,4.7,92,0.0,,304,11.1,20.4,1002.2,0,4,2
2026-05-14 05:00:00+01:00,4.8,87,0.4,,316,11.1,20.4,1002.6,0,4,7
2026-05-14 06:00:00+01:00,5.0,88,0.0,,312,11.1,20.4,1002.6,10,3,2
2026-05-14 07:00:00+01:00,5.9,85,0.0,,308,13.0,20.4,1002.5,21,3,2
2026-05-14 08:00:00+01:00,6.9,81,0.0,,311,13.0,22.2,1002.2,30,3,1
2026-05-14 09:00:00+01:00,8.1,74,0.0,,314,14.8,24.1,1001.9,35,4,2
2026-05-14 10:00:00+01:00,9.3,68,0.0,,322,14.8,25.9,1001.6,35,5,2
2026-05-14 11:00:00+01:00,10.3,63,0.0,,333,16.7,27.8,1001.6,32,6,4
2026-05-14 12:00:00+01:00,10.9,61,0.0,,339,16.7,27.8,1001.5,28,7,4
2026-05-14 13:00:00+01:00,11.1,60,0.4,,346,16.7,27.8,1001.5,23,7,7
2026-05-14 14:00:00+01:00,11.2,61,0.2,,351,16.7,29.6,1001.8,19,7,7
2026-05-14 15:00:00+01:00,11.0,63,0.3,,355,18.5,31.5,1002.0,18,7,7
2026-05-14 16:00:00+01:00,10.6,66,0.3,,357,18.5,33.3,1002.2,18,7,7
2026-05-14 17:00:00+01:00,10.4,66,0.3,,357,18.5,31.5,1002.6,21,6,7
2026-05-14 18:00:00+01:00,10.1,67,0.3,,360,18.5,31.5,1003.1,19,6,7
2026-05-14 19:00:00+01:00,9.7,69,0.2,,359,16.7,29.6,1003.6,19,6,7
2026-05-14 20:00:00+01:00,9.2,71,0.0,,355,14.8,25.9,1004.0,15,6,7
2026-05-14 21:00:00+01:00,8.4,74,0.0,,342,13.0,22.2,1004.5,9,7,7
2026-05-14 22:00:00+01:00,7.9,78,0.0,,326,11.1,20.4,1004.6,4,8,4
2026-05-14 23:00:00+01:00,7.5,79,0.0,,321,11.1,20.4,1004.9,0,7,4
2026-05-15 00:00:00+01:00,7.2,80,0.0,,315,11.1,22.2,1005.3,0,7,4
2026-05-15 01:00:00+01:00,6.6,82,0.0,,309,13.0,22.2,1005.2,0,7,4
2026-05-15 02:00:00+01:00,6.1,82,0.0,,303,13.0,24.1,1005.1,0,6,3
2026-05-15 03:00:00+01:00,5.5,84,0.0,,297,13.0,24.1,1005.2,0,5,3
2026-05-15 04:00:00+01:00,5.0,84,0.0,,293,14.8,24.1,1005.0,0,5,4
2026-05-15 05:00:00+01:00,4.9,79,0.0,,300,14.8,25.9,1005.0,0,3,2
2026-05-15 06:00:00+01:00,5.0,79,0.0,,297,14.8,27.8,1005.3,12,2,1
2026-05-15 07:00:00+01:00,5.7,75,0.0,,300,16.7,27.8,1005.4,26,2,1
2026-05-15 08:00:00+01:00,6.7,71,0.0,,305,16.7,29.6,1005.7,39,3,1
2026-05-15 09:00:00+01:00,7.9,65,0.0,,312,18.5,31.5,1005.8,45,4,1
2026-05-15 10:00:00+01:00,9.1,59,0.0,,318,20.4,33.3,1005.9,42,5,2
2026-05-15 11:00:00+01:00,10.0,55,0.0,,324,20.4,33.3,1006.1,37,6,4
2026-05-15 12:00:00+01:00,10.6,52,0.0,,325,20.4,33.3,1006.2,32,6,4
2026-05-15 13:00:00+01:00,11.0,49,0.0,,325,18.5,31.5,1006.3,26,7,4
2026-05-15 14:00:00+01:00,11.5,48,0.0,,324,16.7,29.6,1006.4,25,7,4
2026-05-15 15:00:00+01:00,11.5,47,0.0,,325,16.7,29.6,1006.3,23,7,4
2026-05-15 16:00:00+01:00,11.6,49,0.0,,327,14.8,27.8,1006.3,19,7,4
2026-05-15 17:00:00+01:00,11.5,50,0.0,,330,13.0,25.9,1006.2,19,7,4
2026-05-15 18:00:00+01:00,11.1,53,0.0,,334,13.0,24.1,1006.2,17,6,4
2026-05-15 19:00:00+01:00,10.7,55,0.0,,332,11.1,20.4,1006.2,17,6,4
2026-05-15 20:00:00+01:00,9.6,61,0.0,,323,9.3,18.5,1006.3,14,6,3
2026-05-15 21:00:00+01:00,8.3,67,0.0,,303,7.4,14.8,1006.4,10,5,3
2026-05-15 22:00:00+01:00,7.3,73,0.0,,293,7.4,13.0,1006.5,5,5,3
2026-05-15 23:00:00+01:00,7.3,70,0.0,,291,7.4,14.8,1006.1,0,3,2
2026-05-16 00:00:00+01:00,6.5,74,0.0,,290,7.4,16.7,1005.9,0,3,2
2026-05-16 01:00:00+01:00,5.6,78,0.0,,288,9.3,16.7,1005.7,0,3,2
2026-05-16 02:00:00+01:00,4.9,82,0.0,,285,7.4,14.8,1005.6,0,4,2
2026-05-16 03:00:00+01:00,4.7,83,0.0,,285,7.4,14.8,1005.6,0,4,2
2026-05-16 04:00:00+01:00,4.0,87,0.0,,285,7.4,14.8,1005.5,0,4,2
2026-05-16 05:00:00+01:00,4.0,87,0.0,,284,7.4,14.8,1005.4,0,4,2
2026-05-16 06:00:00+01:00,4.4,88,0.0,,281,7.4,14.8,1005.3,11,3,1
2026-05-16 07:00:00+01:00,5.4,84,0.0,,264,7.4,14.8,1005.2,24,3,1
2026-05-16 08:00:00+01:00,6.4,81,0.0,,255,7.4,14.8,1005.1,34,4,1
2026-05-16 09:00:00+01:00,7.9,75,0.0,,251,9.3,16.7,1004.9,39,5,2
2026-05-16 10:00:00+01:00,9.3,68,0.0,,242,9.3,18.5,1004.7,37,6,3
2026-05-16 11:00:00+01:00,10.4,63,0.0,,238,9.3,18.5,1004.5,34,6,4
2026-05-16 12:00:00+01:00,11.3,59,0.0,,243,11.1,18.5,1004.4,30,7,4
2026-05-16 13:00:00+01:00,11.8,57,0.0,,233,9.3,18.5,1004.2,26,7,4
2026-05-16 14:00:00+01:00,12.3,55,0.0,,229,11.1,18.5,1004.0,23,7,4
2026-05-16 15:00:00+01:00,12.3,55,0.0,,224,11.1,20.4,1003.9,19,7,4
2026-05-16 16:00:00+01:00,12.3,57,0.0,,213,13.0,22.2,1003.7,14,7,4
2026-05-16 17:00:00+01:00,11.7,60,0.0,,217,13.0,22.2,1003.5,12,8,4
2026-05-16 18:00:00+01:00,11.1,64,0.0,,218,13.0,22.2,1003.5,11,8,4
2026-05-16 19:00:00+01:00,10.5,68,0.0,,227,11.1,20.4,1003.4,9,8,4
2026-05-16 20:00:00+01:00,10.1,72,0.0,,235,9.3,18.5,1003.5,7,8,4
2026-05-16 21:00:00+01:00,9.5,76,0.0,,242,7.4,14.8,1003.7,5,8,4
2026-05-16 22:00:00+01:00,9.3,77,0.0,,246,7.4,14.8,1003.7,2,8,7
2026-05-16 23:00:00+01:00,9.2,79,0.2,,247,5.5,11.1,1003.0,0,8,7
2026-05-17 00:00:00+01:00,8.9,82,0.2,,247,5.5,13.0,1002.9,0,7,7
2026-05-17 01:00:00+01:00,8.4,85,0.2,,245,7.4,14.8,1002.8,0,7,7
2026-05-17 02:00:00+01:00,7.9,87,0.2,,242,7.4,14.8,1002.9,0,6,7
2026-05-17 03:00:00+01:00,7.9,85,0.1,,237,9.3,16.7,1003.0,0,6,7
2026-05-17 04:00:00+01:00,7.2,87,0.0,,239,9.3,16.7,1003.2,0,5,4
2026-05-17 05:00:00+01:00,6.9,86,0.0,,240,9.3,18.5,1003.2,0,5,2
2026-05-17 06:00:00+01:00,7.1,86,0.0,,237,9.3,16.7,1003.3,9,4,2
2026-05-17 07:00:00+01:00,7.8,82,0.0,,236,11.1,20.4,1003.5,20,4,2
2026-05-17 08:00:00+01:00,8.5,81,0.0,,234,13.0,22.2,1003.9,29,4,2
2026-05-17 09:00:00+01:00,9.5,76,0.0,,236,14.8,25.9,1004.1,35,5,2
2026-05-17 10:00:00+01:00,10.4,72,0.0,,233,18.5,29.6,1004.4,35,6,3
2026-05-17 11:00:00+01:00,11.5,66,0.0,,233,20.4,31.5,1004.7,32,5,3
2026-05-17 12:00:00+01:00,12.0,64,0.0,,234,22.2,33.3,1004.9,32,5,2
2026-05-17 13:00:00+01:00,12.4,62,0.0,,230,22.2,35.2,1005.2,31,5,2
2026-05-17 14:00:00+01:00,13.0,60,0.0,,228,22.2,37.0,1005.1,32,5,3
2026-05-17 15:00:00+01:00,13.2,58,0.0,,229,22.2,37.0,1005.3,31,4,2
2026-05-17 16:00:00+01:00,13.2,58,0.0,,229,22.2,37.0,1005.4,30,4,2
2026-05-17 17:00:00+01:00,12.7,59,0.0,,230,20.4,35.2,1005.4,32,3,2
2026-05-17 18:00:00+01:00,12.6,59,0.0,,228,18.5,31.5,1005.5,31,3,2
2026-05-17 19:00:00+01:00,12.0,62,0.0,,231,16.7,27.8,1005.8,30,3,2
2026-05-17 20:00:00+01:00,11.3,65,0.3,,232,13.0,24.1,1006.1,24,4,2
2026-05-17 21:00:00+01:00,10.1,71,0.2,,234,11.1,20.4,1006.5,16,4,2
2026-05-17 22:00:00+01:00,9.3,76,0.0,,235,7.4,14.8,1006.9,7,4,2
2026-05-17 23:00:00+01:00,9.1,73,0.0,,239,5.5,13.0,1007.2,0,4,2
2026-05-18 00:00:00+01:00,8.4,77,0.0,,246,5.5,13.0,1007.3,0,4,2
2026-05-18 01:00:00+01:00,7.7,80,0.0,,248,5.5,13.0,1007.5,0,3,2
2026-05-18 02:00:00+01:00,7.0,83,0.0,,258,5.5,11.1,1007.6,0,3,2
2026-05-18 03:00:00+01:00,6.7,84,0.0,,259,5.5,11.1,1007.5,0,3,2
2026-05-18 04:00:00+01:00,6.3,86,0.0,,259,5.5,13.0,1007.4,0,4,2
2026-05-18 05:00:00+01:00,6.1,87,0.0,,271,5.5,13.0,1007.6,0,4,2
2026-05-18 06:00:00+01:00,6.7,86,0.0,,271,5.5,11.1,1007.9,10,4,2
2026-05-18 07:00:00+01:00,7.7,84,0.0,,255,5.5,11.1,1008.1,22,3,2
2026-05-18 08:00:00+01:00,8.8,82,0.0,,224,5.5,13.0,1008.2,30,3,2
2026-05-18 09:00:00+01:00,10.1,77,0.0,,202,7.4,14.8,1008.5,36,5,2
2026-05-18 10:00:00+01:00,11.5,71,0.0,,182,9.3,16.7,1008.6,34,5,3
2026-05-18 11:00:00+01:00,12.5,67,0.0,,173,9.3,18.5,1008.6,33,6,4
2026-05-18 12:00:00+01:00,13.2,65,0.0,,170,11.1,20.4,1008.5,29,6,4
2026-05-18 13:00:00+01:00,13.6,64,0.0,,162,11.1,22.2,1008.6,26,6,4
2026-05-18 14:00:00+01:00,13.8,64,0.0,,153,11.1,24.1,1008.4,21,6,4
2026-05-18 15:00:00+01:00,13.6,65,0.3,,144,13.0,24.1,1008.2,21,7,7
2026-05-18 16:00:00+01:00,13.6,65,0.3,,145,13.0,24.1,1008.2,20,7,7
2026-05-18 17:00:00+01:00,13.6,68,0.1,,149,13.0,24.1,1007.4,23,6,7
2026-05-18 18:00:00+01:00,13.6,65,0.1,,152,13.0,24.1,1007.6,24,5,7
2026-05-18 19:00:00+01:00,12.7,68,0.0,,150,11.1,22.2,1007.5,24,5,3
2026-05-18 20:00:00+01:00,12.4,69,0.0,,143,9.3,18.5,1007.4,20,5,3
2026-05-18 21:00:00+01:00,11.8,72,0.0,,126,7.4,16.7,1007.3,13,6,3
2026-05-18 22:00:00+01:00,11.4,74,0.0,,109,7.4,13.0,1007.3,6,6,3
2026-05-18 23:00:00+01:00,10.9,77,0.0,,125,5.5,13.0,1007.0,0,6,4
2026-05-19 00:00:00+01:00,10.8,78,0.0,,138,5.5,13.0,1006.8,0,6,4
2026-05-19 01:00:00+01:00,10.6,80,0.0,,149,7.4,14.8,1006.5,0,7,4
2026-05-19 02:00:00+01:00,10.5,81,0.0,,141,7.4,14.8,1005.8,0,8,4
2026-05-19 03:00:00+01:00,10.5,83,0.5,,145,7.4,14.8,1005.2,0,8,7
2026-05-19 04:00:00+01:00,10.7,83,0.6,,149,7.4,14.8,1004.3,0,8,7
2026-05-19 05:00:00+01:00,10.7,85,0.4,,141,9.3,16.7,1003.8,0,8,7
2026-05-19 06:00:00+01:00,10.9,85,0.4,,140,9.3,18.5,1003.2,1,8,7
2026-05-19 07:00:00+01:00,11.2,87,0.4,,150,9.3,18.5,1002.8,2,8,7
2026-05-19 08:00:00+01:00,11.9,84,0.2,,155,11.1,20.4,1002.6,1,8,7
2026-05-19 09:00:00+01:00,12.4,84,0.2,,159,13.0,22.2,1002.2,0,8,7
2026-05-19 10:00:00+01:00,13.2,82,0.2,,162,13.0,24.1,1002.0,0,8,7
2026-05-19 11:00:00+01:00,13.9,79,0.2,,166,16.7,27.8,1001.7,0,8,7
2026-05-19 12:00:00+01:00,14.5,77,0.2,,170,18.5,29.6,1001.5,3,8,7
2026-05-19 13:00:00+01:00,15.4,74,0.2,,176,18.5,31.5,1001.2,5,8,7
2026-05-19 14:00:00+01:00,15.9,73,0.3,,179,20.4,33.3,1001.0,6,8,7
2026-05-19 15:00:00+01:00,16.0,73,0.4,,187,20.4,33.3,1001.0,7,8,7
2026-05-19 16:00:00+01:00,16.0,73,0.4,,195,20.4,33.3,1000.9,6,8,7
2026-05-19 17:00:00+01:00,15.0,80,0.3,,195,20.4,33.3,1000.2,6,7,7
2026-05-19 18:00:00+01:00,15.0,78,0.3,,200,18.5,31.5,1000.8,5,7,7
2026-05-19 19:00:00+01:00,14.2,78,0.2,,204,16.7,29.6,1001.0,5,8,7
2026-05-19 20:00:00+01:00,14.0,77,0.2,,206,16.7,27.8,1001.3,5,7,7
2026-05-19 21:00:00+01:00,13.7,77,0.1,,206,14.8,25.9,1001.7,4,7,7
2026-05-19 22:00:00+01:00,13.2,79,0.1,,204,14.8,24.1,1001.9,2,7,7
2026-05-19 23:00:00+01:00,12.9,80,0.1,,203,13.0,24.1,1002.2,0,7,7
2026-05-20 00:00:00+01:00,12.8,81,0.1,,203,13.0,22.2,1002.5,0,8,7
2026-05-20 01:00:00+01:00,12.5,82,0.2,,205,13.0,22.2,1002.6,0,8,7
2026-05-20 02:00:00+01:00,12.3,82,0.0,,206,13.0,22.2,1002.7,0,8,7
2026-05-20 03:00:00+01:00,11.8,85,0.0,,208,13.0,22.2,1002.9,0,7,7
2026-05-20 04:00:00+01:00,11.7,85,0.0,,212,13.0,22.2,1003.2,0,6,7
2026-05-20 05:00:00+01:00,11.5,85,0.0,,214,13.0,22.2,1003.7,2,7,7
2026-05-20 06:00:00+01:00,11.7,85,0.0,,216,13.0,24.1,1004.5,7,6,7
2026-05-20 07:00:00+01:00,12.1,84,0.0,,220,16.7,27.8,1005.3,14,6,7
2026-05-20 08:00:00+01:00,12.7,82,0.0,,223,18.5,29.6,1006.1,19,6,7
2026-05-20 09:00:00+01:00,13.4,79,0.0,,228,20.4,33.3,1006.8,21,7,4
2026-05-20 10:00:00+01:00,14.3,74,0.0,,228,22.2,37.0,1007.5,21,7,4
2026-05-20 11:00:00+01:00,14.8,72,0.0,,230,24.1,38.9,1008.4,21,7,4
2026-05-20 12:00:00+01:00,15.3,70,0.0,,232,25.9,42.6,1009.3,20,8,4
2026-05-20 13:00:00+01:00,15.5,70,0.0,,233,27.8,42.6,1010.2,19,8,4
2026-05-20 14:00:00+01:00,16.3,66,0.0,,234,27.8,44.5,1011.0,23,7,4
2026-05-20 15:00:00+01:00,16.6,65,0.0,,235,27.8,44.5,1011.6,24,6,4
2026-05-20 16:00:00+01:00,16.9,63,0.0,,240,27.8,44.5,1012.3,26,5,4
2026-05-20 17:00:00+01:00,16.6,66,0.0,,235,25.9,42.6,1013.0,28,6,4
2026-05-20 18:00:00+01:00,16.6,64,0.0,,236,24.1,40.8,1013.9,29,5,3
2026-05-20 19:00:00+01:00,15.5,67,0.0,,237,20.4,35.2,1014.5,32,5,3
2026-05-20 20:00:00+01:00,15.2,67,0.0,,236,18.5,29.6,1015.5,26,5,3
2026-05-20 21:00:00+01:00,14.2,72,0.0,,236,14.8,25.9,1016.4,16,5,2
2026-05-20 22:00:00+01:00,13.7,75,0.0,,231,13.0,22.2,1017.2,7,5,2
2026-05-20 23:00:00+01:00,13.3,77,0.0,,230,11.1,20.4,1017.9,0,5,3
2026-05-21 00:00:00+01:00,13.1,79,0.0,,227,11.1,20.4,1018.4,0,5,3
2026-05-21 01:00:00+01:00,12.9,80,0.0,,227,11.1,20.4,1018.7,0,7,4
2026-05-21 02:00:00+01:00,12.7,80,0.0,,227,11.1,20.4,1018.9,0,8,4
2026-05-21 03:00:00+01:00,12.4,84,0.0,,226,11.1,20.4,1019.1,0,8,4
2026-05-21 04:00:00+01:00,12.5,84,0.0,,225,11.1,20.4,1019.2,0,8,4
2026-05-21 05:00:00+01:00,12.3,85,0.0,,223,11.1,20.4,1019.3,0,8,4
2026-05-21 06:00:00+01:00,12.6,85,0.0,,220,11.1,20.4,1019.4,0,8,4
2026-05-21 07:00:00+01:00,13.1,86,0.2,,221,13.0,20.4,1019.6,0,8,7
2026-05-21 08:00:00+01:00,13.5,85,0.1,,215,13.0,22.2,1019.7,0,8,7
2026-05-21 09:00:00+01:00,14.0,86,0.1,,215,14.8,24.1,1019.8,0,8,7
2026-05-21 10:00:00+01:00,14.6,85,0.1,,214,18.5,27.8,1020.0,0,8,7
2026-05-21 11:00:00+01:00,14.6,90,0.3,,212,18.5,29.6,1019.7,1,8,7
2026-05-21 12:00:00+01:00,15.3,89,0.3,,217,20.4,33.3,1019.8,4,8,7
2026-05-21 13:00:00+01:00,16.3,86,0.0,,219,22.2,35.2,1020.1,8,8,4
2026-05-21 14:00:00+01:00,17.2,82,0.0,,222,24.1,37.0,1020.4,11,8,4
2026-05-21 15:00:00+01:00,17.7,78,0.0,,224,24.1,38.9,1020.9,12,8,4
2026-05-21 16:00:00+01:00,17.8,76,0.0,,225,24.1,38.9,1021.2,11,8,4
2026-05-21 17:00:00+01:00,17.6,77,0.0,,224,24.1,37.0,1021.5,10,7,4
2026-05-21 18:00:00+01:00,17.3,76,0.0,,225,22.2,35.2,1021.6,8,8,4
2026-05-21 19:00:00+01:00,17.0,76,0.0,,226,18.5,31.5,1021.9,7,8,4
2026-05-21 20:00:00+01:00,16.5,77,0.0,,224,16.7,27.8,1022.1,6,8,4
2026-05-21 21:00:00+01:00,15.9,79,0.0,,227,13.0,24.1,1022.4,5,8,4
2026-05-21 22:00:00+01:00,15.4,79,0.0,,227,13.0,20.4,1022.5,2,8,4
2026-05-21 23:00:00+01:00,14.8,81,0.0,,225,9.3,18.5,1022.7,0,8,4
2026-05-22 00:00:00+01:00,14.3,82,0.0,,231,9.3,16.7,1022.8,0,7,4
2026-05-22 01:00:00+01:00,13.7,84,0.0,,230,9.3,16.7,1022.7,0,6,4
2026-05-22 02:00:00+01:00,13.3,86,0.0,,234,9.3,14.8,1022.5,0,6,4
2026-05-22 03:00:00+01:00,13.0,88,0.0,,233,7.4,14.8,1022.2,0,5,4
2026-05-22 04:00:00+01:00,12.8,91,0.0,,234,9.3,14.8,1022.1,0,5,3
2026-05-22 05:00:00+01:00,12.8,90,0.0,,232,7.4,14.8,1022.0,3,5,2
2026-05-22 06:00:00+01:00,13.2,89,0.0,,226,7.4,14.8,1021.9,10,4,2
2026-05-22 07:00:00+01:00,14.3,87,0.0,,221,9.3,16.7,1021.9,19,4,2
2026-05-22 08:00:00+01:00,15.7,82,0.0,,212,11.1,18.5,1021.8,27,3,2
2026-05-22 09:00:00+01:00,17.0,78,0.0,,205,13.0,22.2,1021.8,35,3,2
2026-05-22 10:00:00+01:00,18.1,75,0.0,,201,14.8,25.9,1021.8,36,3,2
2026-05-22 11:00:00+01:00,19.5,69,0.0,,195,16.7,27.8,1020.9,37,4,2
2026-05-22 12:00:00+01:00,20.4,67,0.0,,197,20.4,31.5,1020.7,36,5,2
2026-05-22 13:00:00+01:00,21.5,64,0.0,,202,20.4,33.3,1020.5,38,4,2
2026-05-22 14:00:00+01:00,22.5,60,0.0,,205,22.2,33.3,1020.3,39,5,2
2026-05-22 15:00:00+01:00,22.9,58,0.0,,208,22.2,35.2,1020.2,39,5,2
2026-05-22 16:00:00+01:00,23.0,57,0.0,,212,22.2,35.2,1020.0,36,5,2
2026-05-22 17:00:00+01:00,22.8,58,0.0,,219,20.4,33.3,1020.0,29,5,2
2026-05-22 18:00:00+01:00,22.0,61,0.0,,229,18.5,29.6,1019.9,26,4,2
2026-05-22 19:00:00+01:00,20.0,67,0.0,,237,16.7,27.8,1020.0,23,4,2
2026-05-22 20:00:00+01:00,19.6,66,0.0,,242,14.8,24.1,1020.2,16,6,3
2026-05-22 21:00:00+01:00,18.2,71,0.0,,245,13.0,22.2,1020.5,10,7,4
2026-05-22 22:00:00+01:00,17.2,75,0.0,,247,11.1,22.2,1020.7,4,8,4
2026-05-22 23:00:00+01:00,16.5,76,0.0,,241,11.1,20.4,1020.8,0,8,4
2026-05-23 00:00:00+01:00,15.9,78,0.0,,234,11.1,22.2,1021.0,0,8,4
2026-05-23 01:00:00+01:00,15.4,79,0.0,,235,13.0,22.2,1021.1,0,8,4
2026-05-23 02:00:00+01:00,14.9,80,0.0,,236,13.0,22.2,1021.3,0,7,4
2026-05-23 03:00:00+01:00,14.4,81,0.0,,235,11.1,22.2,1021.6,0,6,4
2026-05-23 04:00:00+01:00,13.7,84,0.0,,234,13.0,20.4,1021.9,0,6,4
2026-05-23 05:00:00+01:00,13.3,85,0.0,,235,11.1,20.4,1022.3,3,5,4
2026-05-23 06:00:00+01:00,13.3,85,0.0,,235,11.1,20.4,1022.8,10,5,4
2026-05-23 07:00:00+01:00,13.9,83,0.0,,234,13.0,22.2,1023.2,20,4,3
2026-05-23 08:00:00+01:00,14.9,77,0.0,,233,14.8,24.1,1023.8,30,5,2
2026-05-23 09:00:00+01:00,15.5,75,0.0,,233,16.7,27.8,1024.2,37,4,2
2026-05-23 10:00:00+01:00,16.3,71,0.0,,231,18.5,31.5,1024.6,40,6,3
2026-05-23 11:00:00+01:00,17.4,68,0.0,,234,18.5,29.6,1024.6,35,5,3
2026-05-23 12:00:00+01:00,17.9,66,0.0,,234,20.4,31.5,1025.0,39,6,3
2026-05-23 13:00:00+01:00,18.5,63,0.0,,233,20.4,33.3,1025.4,42,6,3
2026-05-23 14:00:00+01:00,18.9,60,0.0,,235,20.4,33.3,1025.7,41,6,3
2026-05-23 15:00:00+01:00,18.9,59,0.0,,236,20.4,33.3,1026.1,39,5,3
2026-05-23 16:00:00+01:00,19.0,58,0.0,,235,20.4,33.3,1026.3,35,5,3
2026-05-23 17:00:00+01:00,18.6,59,0.0,,235,20.4,33.3,1026.4,32,5,2
2026-05-23 18:00:00+01:00,18.0,59,0.0,,238,18.5,31.5,1026.4,31,5,2
2026-05-23 19:00:00+01:00,16.9,62,0.0,,242,16.7,27.8,1026.6,28,6,3
2026-05-23 20:00:00+01:00,16.1,65,0.0,,243,14.8,25.9,1026.9,22,6,3
2026-05-23 21:00:00+01:00,15.2,69,0.0,,249,13.0,22.2,1027.2,14,6,3
2026-05-23 22:00:00+01:00,14.4,71,0.0,,252,11.1,20.4,1027.5,6,7,3
2026-05-23 23:00:00+01:00,13.6,73,0.0,,253,9.3,16.7,1027.9,0,6,3
2026-05-24 00:00:00+01:00,13.0,76,0.0,,251,7.4,14.8,1028.2,0,7,4
2026-05-24 01:00:00+01:00,12.4,78,0.0,,249,7.4,14.8,1028.3,0,7,4
2026-05-24 02:00:00+01:00,12.0,79,0.0,,248,7.4,14.8,1028.4,0,6,4
2026-05-24 03:00:00+01:00,11.5,81,0.0,,246,9.3,14.8,1028.6,0,6,4
2026-05-24 04:00:00+01:00,11.1,83,0.0,,246,9.3,14.8,1028.7,0,5,4
2026-05-24 05:00:00+01:00,11.2,81,0.0,,243,7.4,14.8,1028.8,3,7,4
2026-05-24 06:00:00+01:00,11.7,82,0.0,,239,9.3,14.8,1029.1,9,6,4
2026-05-24 07:00:00+01:00,12.7,81,0.0,,233,9.3,16.7,1029.4,17,6,4
2026-05-24 08:00:00+01:00,14.1,76,0.0,,225,11.1,18.5,1029.6,25,5,3
2026-05-24 09:00:00+01:00,15.4,73,0.0,,220,13.0,20.4,1029.7,30,4,2
2026-05-24 10:00:00+01:00,16.7,70,0.0,,216,13.0,22.2,1029.7,33,4,2
2026-05-24 11:00:00+01:00,18.0,65,0.0,,214,14.8,24.1,1029.8,36,4,2
2026-05-24 12:00:00+01:00,18.9,63,0.0,,217,14.8,25.9,1029.6,41,4,2
2026-05-24 13:00:00+01:00,20.1,60,0.0,,219,16.7,27.8,1029.5,44,4,2
2026-05-24 14:00:00+01:00,20.5,59,0.0,,221,16.7,27.8,1029.2,46,4,2
2026-05-24 15:00:00+01:00,21.1,56,0.0,,225,16.7,27.8,1029.1,45,4,2
2026-05-24 16:00:00+01:00,21.4,55,0.0,,225,16.7,27.8,1029.0,43,4,2
2026-05-24 17:00:00+01:00,21.2,56,0.0,,227,16.7,27.8,1028.9,44,3,1
2026-05-24 18:00:00+01:00,21.0,55,0.0,,235,14.8,25.9,1029.0,43,3,1
2026-05-24 19:00:00+01:00,20.2,57,0.0,,244,13.0,24.1,1029.1,42,3,1
2026-05-24 20:00:00+01:00,18.9,60,0.0,,253,11.1,22.2,1029.4,36,2,1
2026-05-24 21:00:00+01:00,17.3,64,0.0,,261,9.3,18.5,1029.8,24,2,1
2026-05-24 22:00:00+01:00,15.7,68,0.0,,266,9.3,16.7,1030.1,11,2,1
2026-05-24 23:00:00+01:00,14.5,70,0.0,,266,7.4,14.8,1030.4,0,2,1
2026-05-25 00:00:00+01:00,13.7,72,0.0,,267,7.4,14.8,1030.5,0,2,1
2026-05-25 01:00:00+01:00,12.9,74,0.0,,262,7.4,16.7,1030.4,0,2,1
2026-05-25 02:00:00+01:00,12.0,77,0.0,,261,9.3,16.7,1030.4,0,2,1
2026-05-25 03:00:00+01:00,11.4,78,0.0,,255,9.3,16.7,1030.3,0,3,1
2026-05-25 04:00:00+01:00,10.9,82,0.0,,254,9.3,16.7,1030.3,0,3,1
2026-05-25 05:00:00+01:00,11.0,72,0.0,,255,9.3,16.7,1029.7,5,2,1
2026-05-25 06:00:00+01:00,11.7,72,0.0,,249,9.3,14.8,1029.7,18,2,1
2026-05-25 07:00:00+01:00,13.4,71,0.0,,239,9.3,16.7,1029.6,35,2,1
2026-05-25 08:00:00+01:00,15.9,65,0.0,,229,9.3,16.7,1029.6,50,2,1
2026-05-25 09:00:00+01:00,18.1,61,0.0,,225,11.1,18.5,1029.7,57,2,1
2026-05-25 10:00:00+01:00,20.0,58,0.0,,217,11.1,20.4,1029.6,60,3,1
2026-05-25 11:00:00+01:00,22.0,53,0.0,,209,11.1,20.4,1029.5,60,2,1
2026-05-25 12:00:00+01:00,23.5,50,0.0,,211,13.0,22.2,1029.1,59,1,1
2026-05-25 13:00:00+01:00,25.0,48,0.0,,212,11.1,22.2,1028.9,58,0,1
2026-05-25 14:00:00+01:00,25.6,48,0.0,,212,11.1,22.2,1028.5,60,0,1
2026-05-25 15:00:00+01:00,26.4,47,0.0,,211,13.0,22.2,1028.3,59,0,1
2026-05-25 16:00:00+01:00,26.6,48,0.0,,211,13.0,22.2,1028.1,55,0,1
2026-05-25 17:00:00+01:00,26.3,50,0.0,,213,13.0,22.2,1027.9,56,0,1
2026-05-25 18:00:00+01:00,26.2,50,0.0,,234,11.1,22.2,1027.8,52,0,1
2026-05-25 19:00:00+01:00,25.2,53,0.0,,315,11.1,20.4,1027.8,49,0,1
2026-05-25 20:00:00+01:00,23.9,56,0.0,,325,9.3,18.5,1027.6,40,0,1
2026-05-25 21:00:00+01:00,22.1,62,0.0,,327,7.4,14.8,1028.0,25,1,1
2026-05-25 22:00:00+01:00,20.4,66,0.0,,324,7.4,16.7,1028.2,10,1,1
2026-05-25 23:00:00+01:00,18.9,70,0.0,,316,7.4,16.7,1028.3,0,2,1
2026-05-26 00:00:00+01:00,17.8,72,0.0,,310,7.4,14.8,1028.4,0,1,1
2026-05-26 01:00:00+01:00,16.7,76,0.0,,301,7.4,16.7,1028.3,0,2,1
2026-05-26 02:00:00+01:00,15.6,79,0.0,,302,7.4,16.7,1028.3,0,3,1
2026-05-26 03:00:00+01:00,14.7,83,0.0,,296,7.4,14.8,1028.2,0,3,1
2026-05-26 04:00:00+01:00,14.1,84,0.0,,297,7.4,14.8,1028.3,0,4,1
2026-05-26 05:00:00+01:00,14.7,80,0.0,,300,7.4,13.0,1027.8,3,4,4
2026-05-26 06:00:00+01:00,15.2,80,0.0,,309,5.5,13.0,1028.0,12,4,4
2026-05-26 07:00:00+01:00,16.3,80,0.0,,319,5.5,13.0,1028.1,25,5,4
2026-05-26 08:00:00+01:00,17.6,75,0.0,,349,5.5,13.0,1028.1,37,5,4
2026-05-26 09:00:00+01:00,18.6,72,0.0,,24,7.4,14.8,1028.2,40,5,4
2026-05-26 10:00:00+01:00,19.5,70,0.0,,46,9.3,16.7,1028.2,41,5,4
2026-05-26 11:00:00+01:00,19.9,69,0.0,,49,11.1,20.4,1028.4,43,6,4
2026-05-26 12:00:00+01:00,20.1,69,0.0,,48,13.0,22.2,1028.5,41,6,4
2026-05-26 13:00:00+01:00,19.9,70,0.0,,48,14.8,25.9,1028.6,39,5,4
2026-05-26 14:00:00+01:00,19.2,72,0.0,,49,16.7,27.8,1028.7,41,5,4
2026-05-26 15:00:00+01:00,19.1,73,0.0,,49,16.7,27.8,1028.7,41,4,3
2026-05-26 16:00:00+01:00,19.0,70,0.0,,53,18.5,29.6,1028.7,38,4,2
2026-05-26 17:00:00+01:00,18.5,70,0.0,,53,18.5,29.6,1028.9,35,4,2
2026-05-26 18:00:00+01:00,17.8,72,0.0,,54,16.7,27.8,1029.1,30,5,2
2026-05-26 19:00:00+01:00,16.3,76,0.0,,53,16.7,27.8,1029.3,27,5,2
2026-05-26 20:00:00+01:00,15.0,79,0.0,,51,14.8,25.9,1029.6,19,7,3
2026-05-26 21:00:00+01:00,14.1,80,0.0,,49,13.0,24.1,1030.1,13,7,4
2026-05-26 22:00:00+01:00,13.2,85,0.0,,45,11.1,22.2,1030.3,5,7,4
2026-05-26 23:00:00+01:00,13.0,85,0.0,,46,13.0,22.2,1030.0,0,6,4
2026-05-27 00:00:00+01:00,12.7,86,0.0,,45,11.1,20.4,1030.2,0,6,4
2026-05-27 01:00:00+01:00,12.3,88,0.0,,45,11.1,20.4,1030.4,0,7,4
2026-05-27 02:00:00+01:00,12.0,89,0.0,,43,11.1,18.5,1030.5,0,8,4
2026-05-27 03:00:00+01:00,11.8,90,0.0,,44,9.3,16.7,1030.3,0,8,4
2026-05-27 04:00:00+01:00,11.6,90,0.0,,46,9.3,16.7,1030.2,0,8,4
2026-05-27 05:00:00+01:00,11.7,89,0.0,,48,9.3,16.7,1030.2,0,8,4
2026-05-27 06:00:00+01:00,12.0,89,0.0,,53,9.3,18.5,1030.3,1,8,4
2026-05-27 07:00:00+01:00,12.5,87,0.0,,60,11.1,18.5,1030.2,2,8,4
2026-05-27 08:00:00+01:00,13.0,83,0.0,,69,11.1,20.4,1030.5,3,8,4
2026-05-27 09:00:00+01:00,13.7,79,0.0,,75,13.0,22.2,1030.7,7,8,4
2026-05-27 10:00:00+01:00,14.1,75,0.0,,79,13.0,24.1,1030.8,8,8,4
2026-05-27 11:00:00+01:00,14.5,73,0.0,,85,14.8,25.9,1030.6,14,8,4
2026-05-27 12:00:00+01:00,14.7,71,0.0,,88,16.7,25.9,1030.3,17,8,4
2026-05-27 13:00:00+01:00,15.2,70,0.0,,90,16.7,27.8,1030.1,20,8,4
2026-05-27 14:00:00+01:00,15.4,69,0.0,,91,18.5,29.6,1029.8,23,7,4
2026-05-27 15:00:00+01:00,15.3,70,0.0,,91,18.5,29.6,1029.3,28,7,4
2026-05-27 16:00:00+01:00,15.4,69,0.0,,89,18.5,31.5,1028.7,29,7,4
2026-05-27 17:00:00+01:00,15.4,68,0.0,,90,18.5,31.5,1028.4,31,6,4
2026-05-27 18:00:00+01:00,15.0,69,0.0,,89,18.5,29.6,1028.2,30,6,4
2026-05-27 19:00:00+01:00,14.5,70,0.0,,88,16.7,27.8,1028.1,31,5,3
2026-05-27 20:00:00+01:00,13.8,74,0.0,,82,14.8,25.9,1027.9,25,6,3
2026-05-27 21:00:00+01:00,12.8,79,0.0,,76,13.0,24.1,1027.7,17,6,3
2026-05-27 22:00:00+01:00,12.1,83,0.0,,72,11.1,20.4,1027.5,7,5,3
2026-05-27 23:00:00+01:00,11.8,84,0.0,,74,11.1,18.5,1027.3,0,4,4
2026-05-28 00:00:00+01:00,11.5,87,0.0,,68,9.3,16.7,1027.0,0,4,2
2026-05-28 01:00:00+01:00,11.2,89,0.0,,73,9.3,16.7,1026.7,0,4,2
2026-05-28 02:00:00+01:00,11.0,90,0.0,,67,9.3,14.8,1026.4,0,3,2
2026-05-28 03:00:00+01:00,11.0,89,0.0,,73,7.4,14.8,1026.0,0,4,2
2026-05-28 04:00:00+01:00,10.7,90,0.0,,76,7.4,14.8,1025.6,0,4,2
2026-05-28 05:00:00+01:00,10.8,89,0.0,,79,7.4,14.8,1025.4,3,4,2
2026-05-28 06:00:00+01:00,11.4,86,0.0,,89,7.4,14.8,1025.1,9,4,2
2026-05-28 07:00:00+01:00,12.3,85,0.0,,98,7.4,14.8,1024.7,18,4,2
2026-05-28 08:00:00+01:00,13.2,80,0.0,,106,9.3,16.7,1024.3,23,4,2
2026-05-28 09:00:00+01:00,14.2,77,0.0,,115,9.3,18.5,1023.8,29,4,2
2026-05-28 10:00:00+01:00,15.2,76,0.0,,116,11.1,20.4,1023.4,30,5,2
2026-05-28 11:00:00+01:00,16.1,75,0.0,,120,13.0,22.2,1022.5,34,5,3
2026-05-28 12:00:00+01:00,17.0,73,0.0,,117,14.8,25.9,1021.7,35,5,3
2026-05-28 13:00:00+01:00,18.1,71,0.0,,119,16.7,27.8,1021.0,37,4,2
2026-05-28 14:00:00+01:00,18.8,70,0.0,,122,16.7,29.6,1020.2,40,4,2
2026-05-28 15:00:00+01:00,19.3,69,0.0,,126,16.7,29.6,1019.5,42,3,2
2026-05-28 16:00:00+01:00,20.0,67,0.0,,129,16.7,29.6,1018.8,43,3,2
2026-05-28 17:00:00+01:00,20.6,68,0.0,,119,16.7,29.6,1017.1,39,3,2
2026-05-28 18:00:00+01:00,20.8,67,0.0,,113,14.8,27.8,1016.5,38,3,2
2026-05-28 19:00:00+01:00,20.0,68,0.0,,107,13.0,24.1,1015.9,34,3,2
2026-05-28 20:00:00+01:00,19.5,69,0.0,,106,11.1,20.4,1015.5,26,3,2
2026-05-28 21:00:00+01:00,18.2,74,0.0,,108,9.3,18.5,1015.2,14,3,2
2026-05-28 22:00:00+01:00,17.1,75,0.0,,260,9.3,16.7,1015.1,6,3,2
2026-05-28 23:00:00+01:00,16.5,75,0.0,,245,9.3,18.5,1015.2,0,4,2
2026-05-29 00:00:00+01:00,15.8,72,0.0,,233,11.1,22.2,1015.4,0,4,2
2026-05-29 01:00:00+01:00,15.4,74,0.0,,233,13.0,24.1,1015.7,0,3,2
2026-05-29 02:00:00+01:00,14.8,76,0.0,,230,14.8,25.9,1015.6,0,5,2
2026-05-29 03:00:00+01:00,14.6,76,0.0,,229,14.8,25.9,1015.8,0,5,2
2026-05-29 04:00:00+01:00,14.5,78,0.0,,226,14.8,24.1,1015.9,0,7,4
2026-05-29 05:00:00+01:00,14.4,80,0.0,,224,14.8,24.1,1016.0,1,6,4
2026-05-29 06:00:00+01:00,14.7,81,0.0,,222,14.8,25.9,1016.3,4,6,4
2026-05-29 07:00:00+01:00,15.5,79,0.0,,221,16.7,27.8,1016.6,8,5,4
2026-05-29 08:00:00+01:00,16.2,76,0.0,,221,18.5,29.6,1016.9,14,6,4
2026-05-29 09:00:00+01:00,16.9,72,0.0,,225,20.4,33.3,1017.0,19,6,4
2026-05-29 10:00:00+01:00,17.6,68,0.0,,227,24.1,37.0,1017.3,23,7,4
2026-05-29 11:00:00+01:00,18.4,65,0.0,,229,25.9,40.8,1017.5,27,6,4
2026-05-29 12:00:00+01:00,18.9,63,0.0,,232,25.9,40.8,1017.7,29,7,4
2026-05-29 13:00:00+01:00,19.2,62,0.0,,236,25.9,42.6,1017.8,32,7,4
2026-05-29 14:00:00+01:00,19.5,61,0.0,,237,25.9,42.6,1018.1,35,7,3
2026-05-29 15:00:00+01:00,19.6,60,0.0,,239,25.9,42.6,1018.4,34,7,4
2026-05-29 16:00:00+01:00,19.5,60,0.0,,242,25.9,42.6,1018.6,34,5,4
2026-05-29 17:00:00+01:00,19.1,63,0.0,,243,27.8,46.3,1018.4,30,6,4
2026-05-29 18:00:00+01:00,19.0,62,0.0,,245,25.9,42.6,1018.6,32,6,4
2026-05-29 19:00:00+01:00,18.2,64,0.0,,247,24.1,38.9,1018.8,32,5,3
2026-05-29 20:00:00+01:00,17.7,64,0.0,,246,20.4,33.3,1019.1,27,4,2
2026-05-29 21:00:00+01:00,16.7,68,0.0,,246,16.7,29.6,1019.5,19,3,2
2026-05-29 22:00:00+01:00,15.8,71,0.0,,243,14.8,25.9,1019.8,9,3,2
2026-05-29 23:00:00+01:00,14.9,73,0.0,,244,11.1,20.4,1020.2,0,2,2
2026-05-30 00:00:00+01:00,14.0,75,0.0,,242,9.3,18.5,1020.6,0,2,2
2026-05-30 01:00:00+01:00,13.2,77,0.0,,245,9.3,16.7,1020.8,0,2,1
2026-05-30 02:00:00+01:00,12.6,78,0.0,,247,9.3,14.8,1020.8,0,3,1
2026-05-30 03:00:00+01:00,11.9,80,0.0,,247,7.4,14.8,1020.7,0,3,1
2026-05-30 04:00:00+01:00,11.4,82,0.0,,248,7.4,14.8,1020.7,0,4,1
2026-05-30 05:00:00+01:00,11.2,84,0.0,,246,7.4,14.8,1020.6,5,3,2
2026-05-30 06:00:00+01:00,11.7,84,0.0,,242,7.4,14.8,1020.6,13,3,2
2026-05-30 07:00:00+01:00,12.7,82,0.0,,234,9.3,16.7,1020.6,24,2,1
2026-05-30 08:00:00+01:00,14.4,76,0.0,,228,9.3,18.5,1020.4,36,2,1
2026-05-30 09:00:00+01:00,16.0,71,0.0,,227,11.1,20.4,1020.1,44,2,1
2026-05-30 10:00:00+01:00,17.6,65,0.0,,225,13.0,22.2,1019.9,46,2,2
2026-05-30 11:00:00+01:00,19.1,60,0.0,,220,13.0,24.1,1019.3,45,2,2
2026-05-30 12:00:00+01:00,20.0,57,0.0,,218,13.0,24.1,1018.7,44,3,2
2026-05-30 13:00:00+01:00,20.5,56,0.0,,217,13.0,24.1,1018.2,41,3,2
2026-05-30 14:00:00+01:00,20.8,55,0.0,,214,13.0,24.1,1017.8,38,5,2
2026-05-30 15:00:00+01:00,21.1,55,0.0,,212,13.0,24.1,1017.4,32,6,3
2026-05-30 16:00:00+01:00,20.8,55,0.0,,211,13.0,24.1,1017.1,29,7,3
2026-05-30 17:00:00+01:00,20.9,53,0.0,,204,13.0,24.1,1016.5,28,5,3
2026-05-30 18:00:00+01:00,20.5,53,0.0,,232,13.0,24.1,1015.9,24,5,3
2026-05-30 19:00:00+01:00,18.5,59,0.0,,254,11.1,22.2,1015.7,20,6,3
2026-05-30 20:00:00+01:00,18.1,59,0.0,,270,9.3,18.5,1015.5,15,5,3
2026-05-30 21:00:00+01:00,16.7,64,0.0,,281,9.3,18.5,1015.4,10,6,3
2026-05-30 22:00:00+01:00,15.4,68,0.0,,282,7.4,16.7,1015.3,4,7,3
2026-05-30 23:00:00+01:00,14.5,72,0.0,,276,7.4,14.8,1014.9,0,7,4
2026-05-31 00:00:00+01:00,13.7,76,0.0,,267,7.4,14.8,1014.5,0,7,4
2026-05-31 01:00:00+01:00,13.2,79,0.0,,257,7.4,14.8,1014.0,0,7,4
2026-05-31 02:00:00+01:00,13.0,79,0.0,,255,7.4,14.8,1013.4,0,7,4
2026-05-31 03:00:00+01:00,12.7,82,0.0,,245,7.4,14.8,1012.9,0,7,4
2026-05-31 04:00:00+01:00,12.8,83,0.4,,238,7.4,14.8,1012.4,0,6,7
2026-05-31 05:00:00+01:00,12.8,84,0.4,,231,7.4,14.8,1012.1,3,6,7
2026-05-31 06:00:00+01:00,13.1,85,0.0,,229,9.3,16.7,1011.9,10,6,4
2026-05-31 07:00:00+01:00,13.9,84,0.0,,227,11.1,18.5,1011.7,19,6,4
2026-05-31 08:00:00+01:00,15.0,78,0.0,,229,13.0,22.2,1011.7,27,5,3
2026-05-31 09:00:00+01:00,15.8,75,0.0,,237,14.8,25.9,1011.7,31,5,3
2026-05-31 10:00:00+01:00,16.6,70,0.0,,242,18.5,29.6,1011.8,35,5,3
2026-05-31 11:00:00+01:00,17.9,64,0.0,,248,20.4,33.3,1011.8,41,5,2
2026-05-31 12:00:00+01:00,18.5,61,0.0,,251,20.4,33.3,1011.7,42,5,3
2026-05-31 13:00:00+01:00,18.9,59,0.0,,253,20.4,35.2,1011.7,44,5,3
2026-05-31 14:00:00+01:00,19.2,57,0.0,,254,20.4,35.2,1011.8,44,5,3
2026-05-31 15:00:00+01:00,19.3,56,0.0,,255,20.4,35.2,1011.9,44,4,3
2026-05-31 16:00:00+01:00,19.4,54,0.0,,256,22.2,37.0,1012.1,43,5,2
2026-05-31 17:00:00+01:00,19.1,54,0.0,,257,22.2,35.2,1012.1,41,4,2
2026-05-31 18:00:00+01:00,18.7,54,0.0,,258,20.4,35.2,1012.2,40,3,2
2026-05-31 19:00:00+01:00,17.3,59,0.0,,258,18.5,33.3,1012.3,37,3,2
2026-05-31 20:00:00+01:00,16.8,62,0.0,,257,16.7,29.6,1012.6,31,3,2
2026-05-31 21:00:00+01:00,15.8,66,0.0,,256,14.8,25.9,1012.9,20,3,2
2026-05-31 22:00:00+01:00,15.0,70,0.0,,254,11.1,22.2,1013.3,10,2,2
2026-05-31 23:00:00+01:00,14.2,73,0.0,,251,9.3,18.5,1013.4,0,3,1
2026-06-01 00:00:00+01:00,13.8,76,0.0,,246,9.3,16.7,1013.4,0,3,2
2026-06-01 01:00:00+01:00,13.5,78,0.0,,243,9.3,16.7,1013.2,0,3,2
2026-06-01 02:00:00+01:00,13.2,80,0.0,,241,9.3,14.8,1012.9,0,4,2
2026-06-01 03:00:00+01:00,13.1,82,0.0,,241,7.4,14.8,1012.7,0,4,2
2026-06-01 04:00:00+01:00,12.9,83,0.0,,235,9.3,14.8,1012.5,0,5,2
2026-06-01 05:00:00+01:00,13.1,84,0.0,,233,7.4,14.8,1012.1,1,6,4
2026-06-01 06:00:00+01:00,13.5,84,0.0,,226,9.3,16.7,1011.7,4,7,4
2026-06-01 07:00:00+01:00,14.2,84,0.0,,218,9.3,18.5,1011.3,6,8,4
2026-06-01 08:00:00+01:00,14.7,83,0.2,,212,13.0,20.4,1010.9,7,8,4
2026-06-01 09:00:00+01:00,15.3,82,0.2,,207,13.0,22.2,1010.6,7,8,4
2026-06-01 10:00:00+01:00,15.7,80,0.2,,204,14.8,25.9,1010.2,7,8,7
2026-06-01 11:00:00+01:00,15.3,83,0.3,,197,18.5,31.5,1008.9,0,8,7
2026-06-01 12:00:00+01:00,15.9,83,0.3,,201,20.4,33.3,1008.2,0,8,7
2026-06-01 13:00:00+01:00,16.6,82,0.3,,202,20.4,35.2,1007.7,0,8,7
2026-06-01 14:00:00+01:00,17.1,82,0.6,,203,22.2,35.2,1007.1,0,8,7
2026-06-01 15:00:00+01:00,17.6,80,0.6,,204,22.2,35.2,1006.6,0,8,7
2026-06-01 16:00:00+01:00,17.6,81,0.6,,205,20.4,33.3,1006.0,0,8,7
2026-06-01 17:00:00+01:00,17.5,83,0.6,,203,18.5,31.5,1005.6,0,8,7
2026-06-01 18:00:00+01:00,17.4,83,0.6,,203,18.5,29.6,1005.0,0,8,7
2026-06-01 19:00:00+01:00,16.7,85,0.6,,204,14.8,27.8,1004.6,0,8,7
2026-06-01 20:00:00+01:00,16.5,85,0.5,,204,14.8,24.1,1004.1,0,8,7
2026-06-01 21:00:00+01:00,16.3,86,0.4,,208,11.1,20.4,1003.9,1,8,7
2026-06-01 22:00:00+01:00,16.0,87,0.4,,211,11.1,18.5,1003.4,0,8,7
2026-06-01 23:00:00+01:00,15.8,87,0.4,,213,9.3,16.7,1003.0,0,8,7
2026-06-02 00:00:00+01:00,15.6,88,0.4,,219,7.4,14.8,1002.5,0,8,7
2026-06-02 01:00:00+01:00,15.3,88,0.4,,225,7.4,14.8,1001.8,0,8,7
2026-06-02 02:00:00+01:00,15.0,90,0.6,,232,7.4,14.8,1001.2,0,8,7
2026-06-02 03:00:00+01:00,14.7,91,0.5,,233,7.4,14.8,1000.5,0,8,7
2026-06-02 04:00:00+01:00,14.5,92,0.5,,233,7.4,14.8,1000.1,0,8,7
2026-06-02 05:00:00+01:00,14.2,94,0.5,,232,7.4,14.8,999.6,1,8,7
2026-06-02 06:00:00+01:00,14.1,95,0.5,,233,7.4,14.8,999.4,3,8,7
2026-06-02 07:00:00+01:00,14.4,94,0.4,,229,9.3,18.5,999.2,8,8,7
2026-06-02 08:00:00+01:00,14.9,91,0.2,,228,11.1,20.4,999.2,11,8,7
2026-06-02 09:00:00+01:00,15.2,91,0.2,,230,11.1,22.2,999.2,14,8,7
2026-06-02 10:00:00+01:00,15.8,87,0.2,,230,13.0,24.1,999.2,15,8,7
2026-06-02 11:00:00+01:00,17.3,79,0.0,,231,13.0,22.2,998.4,18,7,4
2026-06-02 12:00:00+01:00,17.8,77,0.0,,233,13.0,22.2,998.3,19,7,4
2026-06-02 13:00:00+01:00,18.0,76,0.2,,237,13.0,24.1,998.4,20,8,7
2026-06-02 14:00:00+01:00,18.1,76,0.3,,242,13.0,24.1,998.5,19,8,7
2026-06-02 15:00:00+01:00,18.1,76,0.4,,249,13.0,24.1,998.7,19,8,7
2026-06-02 16:00:00+01:00,18.1,75,0.4,,254,13.0,24.1,998.8,20,7,7
2026-06-02 17:00:00+01:00,18.0,74,0.5,,258,13.0,25.9,999.0,18,7,7
2026-06-02 18:00:00+01:00,17.6,74,0.5,,260,13.0,24.1,999.3,16,7,7
2026-06-02 19:00:00+01:00,16.5,78,0.0,,260,14.8,25.9,999.7,16,6,4
2026-06-02 20:00:00+01:00,16.2,78,0.0,,260,13.0,24.1,999.8,14,6,4
2026-06-02 21:00:00+01:00,15.8,78,0.0,,259,13.0,24.1,1000.2,10,6,4
2026-06-02 22:00:00+01:00,15.1,80,0.0,,256,13.0,22.2,1000.5,5,5,4
2026-06-02 23:00:00+01:00,14.5,81,0.0,,254,11.1,22.2,1000.6,0,5,3
2026-06-03 00:00:00+01:00,13.8,82,0.0,,252,11.1,20.4,1000.8,0,5,3
2026-06-03 01:00:00+01:00,13.3,83,0.0,,249,11.1,20.4,1000.8,0,4,2
2026-06-03 02:00:00+01:00,12.8,84,0.0,,246,11.1,18.5,1000.6,0,3,2
2026-06-03 03:00:00+01:00,12.5,85,0.0,,242,9.3,18.5,1000.5,0,4,2
2026-06-03 04:00:00+01:00,12.3,85,0.0,,236,9.3,16.7,1000.5,0,3,2
2026-06-03 05:00:00+01:00,11.8,82,0.0,,239,9.3,18.5,1000.4,3,3,2
2026-06-03 06:00:00+01:00,12.5,82,0.0,,230,9.3,18.5,999.8,9,4,2
2026-06-03 07:00:00+01:00,13.5,81,0.0,,221,11.1,20.4,999.3,16,4,2
2026-06-03 08:00:00+01:00,14.3,78,0.0,,216,13.0,22.2,998.3,21,5,2
2026-06-03 09:00:00+01:00,15.1,76,0.0,,211,14.8,25.9,997.5,20,6,3
2026-06-03 10:00:00+01:00,15.7,72,0.0,,207,18.5,29.6,996.8,17,8,4
2026-06-03 11:00:00+01:00,15.9,71,0.2,,199,18.5,31.5,995.6,11,8,7
2026-06-03 12:00:00+01:00,16.0,72,0.2,,192,20.4,33.3,994.5,5,8,7
2026-06-03 13:00:00+01:00,16.0,74,0.2,,187,22.2,35.2,993.5,0,8,7
2026-06-03 14:00:00+01:00,16.1,76,0.5,,189,22.2,38.9,992.2,0,8,7
2026-06-03 15:00:00+01:00,16.4,75,0.5,,192,24.1,40.8,991.0,2,8,7
2026-06-03 16:00:00+01:00,16.5,75,0.5,,198,24.1,40.8,989.9,4,8,7
2026-06-03 17:00:00+01:00,16.4,74,0.5,,204,24.1,40.8,989.3,5,8,7
2026-06-03 18:00:00+01:00,16.3,72,0.5,,207,24.1,40.8,988.8,6,8,7
2026-06-03 19:00:00+01:00,15.9,72,0.4,,213,24.1,40.8,988.6,10,8,7
2026-06-03 20:00:00+01:00,15.3,73,0.2,,214,22.2,38.9,988.3,10,8,7
2026-06-03 21:00:00+01:00,14.7,75,0.2,,215,20.4,35.2,988.4,8,8,7
2026-06-03 22:00:00+01:00,14.2,76,0.2,,214,18.5,31.5,988.1,4,8,7
2026-06-03 23:00:00+01:00,13.8,77,0.2,,211,16.7,27.8,988.0,0,8,7
2026-06-04 00:00:00+01:00,13.6,78,0.2,,212,14.8,25.9,987.6,0,8,7
2026-06-04 01:00:00+01:00,13.5,78,0.2,,210,14.8,25.9,987.3,0,8,7
2026-06-04 02:00:00+01:00,13.2,80,0.2,,210,14.8,24.1,986.8,0,8,7
2026-06-04 03:00:00+01:00,13.2,80,0.0,,210,13.0,24.1,986.4,0,8,7
2026-06-04 04:00:00+01:00,13.0,82,0.2,,207,13.0,24.1,986.0,0,8,7
2026-06-04 05:00:00+01:00,12.8,82,0.3,,207,18.5,29.6,984.7,1,7,7
2026-06-04 06:00:00+01:00,13.0,84,0.3,,207,18.5,29.6,984.6,3,7,7
2026-06-04 07:00:00+01:00,13.6,82,0.3,,210,20.4,33.3,984.7,5,8,7
2026-06-04 08:00:00+01:00,13.9,79,0.1,,213,22.2,35.2,984.7,6,8,7
2026-06-04 09:00:00+01:00,14.3,77,0.1,,218,24.1,38.9,985.0,7,8,7
2026-06-04 10:00:00+01:00,14.5,75,0.1,,220,27.8,42.6,985.3,8,8,7
2026-06-04 11:00:00+01:00,14.6,75,0.1,,223,29.6,46.3,985.6,12,8,7
2026-06-04 12:00:00+01:00,14.7,75,0.1,,227,29.6,48.2,986.1,13,8,7
2026-06-04 13:00:00+01:00,14.9,76,0.1,,233,31.5,50.0,986.7,14,8,7
2026-06-04 14:00:00+01:00,15.1,75,0.3,,237,31.5,50.0,987.5,17,8,7
2026-06-04 15:00:00+01:00,15.3,73,0.3,,239,29.6,50.0,988.3,18,8,7
2026-06-04 16:00:00+01:00,15.4,72,0.3,,244,27.8,48.2,989.1,17,8,7
2026-06-04 17:00:00+01:00,15.2,73,0.3,,246,25.9,46.3,990.0,15,7,7
2026-06-04 18:00:00+01:00,15.0,72,0.3,,247,24.1,42.6,990.8,13,7,7
2026-06-04 19:00:00+01:00,14.6,72,0.3,,248,24.1,40.8,991.7,15,6,7
2026-06-04 20:00:00+01:00,14.2,71,0.0,,249,22.2,38.9,992.6,13,6,7
2026-06-04 21:00:00+01:00,13.8,72,0.0,,249,20.4,37.0,993.7,9,6,4
2026-06-04 22:00:00+01:00,13.4,74,0.0,,246,20.4,33.3,994.6,5,6,4
2026-06-04 23:00:00+01:00,13.1,74,0.0,,247,18.5,31.5,995.5,0,5,3
2026-06-05 00:00:00+01:00,12.8,76,0.0,,247,16.7,29.6,996.5,0,5,3
2026-06-05 01:00:00+01:00,12.4,77,0.0,,247,18.5,29.6,997.3,0,5,4
2026-06-05 02:00:00+01:00,12.1,78,0.0,,245,18.5,29.6,998.1,0,5,3
2026-06-05 03:00:00+01:00,11.9,77,0.0,,247,16.7,29.6,999.0,0,5,3
2026-06-05 04:00:00+01:00,11.5,78,0.0,,247,16.7,27.8,999.9,0,5,3
2026-06-05 05:00:00+01:00,10.7,76,0.0,,249,16.7,27.8,1001.2,1,5,3
2026-06-05 06:00:00+01:00,10.5,77,0.0,,246,16.7,27.8,1002.3,6,5,3
2026-06-05 07:00:00+01:00,11.1,74,0.0,,245,16.7,27.8,1003.2,15,4,2
2026-06-05 08:00:00+01:00,11.8,70,0.0,,244,18.5,31.5,1004.1,26,4,2
2026-06-05 09:00:00+01:00,12.8,66,0.0,,245,20.4,33.3,1004.9,32,4,2
2026-06-05 10:00:00+01:00,13.6,61,0.0,,245,22.2,35.2,1005.5,36,5,3
2026-06-05 11:00:00+01:00,14.3,58,0.0,,244,22.2,37.0,1006.0,36,5,3
2026-06-05 12:00:00+01:00,14.8,56,0.0,,240,22.2,37.0,1006.5,34,5,3
2026-06-05 13:00:00+01:00,15.2,55,0.0,,237,22.2,37.0,1006.9,29,6,3
2026-06-05 14:00:00+01:00,15.5,54,0.0,,233,22.2,37.0,1007.3,27,6,3
2026-06-05 15:00:00+01:00,15.7,54,0.0,,229,22.2,37.0,1007.6,24,6,3
2026-06-05 16:00:00+01:00,15.8,54,0.0,,226,22.2,37.0,1007.9,22,6,3
2026-06-05 17:00:00+01:00,15.6,54,0.0,,225,20.4,35.2,1008.1,22,5,3
2026-06-05 18:00:00+01:00,15.6,54,0.0,,224,20.4,33.3,1008.2,24,4,2
2026-06-05 19:00:00+01:00,15.3,55,0.0,,226,16.7,29.6,1008.5,26,4,2
2026-06-05 20:00:00+01:00,14.5,58,0.0,,225,13.0,24.1,1008.5,24,4,2
2026-06-05 21:00:00+01:00,13.6,63,0.0,,228,9.3,18.5,1008.6,16,4,2
2026-06-05 22:00:00+01:00,12.8,68,0.0,,231,7.4,13.0,1008.7,8,4,2
2026-06-05 23:00:00+01:00,12.4,67,0.0,,264,5.5,11.1,1008.8,0,4,2
2026-06-06 00:00:00+01:00,12.0,70,0.0,,311,5.5,11.1,1008.7,0,5,2
2026-06-06 01:00:00+01:00,11.6,73,0.0,,313,5.5,11.1,1008.4,0,4,2
2026-06-06 02:00:00+01:00,11.4,75,0.0,,324,5.5,11.1,1008.1,0,7,3
2026-06-06 03:00:00+01:00,11.3,76,0.0,,323,5.5,11.1,1007.6,0,7,4
2026-06-06 04:00:00+01:00,11.0,79,0.0,,331,5.5,11.1,1007.2,0,8,4
2026-06-06 05:00:00+01:00,11.1,78,0.0,,35,5.5,13.0,1006.7,0,8,4
2026-06-06 06:00:00+01:00,11.3,80,0.0,,89,5.5,13.0,1006.4,1,8,4
2026-06-06 07:00:00+01:00,11.7,80,0.0,,96,7.4,13.0,1006.0,1,8,4
2026-06-06 08:00:00+01:00,12.3,79,0.1,,102,7.4,14.8,1005.9,1,8,7
2026-06-06 09:00:00+01:00,12.7,78,0.1,,106,9.3,18.5,1005.6,1,8,7
2026-06-06 10:00:00+01:00,13.0,78,0.2,,111,13.0,22.2,1005.2,0,8,7
2026-06-06 11:00:00+01:00,13.3,79,0.2,,113,14.8,25.9,1004.9,0,8,7
2026-06-06 12:00:00+01:00,13.6,80,0.2,,113,16.7,27.8,1004.7,0,8,7
2026-06-06 13:00:00+01:00,14.1,80,0.2,,113,16.7,29.6,1004.4,0,8,7
2026-06-06 14:00:00+01:00,14.4,80,0.2,,114,16.7,29.6,1004.2,0,8,7
2026-06-06 15:00:00+01:00,14.8,79,0.2,,111,16.7,27.8,1004.1,0,8,7
2026-06-06 16:00:00+01:00,15.0,79,0.2,,109,16.7,27.8,1003.8,0,8,7
2026-06-06 17:00:00+01:00,15.1,80,0.3,,107,14.8,25.9,1003.9,1,8,7
2026-06-06 18:00:00+01:00,15.0,80,0.3,,102,13.0,24.1,1004.0,4,8,7
2026-06-06 19:00:00+01:00,14.8,81,0.0,,96,11.1,22.2,1004.3,8,7,4
2026-06-06 20:00:00+01:00,14.6,81,0.2,,82,9.3,20.4,1004.5,10,7,4
2026-06-06 21:00:00+01:00,14.2,83,0.1,,63,9.3,16.7,1005.1,7,7,4
2026-06-06 22:00:00+01:00,13.9,84,0.1,,17,7.4,14.8,1005.7,4,6,4
2026-06-06 23:00:00+01:00,12.6,88,0.0,,298,5.5,11.1,1006.1,0,6,4
2026-06-07 00:00:00+01:00,12.3,88,0.0,,262,7.4,13.0,1006.7,0,6,4
2026-06-07 01:00:00+01:00,12.1,88,0.0,,245,7.4,14.8,1007.4,0,5,3
2026-06-07 02:00:00+01:00,11.9,88,0.0,,242,9.3,16.7,1008.0,0,6,4
2026-06-07 03:00:00+01:00,11.9,85,0.0,,238,9.3,18.5,1008.5,0,6,4
2026-06-07 04:00:00+01:00,11.7,85,0.0,,237,11.1,20.4,1008.9,0,6,4
2026-06-07 05:00:00+01:00,11.8,83,0.0,,235,11.1,20.4,1009.4,3,6,4
2026-06-07 06:00:00+01:00,12.0,83,0.0,,228,11.1,20.4,1010.0,8,6,4
2026-06-07 07:00:00+01:00,12.8,82,0.0,,226,13.0,22.2,1010.5,15,6,4
2026-06-07 08:00:00+01:00,13.8,78,0.0,,221,16.7,27.8,1010.8,19,6,3
2026-06-07 09:00:00+01:00,14.8,76,0.0,,220,20.4,31.5,1011.0,21,6,3
2026-06-07 10:00:00+01:00,15.6,73,0.0,,218,22.2,37.0,1011.1,20,7,3
2026-06-07 11:00:00+01:00,16.5,70,0.0,,219,25.9,40.8,1011.3,21,6,3
2026-06-07 12:00:00+01:00,17.1,66,0.0,,219,27.8,44.5,1011.5,20,7,4
2026-06-07 13:00:00+01:00,17.5,63,0.0,,219,29.6,48.2,1011.7,20,6,4
2026-06-07 14:00:00+01:00,17.6,62,0.0,,218,31.5,50.0,1011.9,20,6,4
2026-06-07 15:00:00+01:00,17.8,61,0.0,,217,31.5,51.8,1012.0,17,6,4
2026-06-07 16:00:00+01:00,17.6,62,0.0,,216,33.3,51.8,1012.2,13,7,4
2026-06-07 17:00:00+01:00,17.1,64,0.0,,218,31.5,50.0,1012.3,10,7,4
2026-06-07 18:00:00+01:00,16.8,66,0.1,,216,29.6,48.2,1012.1,7,7,7
2026-06-07 19:00:00+01:00,16.2,68,0.1,,215,25.9,44.5,1012.1,4,8,7
2026-06-07 20:00:00+01:00,16.0,68,0.3,,213,24.1,40.8,1011.9,3,8,7
2026-06-07 21:00:00+01:00,15.5,71,0.2,,211,20.4,35.2,1011.8,2,8,7
2026-06-07 22:00:00+01:00,15.2,73,0.3,,209,18.5,31.5,1011.6,1,8,7
2026-06-07 23:00:00+01:00,15.4,73,0.1,,203,18.5,29.6,1010.8,0,8,7
2026-06-08 00:00:00+01:00,15.0,74,0.1,,204,16.7,27.8,1010.3,0,8,7
2026-06-08 01:00:00+01:00,14.7,76,0.1,,203,16.7,27.8,1009.9,0,8,7
2026-06-08 02:00:00+01:00,14.4,77,0.4,,204,14.8,25.9,1009.1,0,8,7
2026-06-08 03:00:00+01:00,14.2,78,0.4,,202,14.8,24.1,1008.4,0,8,7
2026-06-08 04:00:00+01:00,13.8,81,0.4,,200,13.0,22.2,1007.9,0,8,7
2026-06-08 05:00:00+01:00,13.5,80,0.4,,204,11.1,20.4,1007.7,0,8,7
2026-06-08 06:00:00+01:00,13.3,82,0.4,,211,11.1,20.4,1007.7,0,8,7
2026-06-08 07:00:00+01:00,13.2,83,0.4,,222,13.0,22.2,1007.8,2,8,7
2026-06-08 08:00:00+01:00,13.3,80,0.1,,226,13.0,22.2,1008.2,5,8,7
2026-06-08 09:00:00+01:00,13.4,78,0.1,,235,14.8,24.1,1008.7,11,7,7
2026-06-08 10:00:00+01:00,13.6,74,0.1,,242,14.8,25.9,1009.0,17,7,7
2026-06-08 11:00:00+01:00,14.2,68,0.0,,249,16.7,29.6,1009.0,23,6,4
2026-06-08 12:00:00+01:00,14.7,64,0.0,,253,16.7,29.6,1009.0,28,5,4
2026-06-08 13:00:00+01:00,15.3,59,0.0,,256,18.5,31.5,1009.1,31,5,3
2026-06-08 14:00:00+01:00,15.6,56,0.0,,258,18.5,31.5,1009.1,33,4,2
2026-06-08 15:00:00+01:00,15.9,54,0.0,,259,18.5,31.5,1009.2,34,4,2
2026-06-08 16:00:00+01:00,16.0,53,0.0,,257,18.5,31.5,1009.5,36,4,2
2026-06-08 17:00:00+01:00,16.4,50,0.0,,255,16.7,29.6,1009.1,40,3,2
2026-06-08 18:00:00+01:00,16.2,49,0.0,,253,16.7,29.6,1009.1,42,2,1
2026-06-08 19:00:00+01:00,14.5,56,0.0,,250,14.8,27.8,1009.2,40,2,1
2026-06-08 20:00:00+01:00,14.1,56,0.0,,247,13.0,24.1,1009.2,34,2,1
2026-06-08 21:00:00+01:00,13.0,61,0.0,,246,11.1,22.2,1009.3,23,2,1
2026-06-08 22:00:00+01:00,12.1,66,0.0,,240,9.3,18.5,1009.4,11,2,1
2026-06-08 23:00:00+01:00,11.3,70,0.0,,239,9.3,16.7,1009.3,0,2,1
2026-06-09 00:00:00+01:00,10.5,74,0.0,,235,9.3,16.7,1009.2,0,3,1
2026-06-09 01:00:00+01:00,10.2,75,0.0,,232,7.4,16.7,1009.0,0,3,1
2026-06-09 02:00:00+01:00,10.0,77,0.0,,232,7.4,16.7,1008.6,0,3,2
2026-06-09 03:00:00+01:00,9.6,79,0.0,,233,7.4,16.7,1008.2,0,4,2
2026-06-09 04:00:00+01:00,9.5,80,0.0,,231,7.4,14.8,1007.9,0,5,2
2026-06-09 05:00:00+01:00,9.5,82,0.0,,230,7.4,14.8,1007.7,2,5,2
2026-06-09 06:00:00+01:00,9.9,82,0.0,,226,7.4,16.7,1007.7,7,5,3
2026-06-09 07:00:00+01:00,10.7,80,0.0,,225,11.1,18.5,1007.7,13,5,2
2026-06-09 08:00:00+01:00,11.6,76,0.0,,224,13.0,24.1,1007.6,20,5,2
2026-06-09 09:00:00+01:00,12.4,72,0.0,,226,16.7,27.8,1007.5,27,5,3
2026-06-09 10:00:00+01:00,13.0,68,0.0,,228,18.5,31.5,1007.6,32,5,3
2026-06-09 11:00:00+01:00,13.7,63,0.0,,229,20.4,33.3,1007.5,34,6,4
2026-06-09 12:00:00+01:00,14.0,61,0.0,,229,20.4,35.2,1007.4,33,5,4
2026-06-09 13:00:00+01:00,14.2,60,0.0,,228,22.2,37.0,1007.4,31,5,4
2026-06-09 14:00:00+01:00,14.3,59,0.0,,226,22.2,38.9,1007.3,29,5,7
2026-06-09 15:00:00+01:00,14.4,59,0.0,,227,22.2,38.9,1007.3,27,6,7
2026-06-09 16:00:00+01:00,14.0,60,0.0,,231,22.2,37.0,1007.4,26,6,7
2026-06-09 17:00:00+01:00,14.1,59,0.1,,241,18.5,33.3,1006.5,24,5,7
2026-06-09 18:00:00+01:00,13.4,62,0.1,,245,16.7,31.5,1006.8,23,5,7
2026-06-09 19:00:00+01:00,12.4,66,0.1,,251,16.7,29.6,1007.2,20,6,7
2026-06-09 20:00:00+01:00,11.6,70,0.0,,256,14.8,27.8,1007.6,16,4,3
2026-06-09 21:00:00+01:00,10.9,74,0.0,,260,14.8,25.9,1008.1,11,4,2
2026-06-09 22:00:00+01:00,10.4,76,0.0,,262,13.0,24.1,1008.7,6,3,2
2026-06-09 23:00:00+01:00,9.8,78,0.0,,266,13.0,22.2,1009.2,0,2,2
2026-06-10 00:00:00+01:00,9.3,80,0.0,,265,13.0,22.2,1009.6,0,2,2
2026-06-10 01:00:00+01:00,9.1,79,0.0,,263,13.0,20.4,1010.0,0,2,1
2026-06-10 02:00:00+01:00,8.7,80,0.0,,263,11.1,20.4,1010.2,0,2,1
2026-06-10 03:00:00+01:00,8.3,82,0.0,,261,11.1,20.4,1010.3,0,3,1
2026-06-10 04:00:00+01:00,8.1,82,0.0,,257,9.3,18.5,1010.4,0,4,2
2026-06-10 05:00:00+01:00,8.0,84,0.0,,254,9.3,16.7,1010.7,3,4,2
2026-06-10 06:00:00+01:00,8.4,84,0.0,,250,9.3,18.5,1011.1,9,4,2
2026-06-10 07:00:00+01:00,9.4,81,0.0,,244,11.1,18.5,1011.3,17,3,2
2026-06-10 08:00:00+01:00,10.7,75,0.0,,242,11.1,20.4,1011.6,25,4,2
2026-06-10 09:00:00+01:00,11.6,72,0.0,,244,14.8,24.1,1011.8,32,5,2
2026-06-10 10:00:00+01:00,12.5,66,0.0,,246,14.8,25.9,1011.9,35,6,3
2026-06-10 11:00:00+01:00,13.2,63,0.0,,247,14.8,25.9,1012.0,33,6,4
2026-06-10 12:00:00+01:00,13.6,61,0.0,,246,14.8,25.9,1012.1,29,7,4
2026-06-10 13:00:00+01:00,13.7,61,0.0,,248,14.8,25.9,1012.1,24,7,4
2026-06-10 14:00:00+01:00,13.8,61,0.0,,246,14.8,25.9,1012.4,21,7,7
2026-06-10 15:00:00+01:00,13.8,62,0.0,,247,13.0,25.9,1012.7,18,7,7
2026-06-10 16:00:00+01:00,13.7,62,0.0,,249,13.0,25.9,1013.1,18,7,7
2026-06-10 17:00:00+01:00,13.4,66,0.3,,253,13.0,25.9,1012.7,18,6,7
2026-06-10 18:00:00+01:00,13.0,68,0.1,,253,13.0,25.9,1013.2,22,6,7
2026-06-10 19:00:00+01:00,12.4,71,0.1,,250,13.0,24.1,1013.6,23,5,7
2026-06-10 20:00:00+01:00,11.6,74,0.0,,249,11.1,22.2,1013.9,22,4,2
2026-06-10 21:00:00+01:00,10.6,80,0.0,,248,9.3,18.5,1014.3,16,4,2
2026-06-10 22:00:00+01:00,9.4,86,0.0,,246,9.3,18.5,1014.5,9,3,2
2026-06-10 23:00:00+01:00,8.6,88,0.0,,249,9.3,16.7,1014.8,0,3,2
2026-06-11 00:00:00+01:00,7.9,90,0.0,,250,9.3,16.7,1015.1,0,3,1
2026-06-11 01:00:00+01:00,7.3,92,0.0,,247,9.3,16.7,1015.1,0,3,1
2026-06-11 02:00:00+01:00,6.8,94,0.0,,246,9.3,16.7,1015.0,0,3,1
2026-06-11 03:00:00+01:00,6.5,94,0.0,,245,9.3,16.7,1014.7,0,3,1
2026-06-11 04:00:00+01:00,6.3,95,0.0,,242,9.3,16.7,1014.6,0,3,2
2026-06-11 05:00:00+01:00,6.7,94,0.0,,235,7.4,16.7,1014.5,2,4,2
2026-06-11 06:00:00+01:00,7.5,93,0.0,,227,7.4,14.8,1014.4,5,4,2
2026-06-11 07:00:00+01:00,8.5,92,0.0,,219,9.3,16.7,1014.3,7,5,2
2026-06-11 08:00:00+01:00,9.7,89,0.0,,211,9.3,18.5,1014.0,11,6,4
2026-06-11 09:00:00+01:00,10.6,87,0.5,,206,11.1,20.4,1013.6,9,7,7
2026-06-11 10:00:00+01:00,11.2,86,0.6,,200,13.0,24.1,1013.1,6,8,7
2026-06-11 11:00:00+01:00,12.1,85,0.2,,186,14.8,25.9,1012.8,0,8,7
2026-06-11 12:00:00+01:00,12.2,86,0.3,,185,16.7,27.8,1012.1,0,8,7
2026-06-11 13:00:00+01:00,12.3,88,0.4,,185,16.7,27.8,1011.4,0,8,7
2026-06-11 14:00:00+01:00,12.5,88,0.4,,186,16.7,29.6,1010.7,0,8,7
2026-06-11 15:00:00+01:00,12.4,91,0.2,,186,16.7,29.6,1010.1,0,8,7
2026-06-11 16:00:00+01:00,12.9,92,0.2,,192,16.7,29.6,1009.6,0,8,7
2026-06-11 17:00:00+01:00,13.4,93,0.1,,194,16.7,29.6,1009.3,0,8,7
2026-06-11 18:00:00+01:00,13.7,92,0.1,,202,16.7,27.8,1009.2,0,8,7
2026-06-11 19:00:00+01:00,13.9,90,0.1,,212,16.7,27.8,1009.2,0,8,7
2026-06-11 20:00:00+01:00,14.0,88,0.0,,222,14.8,25.9,1009.3,1,8,7
2026-06-11 21:00:00+01:00,13.9,87,0.0,,227,13.0,24.1,1009.8,1,8,7
2026-06-11 22:00:00+01:00,13.5,88,0.0,,231,13.0,24.1,1010.2,1,8,4
2026-06-11 23:00:00+01:00,13.2,87,0.0,,234,13.0,24.1,1010.5,0,8,4
2026-06-12 00:00:00+01:00,12.6,88,0.0,,237,13.0,22.2,1010.7,0,7,4
2026-06-12 01:00:00+01:00,12.1,88,0.0,,239,13.0,24.1,1011.0,0,6,4
2026-06-12 02:00:00+01:00,11.6,90,0.0,,243,13.0,22.2,1011.0,0,6,4
2026-06-12 03:00:00+01:00,11.1,90,0.0,,246,13.0,24.1,1011.3,0,7,4
2026-06-12 04:00:00+01:00,10.7,90,0.0,,245,13.0,22.2,1011.5,0,7,4
2026-06-12 05:00:00+01:00,10.9,90,0.0,,243,13.0,22.2,1011.6,3,6,4
2026-06-12 06:00:00+01:00,11.6,86,0.0,,241,13.0,22.2,1011.9,7,6,4
2026-06-12 07:00:00+01:00,12.2,85,0.0,,239,13.0,24.1,1012.2,13,7,4
2026-06-12 08:00:00+01:00,13.2,80,0.0,,241,14.8,25.9,1012.2,16,6,4
2026-06-12 09:00:00+01:00,13.9,79,0.0,,241,16.7,27.8,1012.4,21,6,4
2026-06-12 10:00:00+01:00,14.8,78,0.0,,242,18.5,31.5,1012.4,21,6,4
2026-06-12 11:00:00+01:00,15.5,68,0.0,,249,20.4,35.2,1012.4,20,7,4
2026-06-12 12:00:00+01:00,16.1,67,0.0,,253,22.2,37.0,1012.4,21,6,4
2026-06-12 13:00:00+01:00,16.7,66,0.0,,254,24.1,40.8,1012.3,26,6,4
2026-06-12 14:00:00+01:00,17.2,63,0.0,,257,24.1,42.6,1012.3,27,6,4
2026-06-12 15:00:00+01:00,17.5,62,0.0,,258,25.9,44.5,1012.2,30,6,4
2026-06-12 16:00:00+01:00,17.4,60,0.0,,261,27.8,46.3,1012.3,34,5,4
2026-06-12 17:00:00+01:00,17.1,59,0.0,,261,27.8,48.2,1012.7,35,5,3
2026-06-12 18:00:00+01:00,16.3,60,0.0,,259,27.8,46.3,1013.2,35,4,3
2026-06-12 19:00:00+01:00,15.3,63,0.0,,258,25.9,44.5,1013.6,32,4,2
2026-06-12 20:00:00+01:00,14.4,64,0.0,,256,22.2,40.8,1013.7,27,3,2
2026-06-12 21:00:00+01:00,13.3,69,0.0,,249,20.4,35.2,1014.0,18,4,2
2026-06-12 22:00:00+01:00,12.4,73,0.0,,245,18.5,33.3,1014.0,9,4,2
2026-06-12 23:00:00+01:00,11.6,76,0.0,,242,16.7,29.6,1014.1,0,4,2
2026-06-13 00:00:00+01:00,11.0,78,0.0,,241,16.7,27.8,1014.1,0,5,2
2026-06-13 01:00:00+01:00,10.7,80,0.0,,240,16.7,29.6,1014.0,0,5,4
2026-06-13 02:00:00+01:00,10.3,83,0.0,,241,16.7,27.8,1014.0,0,6,4
2026-06-13 03:00:00+01:00,10.1,84,0.0,,242,16.7,27.8,1014.0,0,6,4
2026-06-13 04:00:00+01:00,9.9,87,0.0,,242,16.7,27.8,1014.0,0,6,4
2026-06-13 05:00:00+01:00,10.2,86,0.0,,245,16.7,29.6,1013.9,4,5,4
2026-06-13 06:00:00+01:00,10.9,83,0.0,,251,18.5,31.5,1014.2,11,5,3
2026-06-13 07:00:00+01:00,11.6,79,0.0,,254,20.4,35.2,1014.5,20,6,3
2026-06-13 08:00:00+01:00,12.6,74,0.0,,260,24.1,38.9,1014.8,31,6,3
2026-06-13 09:00:00+01:00,13.4,69,0.0,,265,25.9,42.6,1015.3,39,5,3
2026-06-13 10:00:00+01:00,14.2,65,0.0,,268,29.6,46.3,1015.7,41,5,3
2026-06-13 11:00:00+01:00,15.3,59,0.0,,270,29.6,46.3,1015.7,40,6,3
2026-06-13 12:00:00+01:00,15.7,59,0.0,,272,29.6,48.2,1015.7,39,6,3
2026-06-13 13:00:00+01:00,15.9,58,0.0,,270,31.5,51.8,1015.8,41,6,4
2026-06-13 14:00:00+01:00,15.9,58,0.0,,268,31.5,53.7,1015.9,38,7,4
2026-06-13 15:00:00+01:00,15.8,58,0.0,,268,31.5,53.7,1016.0,36,6,4
2026-06-13 16:00:00+01:00,15.6,58,0.0,,270,31.5,53.7,1016.2,33,6,4
2026-06-13 17:00:00+01:00,15.3,60,0.0,,269,29.6,51.8,1016.2,30,6,4
2026-06-13 18:00:00+01:00,14.6,62,0.0,,267,29.6,50.0,1016.4,27,5,4
2026-06-13 19:00:00+01:00,13.9,66,0.0,,267,25.9,48.2,1016.5,26,5,4
2026-06-13 20:00:00+01:00,13.3,68,0.0,,267,24.1,42.6,1016.7,21,4,2
2026-06-13 21:00:00+01:00,12.5,72,0.0,,265,22.2,38.9,1017.0,14,4,2
2026-06-13 22:00:00+01:00,11.7,75,0.0,,265,20.4,35.2,1017.3,8,3,2
2026-06-13 23:00:00+01:00,11.1,78,0.0,,266,18.5,31.5,1017.7,0,3,2
2026-06-14 00:00:00+01:00,10.6,80,0.0,,270,18.5,31.5,1018.1,0,3,2
2026-06-14 01:00:00+01:00,10.3,81,0.0,,270,16.7,29.6,1018.4,0,4,2
2026-06-14 02:00:00+01:00,9.9,84,0.0,,272,14.8,25.9,1018.5,0,4,2
2026-06-14 03:00:00+01:00,9.5,86,0.0,,275,14.8,24.1,1018.7,0,4,2
2026-06-14 04:00:00+01:00,9.3,87,0.0,,276,13.0,24.1,1018.8,0,4,2
2026-06-14 05:00:00+01:00,8.4,88,0.0,,278,13.0,22.2,1019.5,4,3,2
2026-06-14 06:00:00+01:00,9.4,86,0.0,,277,13.0,22.2,1019.6,15,2,2
2026-06-14 07:00:00+01:00,10.9,81,0.0,,278,13.0,22.2,1019.7,25,3,1
2026-06-14 08:00:00+01:00,12.0,76,0.0,,286,13.0,24.1,1019.8,32,3,2
2026-06-14 09:00:00+01:00,13.0,72,0.0,,297,14.8,25.9,1019.9,30,6,2
2026-06-14 10:00:00+01:00,14.0,67,0.0,,315,14.8,25.9,1019.9,24,7,4
2026-06-14 11:00:00+01:00,14.7,64,0.0,,334,14.8,25.9,1020.0,18,8,4
2026-06-14 12:00:00+01:00,14.7,65,0.0,,349,16.7,27.8,1020.2,16,8,4
2026-06-14 13:00:00+01:00,15.0,64,0.0,,358,16.7,29.6,1020.4,17,8,4
2026-06-14 14:00:00+01:00,15.0,65,0.0,,4,16.7,29.6,1020.6,18,7,4
2026-06-14 15:00:00+01:00,15.2,64,0.0,,12,14.8,27.8,1020.7,20,7,4
2026-06-14 16:00:00+01:00,15.1,63,0.0,,16,14.8,27.8,1020.9,23,6,4
2026-06-14 17:00:00+01:00,14.9,63,0.0,,24,14.8,27.8,1020.8,27,5,4
2026-06-14 18:00:00+01:00,14.5,65,0.0,,34,13.0,25.9,1020.9,32,5,2
2026-06-14 19:00:00+01:00,13.6,68,0.0,,40,11.1,24.1,1021.0,34,4,2
2026-06-14 20:00:00+01:00,12.6,72,0.0,,39,9.3,20.4,1020.9,29,3,2
2026-06-14 21:00:00+01:00,11.3,78,0.0,,34,7.4,16.7,1020.8,21,3,2
2026-06-14 22:00:00+01:00,10.5,82,0.0,,21,5.5,14.8,1020.6,10,4,2
2026-06-14 23:00:00+01:00,9.7,84,0.0,,356,5.5,13.0,1020.6,0,4,2
2026-06-15 00:00:00+01:00,9.0,87,0.0,,340,5.5,13.0,1020.4,0,4,2
2026-06-15 01:00:00+01:00,8.8,87,0.0,,326,5.5,13.0,1020.1,0,5,4
2026-06-15 02:00:00+01:00,8.4,88,0.0,,308,5.5,13.0,1019.8,0,6,4
2026-06-15 03:00:00+01:00,8.2,90,0.0,,303,5.5,13.0,1019.5,0,6,4
2026-06-15 04:00:00+01:00,8.1,90,0.0,,307,5.5,13.0,1019.1,0,7,4
2026-06-15 05:00:00+01:00,8.5,90,0.0,,316,5.5,11.1,1018.8,2,8,4
2026-06-15 06:00:00+01:00,9.3,88,0.0,,330,5.5,11.1,1018.5,6,7,4
2026-06-15 07:00:00+01:00,10.2,84,0.0,,343,5.5,11.1,1018.3,11,8,4
2026-06-15 08:00:00+01:00,10.8,80,0.0,,28,5.5,11.1,1018.2,13,8,4
2026-06-15 09:00:00+01:00,11.1,75,0.0,,74,5.5,13.0,1017.9,15,8,4
2026-06-15 10:00:00+01:00,11.3,74,0.0,,81,7.4,14.8,1017.6,17,8,4
2026-06-15 11:00:00+01:00,11.9,71,0.0,,86,7.4,14.8,1017.2,18,8,4
2026-06-15 12:00:00+01:00,12.3,70,0.0,,86,9.3,16.7,1016.8,20,8,4
2026-06-15 13:00:00+01:00,12.9,68,0.0,,89,11.1,20.4,1016.3,24,7,4
2026-06-15 14:00:00+01:00,13.3,67,0.0,,89,13.0,24.1,1015.8,23,7,4
2026-06-15 15:00:00+01:00,13.3,68,0.0,,88,14.8,25.9,1015.4,27,7,4
2026-06-15 16:00:00+01:00,13.3,69,0.0,,88,16.7,27.8,1014.8,27,6,4
2026-06-15 17:00:00+01:00,12.9,70,0.0,,86,16.7,27.8,1014.6,27,6,4
2026-06-15 18:00:00+01:00,12.4,72,0.0,,86,14.8,27.8,1014.3,24,6,4
2026-06-15 19:00:00+01:00,11.6,76,0.0,,84,14.8,25.9,1014.2,19,7,4
2026-06-15 20:00:00+01:00,11.2,77,0.0,,80,13.0,24.1,1013.9,14,7,4
2026-06-15 21:00:00+01:00,10.7,82,0.0,,75,11.1,22.2,1013.6,8,8,4
2026-06-15 22:00:00+01:00,10.2,86,0.5,,72,11.1,18.5,1013.4,3,8,7
2026-06-15 23:00:00+01:00,10.0,89,0.2,,69,9.3,16.7,1013.4,0,8,7
